Structure hypothesis: cbam_flat_projection64; author equivalence is unverified.
Device: cuda:0
GPU IDs: [0]
CPU threads (intra/inter-op): 2/1
TF32/cudnn_benchmark: no/no
MALLOC_ARENA_MAX env: <unset> | mallopt target: 2
Train dir: /home/nis/jinrui.yang/EaBNet_light/logs_cbam_flat_projection64/overfit8_lr3e4_20260924_161645/dataset
Val dir: /home/nis/jinrui.yang/EaBNet_light/logs_cbam_flat_projection64/overfit8_lr3e4_20260924_161645/dataset
Checkpoint dir: /home/nis/jinrui.yang/EaBNet_light/logs_cbam_flat_projection64/overfit8_lr3e4_20260924_161645/checkpoints
Best model dir: /home/nis/jinrui.yang/EaBNet_light/logs_cbam_flat_projection64/overfit8_lr3e4_20260924_161645/best
TensorBoard log dir: /home/nis/jinrui.yang/EaBNet_light/logs_cbam_flat_projection64/overfit8_lr3e4_20260924_161645/logs
DataLoader config: workers=0, pin_memory=False, persistent_workers=False, prefetch_factor=N/A, strict_memory=yes, segment_samples=0, parallel_mode=none
/home/nis/jinrui.yang/EaBNet_light/train_light.py:777: FutureWarning: You are using `torch.load` with `weights_only=False` (the current default value), which uses the default pickle module implicitly. It is possible to construct malicious pickle data which will execute arbitrary code during unpickling (See https://github.com/pytorch/pytorch/blob/main/SECURITY.md#untrusted-models for more details). In a future release, the default value for `weights_only` will be flipped to `True`. This limits the functions that could be executed during unpickling. Arbitrary objects will no longer be allowed to be loaded via this mode unless they are explicitly allowlisted by the user via `torch.serialization.add_safe_globals`. We recommend you start setting `weights_only=True` for any use case where you don't have full control of the loaded file. Please open an issue on GitHub for any issues related to this experimental feature.
  checkpoint = torch.load(checkpoint_path, map_location=device)
Resumed from /home/nis/jinrui.yang/EaBNet_light/logs_cbam_flat_projection64/overfit8_lr3e4_20260924_161645/checkpoints/checkpoint_latest.pt at epoch 0, best_val_loss=inf
Training samples: 8
Validation samples: 8

Epoch 1/200

train:   0%|          | 0/4 [00:00<?, ?it/s]
train:   0%|          | 0/4 [00:00<?, ?it/s, loss=0.0206]
train:  25%|██▌       | 1/4 [00:00<00:01,  2.12it/s, loss=0.0206]
train:  25%|██▌       | 1/4 [00:00<00:01,  2.12it/s, loss=0.0271]
train:  50%|█████     | 2/4 [00:00<00:00,  3.49it/s, loss=0.0271]
train:  50%|█████     | 2/4 [00:00<00:00,  3.49it/s, loss=0.0208]
train:  75%|███████▌  | 3/4 [00:00<00:00,  4.42it/s, loss=0.0208]
train:  75%|███████▌  | 3/4 [00:00<00:00,  4.42it/s, loss=0.0336]
train: 100%|██████████| 4/4 [00:00<00:00,  5.07it/s, loss=0.0336]
                                                                 
[PERF][train] samples(local/global)=8/8, batches(local/global)=4/4, samples/s(local/global)=8.5/8.5, ms/batch(local)=234.2, data_wait=1.6%, compute=98.3%, non_finite_skips(local)=0

val:   0%|          | 0/4 [00:00<?, ?it/s]
val:   0%|          | 0/4 [00:00<?, ?it/s, loss=0.0206]
val:   0%|          | 0/4 [00:00<?, ?it/s, loss=0.0226]
val:   0%|          | 0/4 [00:00<?, ?it/s, loss=0.0245]
val:  75%|███████▌  | 3/4 [00:00<00:00, 21.56it/s, loss=0.0245]
val:  75%|███████▌  | 3/4 [00:00<00:00, 21.56it/s, loss=0.0330]
                                                               
[PERF][val] samples(local/global)=8/8, batches(local/global)=4/4, samples/s(local/global)=43.2/43.2, ms/batch(local)=46.3, data_wait=5.9%, compute=94.1%, non_finite_skips(local)=0
[MEM] epoch=1 RAM(before/after)=580.5/1421.4MB | GPU mem: gpu0 alloc=24.8MB resv=7092.0MB peak=5388.2MB
Epoch 1: train_loss=0.025512, val_loss=0.025192, lr=0.00030000
Updated best model: /home/nis/jinrui.yang/EaBNet_light/logs_cbam_flat_projection64/overfit8_lr3e4_20260924_161645/best/best_model.pt (val_loss=0.025192)

Epoch 2/200

train:   0%|          | 0/4 [00:00<?, ?it/s]
train:   0%|          | 0/4 [00:00<?, ?it/s, loss=0.0267]
train:  25%|██▌       | 1/4 [00:00<00:00,  6.43it/s, loss=0.0267]
train:  25%|██▌       | 1/4 [00:00<00:00,  6.43it/s, loss=0.0331]
train:  50%|█████     | 2/4 [00:00<00:00,  6.47it/s, loss=0.0331]
train:  50%|█████     | 2/4 [00:00<00:00,  6.47it/s, loss=0.0225]
train:  75%|███████▌  | 3/4 [00:00<00:00,  6.48it/s, loss=0.0225]
train:  75%|███████▌  | 3/4 [00:00<00:00,  6.48it/s, loss=0.0186]
train: 100%|██████████| 4/4 [00:00<00:00,  6.50it/s, loss=0.0186]
                                                                 
[PERF][train] samples(local/global)=8/8, batches(local/global)=4/4, samples/s(local/global)=13.0/13.0, ms/batch(local)=154.4, data_wait=1.9%, compute=98.0%, non_finite_skips(local)=0

val:   0%|          | 0/4 [00:00<?, ?it/s]
val:   0%|          | 0/4 [00:00<?, ?it/s, loss=0.0204]
val:   0%|          | 0/4 [00:00<?, ?it/s, loss=0.0220]
val:   0%|          | 0/4 [00:00<?, ?it/s, loss=0.0240]
val:  75%|███████▌  | 3/4 [00:00<00:00, 21.79it/s, loss=0.0240]
val:  75%|███████▌  | 3/4 [00:00<00:00, 21.79it/s, loss=0.0326]
                                                               
[PERF][val] samples(local/global)=8/8, batches(local/global)=4/4, samples/s(local/global)=43.1/43.1, ms/batch(local)=46.4, data_wait=5.7%, compute=93.9%, non_finite_skips(local)=0
[MEM] epoch=2 RAM(before/after)=1422.2/1415.6MB | GPU mem: gpu0 alloc=24.8MB resv=7092.0MB peak=5388.2MB
Epoch 2: train_loss=0.025244, val_loss=0.024779, lr=0.00030000
Updated best model: /home/nis/jinrui.yang/EaBNet_light/logs_cbam_flat_projection64/overfit8_lr3e4_20260924_161645/best/best_model.pt (val_loss=0.024779)

Epoch 3/200

train:   0%|          | 0/4 [00:00<?, ?it/s]
train:   0%|          | 0/4 [00:00<?, ?it/s, loss=0.0420]
train:  25%|██▌       | 1/4 [00:00<00:00,  6.35it/s, loss=0.0420]
train:  25%|██▌       | 1/4 [00:00<00:00,  6.35it/s, loss=0.0255]
train:  50%|█████     | 2/4 [00:00<00:00,  6.42it/s, loss=0.0255]
train:  50%|█████     | 2/4 [00:00<00:00,  6.42it/s, loss=0.0204]
train:  75%|███████▌  | 3/4 [00:00<00:00,  6.46it/s, loss=0.0204]
train:  75%|███████▌  | 3/4 [00:00<00:00,  6.46it/s, loss=0.0111]
train: 100%|██████████| 4/4 [00:00<00:00,  6.47it/s, loss=0.0111]
                                                                 
[PERF][train] samples(local/global)=8/8, batches(local/global)=4/4, samples/s(local/global)=12.9/12.9, ms/batch(local)=155.0, data_wait=2.4%, compute=97.6%, non_finite_skips(local)=0

val:   0%|          | 0/4 [00:00<?, ?it/s]
val:   0%|          | 0/4 [00:00<?, ?it/s, loss=0.0204]
val:   0%|          | 0/4 [00:00<?, ?it/s, loss=0.0213]
val:   0%|          | 0/4 [00:00<?, ?it/s, loss=0.0234]
val:  75%|███████▌  | 3/4 [00:00<00:00, 21.81it/s, loss=0.0234]
val:  75%|███████▌  | 3/4 [00:00<00:00, 21.81it/s, loss=0.0324]
                                                               
[PERF][val] samples(local/global)=8/8, batches(local/global)=4/4, samples/s(local/global)=43.5/43.5, ms/batch(local)=45.9, data_wait=5.1%, compute=94.9%, non_finite_skips(local)=0
[MEM] epoch=3 RAM(before/after)=1415.7/1424.5MB | GPU mem: gpu0 alloc=24.8MB resv=7092.0MB peak=5388.2MB
Epoch 3: train_loss=0.024738, val_loss=0.024383, lr=0.00030000
Updated best model: /home/nis/jinrui.yang/EaBNet_light/logs_cbam_flat_projection64/overfit8_lr3e4_20260924_161645/best/best_model.pt (val_loss=0.024383)

Epoch 4/200

train:   0%|          | 0/4 [00:00<?, ?it/s]
train:   0%|          | 0/4 [00:00<?, ?it/s, loss=0.0132]
train:  25%|██▌       | 1/4 [00:00<00:00,  6.52it/s, loss=0.0132]
train:  25%|██▌       | 1/4 [00:00<00:00,  6.52it/s, loss=0.0174]
train:  50%|█████     | 2/4 [00:00<00:00,  6.50it/s, loss=0.0174]
train:  50%|█████     | 2/4 [00:00<00:00,  6.50it/s, loss=0.0483]
train:  75%|███████▌  | 3/4 [00:00<00:00,  6.50it/s, loss=0.0483]
train:  75%|███████▌  | 3/4 [00:00<00:00,  6.50it/s, loss=0.0194]
train: 100%|██████████| 4/4 [00:00<00:00,  6.50it/s, loss=0.0194]
                                                                 
[PERF][train] samples(local/global)=8/8, batches(local/global)=4/4, samples/s(local/global)=13.0/13.0, ms/batch(local)=153.8, data_wait=1.7%, compute=98.3%, non_finite_skips(local)=0

val:   0%|          | 0/4 [00:00<?, ?it/s]
val:   0%|          | 0/4 [00:00<?, ?it/s, loss=0.0202]
val:   0%|          | 0/4 [00:00<?, ?it/s, loss=0.0210]
val:   0%|          | 0/4 [00:00<?, ?it/s, loss=0.0232]
val:  75%|███████▌  | 3/4 [00:00<00:00, 21.78it/s, loss=0.0232]
val:  75%|███████▌  | 3/4 [00:00<00:00, 21.78it/s, loss=0.0323]
                                                               
[PERF][val] samples(local/global)=8/8, batches(local/global)=4/4, samples/s(local/global)=43.4/43.4, ms/batch(local)=46.1, data_wait=5.3%, compute=94.7%, non_finite_skips(local)=0
[MEM] epoch=4 RAM(before/after)=1424.5/1424.5MB | GPU mem: gpu0 alloc=24.8MB resv=7092.0MB peak=5388.2MB
Epoch 4: train_loss=0.024562, val_loss=0.024175, lr=0.00030000
Updated best model: /home/nis/jinrui.yang/EaBNet_light/logs_cbam_flat_projection64/overfit8_lr3e4_20260924_161645/best/best_model.pt (val_loss=0.024175)

Epoch 5/200

train:   0%|          | 0/4 [00:00<?, ?it/s]
train:   0%|          | 0/4 [00:00<?, ?it/s, loss=0.0133]
train:  25%|██▌       | 1/4 [00:00<00:00,  6.40it/s, loss=0.0133]
train:  25%|██▌       | 1/4 [00:00<00:00,  6.40it/s, loss=0.0452]
train:  50%|█████     | 2/4 [00:00<00:00,  6.45it/s, loss=0.0452]
train:  50%|█████     | 2/4 [00:00<00:00,  6.45it/s, loss=0.0113]
train:  75%|███████▌  | 3/4 [00:00<00:00,  6.47it/s, loss=0.0113]
train:  75%|███████▌  | 3/4 [00:00<00:00,  6.47it/s, loss=0.0276]
train: 100%|██████████| 4/4 [00:00<00:00,  6.48it/s, loss=0.0276]
                                                                 
[PERF][train] samples(local/global)=8/8, batches(local/global)=4/4, samples/s(local/global)=12.9/12.9, ms/batch(local)=154.6, data_wait=2.0%, compute=97.9%, non_finite_skips(local)=0

val:   0%|          | 0/4 [00:00<?, ?it/s]
val:   0%|          | 0/4 [00:00<?, ?it/s, loss=0.0203]
val:   0%|          | 0/4 [00:00<?, ?it/s, loss=0.0207]
val:   0%|          | 0/4 [00:00<?, ?it/s, loss=0.0230]
val:  75%|███████▌  | 3/4 [00:00<00:00, 21.83it/s, loss=0.0230]
val:  75%|███████▌  | 3/4 [00:00<00:00, 21.83it/s, loss=0.0324]
                                                               
[PERF][val] samples(local/global)=8/8, batches(local/global)=4/4, samples/s(local/global)=43.5/43.5, ms/batch(local)=46.0, data_wait=5.2%, compute=94.8%, non_finite_skips(local)=0
[MEM] epoch=5 RAM(before/after)=1424.5/1424.5MB | GPU mem: gpu0 alloc=24.8MB resv=7092.0MB peak=5388.2MB
Epoch 5: train_loss=0.024323, val_loss=0.024111, lr=0.00030000
Updated best model: /home/nis/jinrui.yang/EaBNet_light/logs_cbam_flat_projection64/overfit8_lr3e4_20260924_161645/best/best_model.pt (val_loss=0.024111)

Epoch 6/200

train:   0%|          | 0/4 [00:00<?, ?it/s]
train:   0%|          | 0/4 [00:00<?, ?it/s, loss=0.0124]
train:  25%|██▌       | 1/4 [00:00<00:00,  6.49it/s, loss=0.0124]
train:  25%|██▌       | 1/4 [00:00<00:00,  6.49it/s, loss=0.0135]
train:  50%|█████     | 2/4 [00:00<00:00,  6.49it/s, loss=0.0135]
train:  50%|█████     | 2/4 [00:00<00:00,  6.49it/s, loss=0.0450]
train:  75%|███████▌  | 3/4 [00:00<00:00,  6.49it/s, loss=0.0450]
train:  75%|███████▌  | 3/4 [00:00<00:00,  6.49it/s, loss=0.0260]
train: 100%|██████████| 4/4 [00:00<00:00,  6.49it/s, loss=0.0260]
                                                                 
[PERF][train] samples(local/global)=8/8, batches(local/global)=4/4, samples/s(local/global)=13.0/13.0, ms/batch(local)=154.1, data_wait=1.8%, compute=98.2%, non_finite_skips(local)=0

val:   0%|          | 0/4 [00:00<?, ?it/s]
val:   0%|          | 0/4 [00:00<?, ?it/s, loss=0.0203]
val:   0%|          | 0/4 [00:00<?, ?it/s, loss=0.0205]
val:   0%|          | 0/4 [00:00<?, ?it/s, loss=0.0229]
val:  75%|███████▌  | 3/4 [00:00<00:00, 21.75it/s, loss=0.0229]
val:  75%|███████▌  | 3/4 [00:00<00:00, 21.75it/s, loss=0.0324]
                                                               
[PERF][val] samples(local/global)=8/8, batches(local/global)=4/4, samples/s(local/global)=43.4/43.4, ms/batch(local)=46.0, data_wait=5.1%, compute=94.9%, non_finite_skips(local)=0
[MEM] epoch=6 RAM(before/after)=1424.5/1424.5MB | GPU mem: gpu0 alloc=24.8MB resv=7092.0MB peak=5388.2MB
Epoch 6: train_loss=0.024234, val_loss=0.024021, lr=0.00030000
Updated best model: /home/nis/jinrui.yang/EaBNet_light/logs_cbam_flat_projection64/overfit8_lr3e4_20260924_161645/best/best_model.pt (val_loss=0.024021)

Epoch 7/200

train:   0%|          | 0/4 [00:00<?, ?it/s]
train:   0%|          | 0/4 [00:00<?, ?it/s, loss=0.0206]
train:  25%|██▌       | 1/4 [00:00<00:00,  6.39it/s, loss=0.0206]
train:  25%|██▌       | 1/4 [00:00<00:00,  6.39it/s, loss=0.0107]
train:  50%|█████     | 2/4 [00:00<00:00,  6.46it/s, loss=0.0107]
train:  50%|█████     | 2/4 [00:00<00:00,  6.46it/s, loss=0.0324]
train:  75%|███████▌  | 3/4 [00:00<00:00,  6.48it/s, loss=0.0324]
train:  75%|███████▌  | 3/4 [00:00<00:00,  6.48it/s, loss=0.0324]
train: 100%|██████████| 4/4 [00:00<00:00,  6.47it/s, loss=0.0324]
                                                                 
[PERF][train] samples(local/global)=8/8, batches(local/global)=4/4, samples/s(local/global)=12.9/12.9, ms/batch(local)=154.9, data_wait=2.3%, compute=97.6%, non_finite_skips(local)=0

val:   0%|          | 0/4 [00:00<?, ?it/s]
val:   0%|          | 0/4 [00:00<?, ?it/s, loss=0.0201]
val:   0%|          | 0/4 [00:00<?, ?it/s, loss=0.0203]
val:   0%|          | 0/4 [00:00<?, ?it/s, loss=0.0228]
val:  75%|███████▌  | 3/4 [00:00<00:00, 21.69it/s, loss=0.0228]
val:  75%|███████▌  | 3/4 [00:00<00:00, 21.69it/s, loss=0.0319]
                                                               
[PERF][val] samples(local/global)=8/8, batches(local/global)=4/4, samples/s(local/global)=43.4/43.4, ms/batch(local)=46.1, data_wait=5.3%, compute=94.6%, non_finite_skips(local)=0
[MEM] epoch=7 RAM(before/after)=1424.6/1421.6MB | GPU mem: gpu0 alloc=24.8MB resv=7092.0MB peak=5388.2MB
Epoch 7: train_loss=0.024031, val_loss=0.023763, lr=0.00030000
Updated best model: /home/nis/jinrui.yang/EaBNet_light/logs_cbam_flat_projection64/overfit8_lr3e4_20260924_161645/best/best_model.pt (val_loss=0.023763)

Epoch 8/200

train:   0%|          | 0/4 [00:00<?, ?it/s]
train:   0%|          | 0/4 [00:00<?, ?it/s, loss=0.0443]
train:  25%|██▌       | 1/4 [00:00<00:00,  6.39it/s, loss=0.0443]
train:  25%|██▌       | 1/4 [00:00<00:00,  6.39it/s, loss=0.0110]
train:  50%|█████     | 2/4 [00:00<00:00,  6.44it/s, loss=0.0110]
train:  50%|█████     | 2/4 [00:00<00:00,  6.44it/s, loss=0.0126]
train:  75%|███████▌  | 3/4 [00:00<00:00,  6.47it/s, loss=0.0126]
train:  75%|███████▌  | 3/4 [00:00<00:00,  6.47it/s, loss=0.0274]
train: 100%|██████████| 4/4 [00:00<00:00,  6.48it/s, loss=0.0274]
                                                                 
[PERF][train] samples(local/global)=8/8, batches(local/global)=4/4, samples/s(local/global)=12.9/12.9, ms/batch(local)=154.7, data_wait=2.1%, compute=97.8%, non_finite_skips(local)=0

val:   0%|          | 0/4 [00:00<?, ?it/s]
val:   0%|          | 0/4 [00:00<?, ?it/s, loss=0.0201]
val:   0%|          | 0/4 [00:00<?, ?it/s, loss=0.0202]
val:   0%|          | 0/4 [00:00<?, ?it/s, loss=0.0227]
val:  75%|███████▌  | 3/4 [00:00<00:00, 21.72it/s, loss=0.0227]
val:  75%|███████▌  | 3/4 [00:00<00:00, 21.72it/s, loss=0.0317]
                                                               
[PERF][val] samples(local/global)=8/8, batches(local/global)=4/4, samples/s(local/global)=43.1/43.1, ms/batch(local)=46.4, data_wait=5.7%, compute=94.1%, non_finite_skips(local)=0
[MEM] epoch=8 RAM(before/after)=1421.6/1415.8MB | GPU mem: gpu0 alloc=24.8MB resv=7092.0MB peak=5388.2MB
Epoch 8: train_loss=0.023828, val_loss=0.023660, lr=0.00030000
Updated best model: /home/nis/jinrui.yang/EaBNet_light/logs_cbam_flat_projection64/overfit8_lr3e4_20260924_161645/best/best_model.pt (val_loss=0.023660)

Epoch 9/200

train:   0%|          | 0/4 [00:00<?, ?it/s]
train:   0%|          | 0/4 [00:00<?, ?it/s, loss=0.0399]
train:  25%|██▌       | 1/4 [00:00<00:00,  6.47it/s, loss=0.0399]
train:  25%|██▌       | 1/4 [00:00<00:00,  6.47it/s, loss=0.0272]
train:  50%|█████     | 2/4 [00:00<00:00,  6.45it/s, loss=0.0272]
train:  50%|█████     | 2/4 [00:00<00:00,  6.45it/s, loss=0.0110]
train:  75%|███████▌  | 3/4 [00:00<00:00,  6.47it/s, loss=0.0110]
train:  75%|███████▌  | 3/4 [00:00<00:00,  6.47it/s, loss=0.0165]
train: 100%|██████████| 4/4 [00:00<00:00,  6.49it/s, loss=0.0165]
                                                                 
[PERF][train] samples(local/global)=8/8, batches(local/global)=4/4, samples/s(local/global)=13.0/13.0, ms/batch(local)=154.4, data_wait=1.9%, compute=98.0%, non_finite_skips(local)=0

val:   0%|          | 0/4 [00:00<?, ?it/s]
val:   0%|          | 0/4 [00:00<?, ?it/s, loss=0.0200]
val:   0%|          | 0/4 [00:00<?, ?it/s, loss=0.0201]
val:   0%|          | 0/4 [00:00<?, ?it/s, loss=0.0226]
val:  75%|███████▌  | 3/4 [00:00<00:00, 21.85it/s, loss=0.0226]
val:  75%|███████▌  | 3/4 [00:00<00:00, 21.85it/s, loss=0.0316]
                                                               
[PERF][val] samples(local/global)=8/8, batches(local/global)=4/4, samples/s(local/global)=43.4/43.4, ms/batch(local)=46.1, data_wait=5.1%, compute=94.8%, non_finite_skips(local)=0
[MEM] epoch=9 RAM(before/after)=1415.8/1424.6MB | GPU mem: gpu0 alloc=24.8MB resv=7092.0MB peak=5388.2MB
Epoch 9: train_loss=0.023666, val_loss=0.023566, lr=0.00030000
Updated best model: /home/nis/jinrui.yang/EaBNet_light/logs_cbam_flat_projection64/overfit8_lr3e4_20260924_161645/best/best_model.pt (val_loss=0.023566)

Epoch 10/200

train:   0%|          | 0/4 [00:00<?, ?it/s]
train:   0%|          | 0/4 [00:00<?, ?it/s, loss=0.0120]
train:  25%|██▌       | 1/4 [00:00<00:00,  6.32it/s, loss=0.0120]
train:  25%|██▌       | 1/4 [00:00<00:00,  6.32it/s, loss=0.0170]
train:  50%|█████     | 2/4 [00:00<00:00,  6.42it/s, loss=0.0170]
train:  50%|█████     | 2/4 [00:00<00:00,  6.42it/s, loss=0.0376]
train:  75%|███████▌  | 3/4 [00:00<00:00,  6.46it/s, loss=0.0376]
train:  75%|███████▌  | 3/4 [00:00<00:00,  6.46it/s, loss=0.0277]
train: 100%|██████████| 4/4 [00:00<00:00,  6.48it/s, loss=0.0277]
                                                                 
[PERF][train] samples(local/global)=8/8, batches(local/global)=4/4, samples/s(local/global)=12.9/12.9, ms/batch(local)=154.9, data_wait=2.0%, compute=98.0%, non_finite_skips(local)=0

val:   0%|          | 0/4 [00:00<?, ?it/s]
val:   0%|          | 0/4 [00:00<?, ?it/s, loss=0.0200]
val:   0%|          | 0/4 [00:00<?, ?it/s, loss=0.0199]
val:   0%|          | 0/4 [00:00<?, ?it/s, loss=0.0225]
val:  75%|███████▌  | 3/4 [00:00<00:00, 21.84it/s, loss=0.0225]
val:  75%|███████▌  | 3/4 [00:00<00:00, 21.84it/s, loss=0.0316]
                                                               
[PERF][val] samples(local/global)=8/8, batches(local/global)=4/4, samples/s(local/global)=43.5/43.5, ms/batch(local)=46.0, data_wait=5.0%, compute=94.9%, non_finite_skips(local)=0
[MEM] epoch=10 RAM(before/after)=1424.6/1424.6MB | GPU mem: gpu0 alloc=24.8MB resv=7092.0MB peak=5388.2MB
Epoch 10: train_loss=0.023565, val_loss=0.023499, lr=0.00030000
Updated best model: /home/nis/jinrui.yang/EaBNet_light/logs_cbam_flat_projection64/overfit8_lr3e4_20260924_161645/best/best_model.pt (val_loss=0.023499)

Epoch 11/200

train:   0%|          | 0/4 [00:00<?, ?it/s]
train:   0%|          | 0/4 [00:00<?, ?it/s, loss=0.0320]
train:  25%|██▌       | 1/4 [00:00<00:00,  6.38it/s, loss=0.0320]
train:  25%|██▌       | 1/4 [00:00<00:00,  6.38it/s, loss=0.0275]
train:  50%|█████     | 2/4 [00:00<00:00,  6.44it/s, loss=0.0275]
train:  50%|█████     | 2/4 [00:00<00:00,  6.44it/s, loss=0.0226]
train:  75%|███████▌  | 3/4 [00:00<00:00,  6.48it/s, loss=0.0226]
train:  75%|███████▌  | 3/4 [00:00<00:00,  6.48it/s, loss=0.0119]
train: 100%|██████████| 4/4 [00:00<00:00,  6.48it/s, loss=0.0119]
                                                                 
[PERF][train] samples(local/global)=8/8, batches(local/global)=4/4, samples/s(local/global)=12.9/12.9, ms/batch(local)=154.6, data_wait=2.0%, compute=97.9%, non_finite_skips(local)=0

val:   0%|          | 0/4 [00:00<?, ?it/s]
val:   0%|          | 0/4 [00:00<?, ?it/s, loss=0.0199]
val:   0%|          | 0/4 [00:00<?, ?it/s, loss=0.0198]
val:   0%|          | 0/4 [00:00<?, ?it/s, loss=0.0224]
val:  75%|███████▌  | 3/4 [00:00<00:00, 21.80it/s, loss=0.0224]
val:  75%|███████▌  | 3/4 [00:00<00:00, 21.80it/s, loss=0.0313]
                                                               
[PERF][val] samples(local/global)=8/8, batches(local/global)=4/4, samples/s(local/global)=43.5/43.5, ms/batch(local)=46.0, data_wait=5.1%, compute=94.9%, non_finite_skips(local)=0
[MEM] epoch=11 RAM(before/after)=1424.6/1424.6MB | GPU mem: gpu0 alloc=24.8MB resv=7092.0MB peak=5388.2MB
Epoch 11: train_loss=0.023500, val_loss=0.023331, lr=0.00030000
Updated best model: /home/nis/jinrui.yang/EaBNet_light/logs_cbam_flat_projection64/overfit8_lr3e4_20260924_161645/best/best_model.pt (val_loss=0.023331)

Epoch 12/200

train:   0%|          | 0/4 [00:00<?, ?it/s]
train:   0%|          | 0/4 [00:00<?, ?it/s, loss=0.0239]
train:  25%|██▌       | 1/4 [00:00<00:00,  6.50it/s, loss=0.0239]
train:  25%|██▌       | 1/4 [00:00<00:00,  6.50it/s, loss=0.0049]
train:  50%|█████     | 2/4 [00:00<00:00,  6.49it/s, loss=0.0049]
train:  50%|█████     | 2/4 [00:00<00:00,  6.49it/s, loss=0.0273]
train:  75%|███████▌  | 3/4 [00:00<00:00,  6.48it/s, loss=0.0273]
train:  75%|███████▌  | 3/4 [00:00<00:00,  6.48it/s, loss=0.0373]
train: 100%|██████████| 4/4 [00:00<00:00,  6.49it/s, loss=0.0373]
                                                                 
[PERF][train] samples(local/global)=8/8, batches(local/global)=4/4, samples/s(local/global)=13.0/13.0, ms/batch(local)=154.2, data_wait=1.7%, compute=98.2%, non_finite_skips(local)=0

val:   0%|          | 0/4 [00:00<?, ?it/s]
val:   0%|          | 0/4 [00:00<?, ?it/s, loss=0.0198]
val:   0%|          | 0/4 [00:00<?, ?it/s, loss=0.0196]
val:   0%|          | 0/4 [00:00<?, ?it/s, loss=0.0222]
val:  75%|███████▌  | 3/4 [00:00<00:00, 21.76it/s, loss=0.0222]
val:  75%|███████▌  | 3/4 [00:00<00:00, 21.76it/s, loss=0.0312]
                                                               
[PERF][val] samples(local/global)=8/8, batches(local/global)=4/4, samples/s(local/global)=43.5/43.5, ms/batch(local)=46.0, data_wait=5.0%, compute=95.0%, non_finite_skips(local)=0
[MEM] epoch=12 RAM(before/after)=1424.6/1424.6MB | GPU mem: gpu0 alloc=24.8MB resv=7092.0MB peak=5388.2MB
Epoch 12: train_loss=0.023346, val_loss=0.023221, lr=0.00030000
Updated best model: /home/nis/jinrui.yang/EaBNet_light/logs_cbam_flat_projection64/overfit8_lr3e4_20260924_161645/best/best_model.pt (val_loss=0.023221)

Epoch 13/200

train:   0%|          | 0/4 [00:00<?, ?it/s]
train:   0%|          | 0/4 [00:00<?, ?it/s, loss=0.0434]
train:  25%|██▌       | 1/4 [00:00<00:00,  6.51it/s, loss=0.0434]
train:  25%|██▌       | 1/4 [00:00<00:00,  6.51it/s, loss=0.0118]
train:  50%|█████     | 2/4 [00:00<00:00,  6.50it/s, loss=0.0118]
train:  50%|█████     | 2/4 [00:00<00:00,  6.50it/s, loss=0.0198]
train:  75%|███████▌  | 3/4 [00:00<00:00,  6.49it/s, loss=0.0198]
train:  75%|███████▌  | 3/4 [00:00<00:00,  6.49it/s, loss=0.0180]
train: 100%|██████████| 4/4 [00:00<00:00,  6.48it/s, loss=0.0180]
                                                                 
[PERF][train] samples(local/global)=8/8, batches(local/global)=4/4, samples/s(local/global)=13.0/13.0, ms/batch(local)=154.3, data_wait=1.7%, compute=98.2%, non_finite_skips(local)=0

val:   0%|          | 0/4 [00:00<?, ?it/s]
val:   0%|          | 0/4 [00:00<?, ?it/s, loss=0.0198]
val:   0%|          | 0/4 [00:00<?, ?it/s, loss=0.0196]
val:   0%|          | 0/4 [00:00<?, ?it/s, loss=0.0221]
val:  75%|███████▌  | 3/4 [00:00<00:00, 21.73it/s, loss=0.0221]
val:  75%|███████▌  | 3/4 [00:00<00:00, 21.73it/s, loss=0.0313]
                                                               
[PERF][val] samples(local/global)=8/8, batches(local/global)=4/4, samples/s(local/global)=43.4/43.4, ms/batch(local)=46.0, data_wait=5.1%, compute=94.9%, non_finite_skips(local)=0
[MEM] epoch=13 RAM(before/after)=1424.6/1424.6MB | GPU mem: gpu0 alloc=24.8MB resv=7092.0MB peak=5388.2MB
Epoch 13: train_loss=0.023246, val_loss=0.023203, lr=0.00030000
Updated best model: /home/nis/jinrui.yang/EaBNet_light/logs_cbam_flat_projection64/overfit8_lr3e4_20260924_161645/best/best_model.pt (val_loss=0.023203)

Epoch 14/200

train:   0%|          | 0/4 [00:00<?, ?it/s]
train:   0%|          | 0/4 [00:00<?, ?it/s, loss=0.0162]
train:  25%|██▌       | 1/4 [00:00<00:00,  6.51it/s, loss=0.0162]
train:  25%|██▌       | 1/4 [00:00<00:00,  6.51it/s, loss=0.0179]
train:  50%|█████     | 2/4 [00:00<00:00,  6.50it/s, loss=0.0179]
train:  50%|█████     | 2/4 [00:00<00:00,  6.50it/s, loss=0.0464]
train:  75%|███████▌  | 3/4 [00:00<00:00,  6.50it/s, loss=0.0464]
train:  75%|███████▌  | 3/4 [00:00<00:00,  6.50it/s, loss=0.0123]
train: 100%|██████████| 4/4 [00:00<00:00,  6.50it/s, loss=0.0123]
                                                                 
[PERF][train] samples(local/global)=8/8, batches(local/global)=4/4, samples/s(local/global)=13.0/13.0, ms/batch(local)=153.9, data_wait=1.7%, compute=98.2%, non_finite_skips(local)=0

val:   0%|          | 0/4 [00:00<?, ?it/s]
val:   0%|          | 0/4 [00:00<?, ?it/s, loss=0.0198]
val:   0%|          | 0/4 [00:00<?, ?it/s, loss=0.0195]
val:   0%|          | 0/4 [00:00<?, ?it/s, loss=0.0220]
val:  75%|███████▌  | 3/4 [00:00<00:00, 21.71it/s, loss=0.0220]
val:  75%|███████▌  | 3/4 [00:00<00:00, 21.71it/s, loss=0.0312]
                                                               
[PERF][val] samples(local/global)=8/8, batches(local/global)=4/4, samples/s(local/global)=43.4/43.4, ms/batch(local)=46.0, data_wait=5.1%, compute=94.9%, non_finite_skips(local)=0
[MEM] epoch=14 RAM(before/after)=1424.6/1424.6MB | GPU mem: gpu0 alloc=24.8MB resv=7092.0MB peak=5388.2MB
Epoch 14: train_loss=0.023212, val_loss=0.023124, lr=0.00030000
Updated best model: /home/nis/jinrui.yang/EaBNet_light/logs_cbam_flat_projection64/overfit8_lr3e4_20260924_161645/best/best_model.pt (val_loss=0.023124)

Epoch 15/200

train:   0%|          | 0/4 [00:00<?, ?it/s]
train:   0%|          | 0/4 [00:00<?, ?it/s, loss=0.0116]
train:  25%|██▌       | 1/4 [00:00<00:00,  6.48it/s, loss=0.0116]
train:  25%|██▌       | 1/4 [00:00<00:00,  6.48it/s, loss=0.0313]
train:  50%|█████     | 2/4 [00:00<00:00,  6.46it/s, loss=0.0313]
train:  50%|█████     | 2/4 [00:00<00:00,  6.46it/s, loss=0.0178]
train:  75%|███████▌  | 3/4 [00:00<00:00,  6.47it/s, loss=0.0178]
train:  75%|███████▌  | 3/4 [00:00<00:00,  6.47it/s, loss=0.0315]
train: 100%|██████████| 4/4 [00:00<00:00,  6.49it/s, loss=0.0315]
                                                                 
[PERF][train] samples(local/global)=8/8, batches(local/global)=4/4, samples/s(local/global)=13.0/13.0, ms/batch(local)=154.4, data_wait=1.7%, compute=98.3%, non_finite_skips(local)=0

val:   0%|          | 0/4 [00:00<?, ?it/s]
val:   0%|          | 0/4 [00:00<?, ?it/s, loss=0.0197]
val:   0%|          | 0/4 [00:00<?, ?it/s, loss=0.0194]
val:   0%|          | 0/4 [00:00<?, ?it/s, loss=0.0219]
val:  75%|███████▌  | 3/4 [00:00<00:00, 21.78it/s, loss=0.0219]
val:  75%|███████▌  | 3/4 [00:00<00:00, 21.78it/s, loss=0.0310]
                                                               
[PERF][val] samples(local/global)=8/8, batches(local/global)=4/4, samples/s(local/global)=43.5/43.5, ms/batch(local)=45.9, data_wait=4.9%, compute=95.1%, non_finite_skips(local)=0
[MEM] epoch=15 RAM(before/after)=1424.6/1424.6MB | GPU mem: gpu0 alloc=24.8MB resv=7092.0MB peak=5388.2MB
Epoch 15: train_loss=0.023074, val_loss=0.023009, lr=0.00030000
Updated best model: /home/nis/jinrui.yang/EaBNet_light/logs_cbam_flat_projection64/overfit8_lr3e4_20260924_161645/best/best_model.pt (val_loss=0.023009)

Epoch 16/200

train:   0%|          | 0/4 [00:00<?, ?it/s]
train:   0%|          | 0/4 [00:00<?, ?it/s, loss=0.0106]
train:  25%|██▌       | 1/4 [00:00<00:00,  6.51it/s, loss=0.0106]
train:  25%|██▌       | 1/4 [00:00<00:00,  6.51it/s, loss=0.0428]
train:  50%|█████     | 2/4 [00:00<00:00,  6.51it/s, loss=0.0428]
train:  50%|█████     | 2/4 [00:00<00:00,  6.51it/s, loss=0.0121]
train:  75%|███████▌  | 3/4 [00:00<00:00,  6.50it/s, loss=0.0121]
train:  75%|███████▌  | 3/4 [00:00<00:00,  6.50it/s, loss=0.0265]
train: 100%|██████████| 4/4 [00:00<00:00,  6.50it/s, loss=0.0265]
                                                                 
[PERF][train] samples(local/global)=8/8, batches(local/global)=4/4, samples/s(local/global)=13.0/13.0, ms/batch(local)=153.8, data_wait=1.6%, compute=98.3%, non_finite_skips(local)=0

val:   0%|          | 0/4 [00:00<?, ?it/s]
val:   0%|          | 0/4 [00:00<?, ?it/s, loss=0.0197]
val:   0%|          | 0/4 [00:00<?, ?it/s, loss=0.0193]
val:   0%|          | 0/4 [00:00<?, ?it/s, loss=0.0219]
val:  75%|███████▌  | 3/4 [00:00<00:00, 21.77it/s, loss=0.0219]
val:  75%|███████▌  | 3/4 [00:00<00:00, 21.77it/s, loss=0.0308]
                                                               
[PERF][val] samples(local/global)=8/8, batches(local/global)=4/4, samples/s(local/global)=43.4/43.4, ms/batch(local)=46.1, data_wait=4.9%, compute=95.0%, non_finite_skips(local)=0
[MEM] epoch=16 RAM(before/after)=1424.6/1424.6MB | GPU mem: gpu0 alloc=24.8MB resv=7092.0MB peak=5388.2MB
Epoch 16: train_loss=0.023011, val_loss=0.022930, lr=0.00030000
Updated best model: /home/nis/jinrui.yang/EaBNet_light/logs_cbam_flat_projection64/overfit8_lr3e4_20260924_161645/best/best_model.pt (val_loss=0.022930)

Epoch 17/200

train:   0%|          | 0/4 [00:00<?, ?it/s]
train:   0%|          | 0/4 [00:00<?, ?it/s, loss=0.0196]
train:  25%|██▌       | 1/4 [00:00<00:00,  6.42it/s, loss=0.0196]
train:  25%|██▌       | 1/4 [00:00<00:00,  6.42it/s, loss=0.0048]
train:  50%|█████     | 2/4 [00:00<00:00,  6.48it/s, loss=0.0048]
train:  50%|█████     | 2/4 [00:00<00:00,  6.48it/s, loss=0.0311]
train:  75%|███████▌  | 3/4 [00:00<00:00,  6.48it/s, loss=0.0311]
train:  75%|███████▌  | 3/4 [00:00<00:00,  6.48it/s, loss=0.0366]
train: 100%|██████████| 4/4 [00:00<00:00,  6.48it/s, loss=0.0366]
                                                                 
[PERF][train] samples(local/global)=8/8, batches(local/global)=4/4, samples/s(local/global)=13.0/13.0, ms/batch(local)=154.4, data_wait=2.0%, compute=98.0%, non_finite_skips(local)=0

val:   0%|          | 0/4 [00:00<?, ?it/s]
val:   0%|          | 0/4 [00:00<?, ?it/s, loss=0.0197]
val:   0%|          | 0/4 [00:00<?, ?it/s, loss=0.0193]
val:   0%|          | 0/4 [00:00<?, ?it/s, loss=0.0218]
val:  75%|███████▌  | 3/4 [00:00<00:00, 21.69it/s, loss=0.0218]
val:  75%|███████▌  | 3/4 [00:00<00:00, 21.69it/s, loss=0.0307]
                                                               
[PERF][val] samples(local/global)=8/8, batches(local/global)=4/4, samples/s(local/global)=43.4/43.4, ms/batch(local)=46.1, data_wait=5.0%, compute=94.9%, non_finite_skips(local)=0
[MEM] epoch=17 RAM(before/after)=1424.6/1424.6MB | GPU mem: gpu0 alloc=24.8MB resv=7092.0MB peak=5388.2MB
Epoch 17: train_loss=0.023010, val_loss=0.022870, lr=0.00030000
Updated best model: /home/nis/jinrui.yang/EaBNet_light/logs_cbam_flat_projection64/overfit8_lr3e4_20260924_161645/best/best_model.pt (val_loss=0.022870)

Epoch 18/200

train:   0%|          | 0/4 [00:00<?, ?it/s]
train:   0%|          | 0/4 [00:00<?, ?it/s, loss=0.0264]
train:  25%|██▌       | 1/4 [00:00<00:00,  6.38it/s, loss=0.0264]
train:  25%|██▌       | 1/4 [00:00<00:00,  6.38it/s, loss=0.0425]
train:  50%|█████     | 2/4 [00:00<00:00,  6.45it/s, loss=0.0425]
train:  50%|█████     | 2/4 [00:00<00:00,  6.45it/s, loss=0.0126]
train:  75%|███████▌  | 3/4 [00:00<00:00,  6.47it/s, loss=0.0126]
train:  75%|███████▌  | 3/4 [00:00<00:00,  6.47it/s, loss=0.0100]
train: 100%|██████████| 4/4 [00:00<00:00,  6.47it/s, loss=0.0100]
                                                                 
[PERF][train] samples(local/global)=8/8, batches(local/global)=4/4, samples/s(local/global)=12.9/12.9, ms/batch(local)=154.8, data_wait=2.0%, compute=97.9%, non_finite_skips(local)=0

val:   0%|          | 0/4 [00:00<?, ?it/s]
val:   0%|          | 0/4 [00:00<?, ?it/s, loss=0.0197]
val:   0%|          | 0/4 [00:00<?, ?it/s, loss=0.0192]
val:   0%|          | 0/4 [00:00<?, ?it/s, loss=0.0218]
val:  75%|███████▌  | 3/4 [00:00<00:00, 21.74it/s, loss=0.0218]
val:  75%|███████▌  | 3/4 [00:00<00:00, 21.74it/s, loss=0.0307]
                                                               
[PERF][val] samples(local/global)=8/8, batches(local/global)=4/4, samples/s(local/global)=43.3/43.3, ms/batch(local)=46.1, data_wait=5.1%, compute=94.9%, non_finite_skips(local)=0
[MEM] epoch=18 RAM(before/after)=1424.6/1424.6MB | GPU mem: gpu0 alloc=24.8MB resv=7092.0MB peak=5388.2MB
Epoch 18: train_loss=0.022887, val_loss=0.022843, lr=0.00030000
Updated best model: /home/nis/jinrui.yang/EaBNet_light/logs_cbam_flat_projection64/overfit8_lr3e4_20260924_161645/best/best_model.pt (val_loss=0.022843)

Epoch 19/200

train:   0%|          | 0/4 [00:00<?, ?it/s]
train:   0%|          | 0/4 [00:00<?, ?it/s, loss=0.0105]
train:  25%|██▌       | 1/4 [00:00<00:00,  6.23it/s, loss=0.0105]
train:  25%|██▌       | 1/4 [00:00<00:00,  6.23it/s, loss=0.0306]
train:  50%|█████     | 2/4 [00:00<00:00,  6.38it/s, loss=0.0306]
train:  50%|█████     | 2/4 [00:00<00:00,  6.38it/s, loss=0.0232]
train:  75%|███████▌  | 3/4 [00:00<00:00,  6.43it/s, loss=0.0232]
train:  75%|███████▌  | 3/4 [00:00<00:00,  6.43it/s, loss=0.0267]
train: 100%|██████████| 4/4 [00:00<00:00,  6.45it/s, loss=0.0267]
                                                                 
[PERF][train] samples(local/global)=8/8, batches(local/global)=4/4, samples/s(local/global)=12.8/12.8, ms/batch(local)=155.9, data_wait=1.8%, compute=98.1%, non_finite_skips(local)=0

val:   0%|          | 0/4 [00:00<?, ?it/s]
val:   0%|          | 0/4 [00:00<?, ?it/s, loss=0.0196]
val:   0%|          | 0/4 [00:00<?, ?it/s, loss=0.0191]
val:   0%|          | 0/4 [00:00<?, ?it/s, loss=0.0217]
val:  75%|███████▌  | 3/4 [00:00<00:00, 21.68it/s, loss=0.0217]
val:  75%|███████▌  | 3/4 [00:00<00:00, 21.68it/s, loss=0.0306]
                                                               
[PERF][val] samples(local/global)=8/8, batches(local/global)=4/4, samples/s(local/global)=43.3/43.3, ms/batch(local)=46.1, data_wait=5.0%, compute=94.9%, non_finite_skips(local)=0
[MEM] epoch=19 RAM(before/after)=1424.6/1424.6MB | GPU mem: gpu0 alloc=24.8MB resv=7092.0MB peak=5388.2MB
Epoch 19: train_loss=0.022770, val_loss=0.022749, lr=0.00030000
Updated best model: /home/nis/jinrui.yang/EaBNet_light/logs_cbam_flat_projection64/overfit8_lr3e4_20260924_161645/best/best_model.pt (val_loss=0.022749)

Epoch 20/200

train:   0%|          | 0/4 [00:00<?, ?it/s]
train:   0%|          | 0/4 [00:00<?, ?it/s, loss=0.0362]
train:  25%|██▌       | 1/4 [00:00<00:00,  6.50it/s, loss=0.0362]
train:  25%|██▌       | 1/4 [00:00<00:00,  6.50it/s, loss=0.0114]
train:  50%|█████     | 2/4 [00:00<00:00,  6.48it/s, loss=0.0114]
train:  50%|█████     | 2/4 [00:00<00:00,  6.48it/s, loss=0.0237]
train:  75%|███████▌  | 3/4 [00:00<00:00,  6.48it/s, loss=0.0237]
train:  75%|███████▌  | 3/4 [00:00<00:00,  6.48it/s, loss=0.0196]
train: 100%|██████████| 4/4 [00:00<00:00,  6.48it/s, loss=0.0196]
                                                                 
[PERF][train] samples(local/global)=8/8, batches(local/global)=4/4, samples/s(local/global)=13.0/13.0, ms/batch(local)=154.3, data_wait=1.8%, compute=98.1%, non_finite_skips(local)=0

val:   0%|          | 0/4 [00:00<?, ?it/s]
val:   0%|          | 0/4 [00:00<?, ?it/s, loss=0.0196]
val:   0%|          | 0/4 [00:00<?, ?it/s, loss=0.0190]
val:   0%|          | 0/4 [00:00<?, ?it/s, loss=0.0216]
val:  75%|███████▌  | 3/4 [00:00<00:00, 21.75it/s, loss=0.0216]
val:  75%|███████▌  | 3/4 [00:00<00:00, 21.75it/s, loss=0.0305]
                                                               
[PERF][val] samples(local/global)=8/8, batches(local/global)=4/4, samples/s(local/global)=43.2/43.2, ms/batch(local)=46.3, data_wait=5.1%, compute=94.9%, non_finite_skips(local)=0
[MEM] epoch=20 RAM(before/after)=1424.6/1424.6MB | GPU mem: gpu0 alloc=24.8MB resv=7092.0MB peak=5388.2MB
Epoch 20: train_loss=0.022743, val_loss=0.022683, lr=0.00030000
Updated best model: /home/nis/jinrui.yang/EaBNet_light/logs_cbam_flat_projection64/overfit8_lr3e4_20260924_161645/best/best_model.pt (val_loss=0.022683)

Epoch 21/200

train:   0%|          | 0/4 [00:00<?, ?it/s]
train:   0%|          | 0/4 [00:00<?, ?it/s, loss=0.0114]
train:  25%|██▌       | 1/4 [00:00<00:00,  6.38it/s, loss=0.0114]
train:  25%|██▌       | 1/4 [00:00<00:00,  6.38it/s, loss=0.0174]
train:  50%|█████     | 2/4 [00:00<00:00,  6.44it/s, loss=0.0174]
train:  50%|█████     | 2/4 [00:00<00:00,  6.44it/s, loss=0.0421]
train:  75%|███████▌  | 3/4 [00:00<00:00,  6.45it/s, loss=0.0421]
train:  75%|███████▌  | 3/4 [00:00<00:00,  6.45it/s, loss=0.0196]
train: 100%|██████████| 4/4 [00:00<00:00,  6.46it/s, loss=0.0196]
                                                                 
[PERF][train] samples(local/global)=8/8, batches(local/global)=4/4, samples/s(local/global)=12.9/12.9, ms/batch(local)=155.0, data_wait=2.1%, compute=97.9%, non_finite_skips(local)=0

val:   0%|          | 0/4 [00:00<?, ?it/s]
val:   0%|          | 0/4 [00:00<?, ?it/s, loss=0.0196]
val:   0%|          | 0/4 [00:00<?, ?it/s, loss=0.0189]
val:   0%|          | 0/4 [00:00<?, ?it/s, loss=0.0216]
val:  75%|███████▌  | 3/4 [00:00<00:00, 21.60it/s, loss=0.0216]
val:  75%|███████▌  | 3/4 [00:00<00:00, 21.60it/s, loss=0.0305]
                                                               
[PERF][val] samples(local/global)=8/8, batches(local/global)=4/4, samples/s(local/global)=43.2/43.2, ms/batch(local)=46.3, data_wait=5.3%, compute=94.7%, non_finite_skips(local)=0
[MEM] epoch=21 RAM(before/after)=1424.6/1424.6MB | GPU mem: gpu0 alloc=24.8MB resv=7092.0MB peak=5388.2MB
Epoch 21: train_loss=0.022609, val_loss=0.022632, lr=0.00030000
Updated best model: /home/nis/jinrui.yang/EaBNet_light/logs_cbam_flat_projection64/overfit8_lr3e4_20260924_161645/best/best_model.pt (val_loss=0.022632)

Epoch 22/200

train:   0%|          | 0/4 [00:00<?, ?it/s]
train:   0%|          | 0/4 [00:00<?, ?it/s, loss=0.0173]
train:  25%|██▌       | 1/4 [00:00<00:00,  6.42it/s, loss=0.0173]
train:  25%|██▌       | 1/4 [00:00<00:00,  6.42it/s, loss=0.0157]
train:  50%|█████     | 2/4 [00:00<00:00,  6.46it/s, loss=0.0157]
train:  50%|█████     | 2/4 [00:00<00:00,  6.46it/s, loss=0.0454]
train:  75%|███████▌  | 3/4 [00:00<00:00,  6.46it/s, loss=0.0454]
train:  75%|███████▌  | 3/4 [00:00<00:00,  6.46it/s, loss=0.0120]
train: 100%|██████████| 4/4 [00:00<00:00,  6.47it/s, loss=0.0120]
                                                                 
[PERF][train] samples(local/global)=8/8, batches(local/global)=4/4, samples/s(local/global)=12.9/12.9, ms/batch(local)=154.8, data_wait=2.0%, compute=97.9%, non_finite_skips(local)=0

val:   0%|          | 0/4 [00:00<?, ?it/s]
val:   0%|          | 0/4 [00:00<?, ?it/s, loss=0.0195]
val:   0%|          | 0/4 [00:00<?, ?it/s, loss=0.0189]
val:   0%|          | 0/4 [00:00<?, ?it/s, loss=0.0215]
val:  75%|███████▌  | 3/4 [00:00<00:00, 21.61it/s, loss=0.0215]
val:  75%|███████▌  | 3/4 [00:00<00:00, 21.61it/s, loss=0.0304]
                                                               
[PERF][val] samples(local/global)=8/8, batches(local/global)=4/4, samples/s(local/global)=43.3/43.3, ms/batch(local)=46.2, data_wait=5.2%, compute=94.7%, non_finite_skips(local)=0
[MEM] epoch=22 RAM(before/after)=1424.6/1424.6MB | GPU mem: gpu0 alloc=24.8MB resv=7092.0MB peak=5388.2MB
Epoch 22: train_loss=0.022608, val_loss=0.022579, lr=0.00030000
Updated best model: /home/nis/jinrui.yang/EaBNet_light/logs_cbam_flat_projection64/overfit8_lr3e4_20260924_161645/best/best_model.pt (val_loss=0.022579)

Epoch 23/200

train:   0%|          | 0/4 [00:00<?, ?it/s]
train:   0%|          | 0/4 [00:00<?, ?it/s, loss=0.0113]
train:  25%|██▌       | 1/4 [00:00<00:00,  6.40it/s, loss=0.0113]
train:  25%|██▌       | 1/4 [00:00<00:00,  6.40it/s, loss=0.0453]
train:  50%|█████     | 2/4 [00:00<00:00,  6.46it/s, loss=0.0453]
train:  50%|█████     | 2/4 [00:00<00:00,  6.46it/s, loss=0.0233]
train:  75%|███████▌  | 3/4 [00:00<00:00,  6.47it/s, loss=0.0233]
train:  75%|███████▌  | 3/4 [00:00<00:00,  6.47it/s, loss=0.0104]
train: 100%|██████████| 4/4 [00:00<00:00,  6.48it/s, loss=0.0104]
                                                                 
[PERF][train] samples(local/global)=8/8, batches(local/global)=4/4, samples/s(local/global)=12.9/12.9, ms/batch(local)=154.7, data_wait=2.0%, compute=98.0%, non_finite_skips(local)=0

val:   0%|          | 0/4 [00:00<?, ?it/s]
val:   0%|          | 0/4 [00:00<?, ?it/s, loss=0.0195]
val:   0%|          | 0/4 [00:00<?, ?it/s, loss=0.0188]
val:   0%|          | 0/4 [00:00<?, ?it/s, loss=0.0214]
val:  75%|███████▌  | 3/4 [00:00<00:00, 21.79it/s, loss=0.0214]
val:  75%|███████▌  | 3/4 [00:00<00:00, 21.79it/s, loss=0.0304]
                                                               
[PERF][val] samples(local/global)=8/8, batches(local/global)=4/4, samples/s(local/global)=43.4/43.4, ms/batch(local)=46.0, data_wait=5.0%, compute=94.9%, non_finite_skips(local)=0
[MEM] epoch=23 RAM(before/after)=1424.6/1424.6MB | GPU mem: gpu0 alloc=24.8MB resv=7092.0MB peak=5388.2MB
Epoch 23: train_loss=0.022564, val_loss=0.022526, lr=0.00030000
Updated best model: /home/nis/jinrui.yang/EaBNet_light/logs_cbam_flat_projection64/overfit8_lr3e4_20260924_161645/best/best_model.pt (val_loss=0.022526)

Epoch 24/200

train:   0%|          | 0/4 [00:00<?, ?it/s]
train:   0%|          | 0/4 [00:00<?, ?it/s, loss=0.0306]
train:  25%|██▌       | 1/4 [00:00<00:00,  6.27it/s, loss=0.0306]
train:  25%|██▌       | 1/4 [00:00<00:00,  6.27it/s, loss=0.0119]
train:  50%|█████     | 2/4 [00:00<00:00,  6.39it/s, loss=0.0119]
train:  50%|█████     | 2/4 [00:00<00:00,  6.39it/s, loss=0.0117]
train:  75%|███████▌  | 3/4 [00:00<00:00,  6.43it/s, loss=0.0117]
train:  75%|███████▌  | 3/4 [00:00<00:00,  6.43it/s, loss=0.0359]
train: 100%|██████████| 4/4 [00:00<00:00,  6.45it/s, loss=0.0359]
                                                                 
[PERF][train] samples(local/global)=8/8, batches(local/global)=4/4, samples/s(local/global)=12.8/12.8, ms/batch(local)=155.7, data_wait=2.0%, compute=97.9%, non_finite_skips(local)=0

val:   0%|          | 0/4 [00:00<?, ?it/s]
val:   0%|          | 0/4 [00:00<?, ?it/s, loss=0.0195]
val:   0%|          | 0/4 [00:00<?, ?it/s, loss=0.0187]
val:   0%|          | 0/4 [00:00<?, ?it/s, loss=0.0214]
val:  75%|███████▌  | 3/4 [00:00<00:00, 21.76it/s, loss=0.0214]
val:  75%|███████▌  | 3/4 [00:00<00:00, 21.76it/s, loss=0.0303]
                                                               
[PERF][val] samples(local/global)=8/8, batches(local/global)=4/4, samples/s(local/global)=43.4/43.4, ms/batch(local)=46.0, data_wait=4.9%, compute=95.0%, non_finite_skips(local)=0
[MEM] epoch=24 RAM(before/after)=1424.6/1424.6MB | GPU mem: gpu0 alloc=24.8MB resv=7092.0MB peak=5388.2MB
Epoch 24: train_loss=0.022532, val_loss=0.022464, lr=0.00030000
Updated best model: /home/nis/jinrui.yang/EaBNet_light/logs_cbam_flat_projection64/overfit8_lr3e4_20260924_161645/best/best_model.pt (val_loss=0.022464)

Epoch 25/200

train:   0%|          | 0/4 [00:00<?, ?it/s]
train:   0%|          | 0/4 [00:00<?, ?it/s, loss=0.0112]
train:  25%|██▌       | 1/4 [00:00<00:00,  6.40it/s, loss=0.0112]
train:  25%|██▌       | 1/4 [00:00<00:00,  6.40it/s, loss=0.0103]
train:  50%|█████     | 2/4 [00:00<00:00,  6.46it/s, loss=0.0103]
train:  50%|█████     | 2/4 [00:00<00:00,  6.46it/s, loss=0.0377]
train:  75%|███████▌  | 3/4 [00:00<00:00,  6.47it/s, loss=0.0377]
train:  75%|███████▌  | 3/4 [00:00<00:00,  6.47it/s, loss=0.0304]
train: 100%|██████████| 4/4 [00:00<00:00,  6.47it/s, loss=0.0304]
                                                                 
[PERF][train] samples(local/global)=8/8, batches(local/global)=4/4, samples/s(local/global)=12.9/12.9, ms/batch(local)=154.7, data_wait=2.0%, compute=97.9%, non_finite_skips(local)=0

val:   0%|          | 0/4 [00:00<?, ?it/s]
val:   0%|          | 0/4 [00:00<?, ?it/s, loss=0.0195]
val:   0%|          | 0/4 [00:00<?, ?it/s, loss=0.0187]
val:   0%|          | 0/4 [00:00<?, ?it/s, loss=0.0213]
val:  75%|███████▌  | 3/4 [00:00<00:00, 21.67it/s, loss=0.0213]
val:  75%|███████▌  | 3/4 [00:00<00:00, 21.67it/s, loss=0.0302]
                                                               
[PERF][val] samples(local/global)=8/8, batches(local/global)=4/4, samples/s(local/global)=43.3/43.3, ms/batch(local)=46.2, data_wait=5.0%, compute=95.0%, non_finite_skips(local)=0
[MEM] epoch=25 RAM(before/after)=1424.6/1424.6MB | GPU mem: gpu0 alloc=24.8MB resv=7092.0MB peak=5388.2MB
Epoch 25: train_loss=0.022426, val_loss=0.022418, lr=0.00030000
Updated best model: /home/nis/jinrui.yang/EaBNet_light/logs_cbam_flat_projection64/overfit8_lr3e4_20260924_161645/best/best_model.pt (val_loss=0.022418)

Epoch 26/200

train:   0%|          | 0/4 [00:00<?, ?it/s]
train:   0%|          | 0/4 [00:00<?, ?it/s, loss=0.0161]
train:  25%|██▌       | 1/4 [00:00<00:00,  6.40it/s, loss=0.0161]
train:  25%|██▌       | 1/4 [00:00<00:00,  6.40it/s, loss=0.0188]
train:  50%|█████     | 2/4 [00:00<00:00,  6.45it/s, loss=0.0188]
train:  50%|█████     | 2/4 [00:00<00:00,  6.45it/s, loss=0.0449]
train:  75%|███████▌  | 3/4 [00:00<00:00,  6.48it/s, loss=0.0449]
train:  75%|███████▌  | 3/4 [00:00<00:00,  6.48it/s, loss=0.0097]
train: 100%|██████████| 4/4 [00:00<00:00,  6.49it/s, loss=0.0097]
                                                                 
[PERF][train] samples(local/global)=8/8, batches(local/global)=4/4, samples/s(local/global)=12.9/12.9, ms/batch(local)=154.5, data_wait=1.8%, compute=98.0%, non_finite_skips(local)=0

val:   0%|          | 0/4 [00:00<?, ?it/s]
val:   0%|          | 0/4 [00:00<?, ?it/s, loss=0.0195]
val:   0%|          | 0/4 [00:00<?, ?it/s, loss=0.0186]
val:   0%|          | 0/4 [00:00<?, ?it/s, loss=0.0212]
val:  75%|███████▌  | 3/4 [00:00<00:00, 21.72it/s, loss=0.0212]
val:  75%|███████▌  | 3/4 [00:00<00:00, 21.72it/s, loss=0.0302]
                                                               
[PERF][val] samples(local/global)=8/8, batches(local/global)=4/4, samples/s(local/global)=43.2/43.2, ms/batch(local)=46.3, data_wait=4.9%, compute=94.8%, non_finite_skips(local)=0
[MEM] epoch=26 RAM(before/after)=1424.6/1417.6MB | GPU mem: gpu0 alloc=24.8MB resv=7092.0MB peak=5388.2MB
Epoch 26: train_loss=0.022399, val_loss=0.022386, lr=0.00030000
Updated best model: /home/nis/jinrui.yang/EaBNet_light/logs_cbam_flat_projection64/overfit8_lr3e4_20260924_161645/best/best_model.pt (val_loss=0.022386)

Epoch 27/200

train:   0%|          | 0/4 [00:00<?, ?it/s]
train:   0%|          | 0/4 [00:00<?, ?it/s, loss=0.0227]
train:  25%|██▌       | 1/4 [00:00<00:00,  6.18it/s, loss=0.0227]
train:  25%|██▌       | 1/4 [00:00<00:00,  6.18it/s, loss=0.0263]
train:  50%|█████     | 2/4 [00:00<00:00,  6.36it/s, loss=0.0263]
train:  50%|█████     | 2/4 [00:00<00:00,  6.36it/s, loss=0.0102]
train:  75%|███████▌  | 3/4 [00:00<00:00,  6.41it/s, loss=0.0102]
train:  75%|███████▌  | 3/4 [00:00<00:00,  6.41it/s, loss=0.0300]
train: 100%|██████████| 4/4 [00:00<00:00,  6.42it/s, loss=0.0300]
                                                                 
[PERF][train] samples(local/global)=8/8, batches(local/global)=4/4, samples/s(local/global)=12.8/12.8, ms/batch(local)=156.6, data_wait=2.8%, compute=97.0%, non_finite_skips(local)=0

val:   0%|          | 0/4 [00:00<?, ?it/s]
val:   0%|          | 0/4 [00:00<?, ?it/s, loss=0.0195]
val:   0%|          | 0/4 [00:00<?, ?it/s, loss=0.0186]
val:   0%|          | 0/4 [00:00<?, ?it/s, loss=0.0212]
val:  75%|███████▌  | 3/4 [00:00<00:00, 21.68it/s, loss=0.0212]
val:  75%|███████▌  | 3/4 [00:00<00:00, 21.68it/s, loss=0.0301]
                                                               
[PERF][val] samples(local/global)=8/8, batches(local/global)=4/4, samples/s(local/global)=43.0/43.0, ms/batch(local)=46.6, data_wait=5.7%, compute=94.0%, non_finite_skips(local)=0
[MEM] epoch=27 RAM(before/after)=1417.6/1417.6MB | GPU mem: gpu0 alloc=24.8MB resv=7092.0MB peak=5388.2MB
Epoch 27: train_loss=0.022306, val_loss=0.022340, lr=0.00030000
Updated best model: /home/nis/jinrui.yang/EaBNet_light/logs_cbam_flat_projection64/overfit8_lr3e4_20260924_161645/best/best_model.pt (val_loss=0.022340)

Epoch 28/200

train:   0%|          | 0/4 [00:00<?, ?it/s]
train:   0%|          | 0/4 [00:00<?, ?it/s, loss=0.0188]
train:  25%|██▌       | 1/4 [00:00<00:00,  6.48it/s, loss=0.0188]
train:  25%|██▌       | 1/4 [00:00<00:00,  6.48it/s, loss=0.0170]
train:  50%|█████     | 2/4 [00:00<00:00,  6.48it/s, loss=0.0170]
train:  50%|█████     | 2/4 [00:00<00:00,  6.48it/s, loss=0.0372]
train:  75%|███████▌  | 3/4 [00:00<00:00,  6.47it/s, loss=0.0372]
train:  75%|███████▌  | 3/4 [00:00<00:00,  6.47it/s, loss=0.0160]
train: 100%|██████████| 4/4 [00:00<00:00,  6.47it/s, loss=0.0160]
                                                                 
[PERF][train] samples(local/global)=8/8, batches(local/global)=4/4, samples/s(local/global)=12.9/12.9, ms/batch(local)=154.5, data_wait=1.9%, compute=98.1%, non_finite_skips(local)=0

val:   0%|          | 0/4 [00:00<?, ?it/s]
val:   0%|          | 0/4 [00:00<?, ?it/s, loss=0.0194]
val:   0%|          | 0/4 [00:00<?, ?it/s, loss=0.0185]
val:   0%|          | 0/4 [00:00<?, ?it/s, loss=0.0211]
val:  75%|███████▌  | 3/4 [00:00<00:00, 21.70it/s, loss=0.0211]
val:  75%|███████▌  | 3/4 [00:00<00:00, 21.70it/s, loss=0.0300]
                                                               
[PERF][val] samples(local/global)=8/8, batches(local/global)=4/4, samples/s(local/global)=43.2/43.2, ms/batch(local)=46.3, data_wait=5.1%, compute=94.8%, non_finite_skips(local)=0
[MEM] epoch=28 RAM(before/after)=1417.6/1424.6MB | GPU mem: gpu0 alloc=24.8MB resv=7092.0MB peak=5388.2MB
Epoch 28: train_loss=0.022255, val_loss=0.022262, lr=0.00030000
Updated best model: /home/nis/jinrui.yang/EaBNet_light/logs_cbam_flat_projection64/overfit8_lr3e4_20260924_161645/best/best_model.pt (val_loss=0.022262)

Epoch 29/200

train:   0%|          | 0/4 [00:00<?, ?it/s]
train:   0%|          | 0/4 [00:00<?, ?it/s, loss=0.0186]
train:  25%|██▌       | 1/4 [00:00<00:00,  6.49it/s, loss=0.0186]
train:  25%|██▌       | 1/4 [00:00<00:00,  6.49it/s, loss=0.0154]
train:  50%|█████     | 2/4 [00:00<00:00,  6.47it/s, loss=0.0154]
train:  50%|█████     | 2/4 [00:00<00:00,  6.47it/s, loss=0.0244]
train:  75%|███████▌  | 3/4 [00:00<00:00,  6.48it/s, loss=0.0244]
train:  75%|███████▌  | 3/4 [00:00<00:00,  6.48it/s, loss=0.0306]
train: 100%|██████████| 4/4 [00:00<00:00,  6.48it/s, loss=0.0306]
                                                                 
[PERF][train] samples(local/global)=8/8, batches(local/global)=4/4, samples/s(local/global)=12.9/12.9, ms/batch(local)=154.4, data_wait=1.7%, compute=98.1%, non_finite_skips(local)=0

val:   0%|          | 0/4 [00:00<?, ?it/s]
val:   0%|          | 0/4 [00:00<?, ?it/s, loss=0.0194]
val:   0%|          | 0/4 [00:00<?, ?it/s, loss=0.0185]
val:   0%|          | 0/4 [00:00<?, ?it/s, loss=0.0210]
val:  75%|███████▌  | 3/4 [00:00<00:00, 21.63it/s, loss=0.0210]
val:  75%|███████▌  | 3/4 [00:00<00:00, 21.63it/s, loss=0.0300]
                                                               
[PERF][val] samples(local/global)=8/8, batches(local/global)=4/4, samples/s(local/global)=43.3/43.3, ms/batch(local)=46.2, data_wait=4.7%, compute=94.9%, non_finite_skips(local)=0
[MEM] epoch=29 RAM(before/after)=1424.6/1417.6MB | GPU mem: gpu0 alloc=24.8MB resv=7092.0MB peak=5388.2MB
Epoch 29: train_loss=0.022257, val_loss=0.022221, lr=0.00030000
Updated best model: /home/nis/jinrui.yang/EaBNet_light/logs_cbam_flat_projection64/overfit8_lr3e4_20260924_161645/best/best_model.pt (val_loss=0.022221)

Epoch 30/200

train:   0%|          | 0/4 [00:00<?, ?it/s]
train:   0%|          | 0/4 [00:00<?, ?it/s, loss=0.0154]
train:  25%|██▌       | 1/4 [00:00<00:00,  6.49it/s, loss=0.0154]
train:  25%|██▌       | 1/4 [00:00<00:00,  6.49it/s, loss=0.0447]
train:  50%|█████     | 2/4 [00:00<00:00,  6.47it/s, loss=0.0447]
train:  50%|█████     | 2/4 [00:00<00:00,  6.47it/s, loss=0.0117]
train:  75%|███████▌  | 3/4 [00:00<00:00,  6.47it/s, loss=0.0117]
train:  75%|███████▌  | 3/4 [00:00<00:00,  6.47it/s, loss=0.0168]
train: 100%|██████████| 4/4 [00:00<00:00,  6.45it/s, loss=0.0168]
                                                                 
[PERF][train] samples(local/global)=8/8, batches(local/global)=4/4, samples/s(local/global)=12.9/12.9, ms/batch(local)=154.9, data_wait=2.0%, compute=97.9%, non_finite_skips(local)=0

val:   0%|          | 0/4 [00:00<?, ?it/s]
val:   0%|          | 0/4 [00:00<?, ?it/s, loss=0.0194]
val:   0%|          | 0/4 [00:00<?, ?it/s, loss=0.0184]
val:   0%|          | 0/4 [00:00<?, ?it/s, loss=0.0210]
val:  75%|███████▌  | 3/4 [00:00<00:00, 21.77it/s, loss=0.0210]
val:  75%|███████▌  | 3/4 [00:00<00:00, 21.77it/s, loss=0.0300]
                                                               
[PERF][val] samples(local/global)=8/8, batches(local/global)=4/4, samples/s(local/global)=43.4/43.4, ms/batch(local)=46.1, data_wait=4.9%, compute=94.9%, non_finite_skips(local)=0
[MEM] epoch=30 RAM(before/after)=1417.6/1417.6MB | GPU mem: gpu0 alloc=24.8MB resv=7092.0MB peak=5388.2MB
Epoch 30: train_loss=0.022141, val_loss=0.022213, lr=0.00030000
Updated best model: /home/nis/jinrui.yang/EaBNet_light/logs_cbam_flat_projection64/overfit8_lr3e4_20260924_161645/best/best_model.pt (val_loss=0.022213)

Epoch 31/200

train:   0%|          | 0/4 [00:00<?, ?it/s]
train:   0%|          | 0/4 [00:00<?, ?it/s, loss=0.0121]
train:  25%|██▌       | 1/4 [00:00<00:00,  6.47it/s, loss=0.0121]
train:  25%|██▌       | 1/4 [00:00<00:00,  6.47it/s, loss=0.0187]
train:  50%|█████     | 2/4 [00:00<00:00,  6.46it/s, loss=0.0187]
train:  50%|█████     | 2/4 [00:00<00:00,  6.46it/s, loss=0.0211]
train:  75%|███████▌  | 3/4 [00:00<00:00,  6.46it/s, loss=0.0211]
train:  75%|███████▌  | 3/4 [00:00<00:00,  6.46it/s, loss=0.0370]
train: 100%|██████████| 4/4 [00:00<00:00,  6.47it/s, loss=0.0370]
                                                                 
[PERF][train] samples(local/global)=8/8, batches(local/global)=4/4, samples/s(local/global)=12.9/12.9, ms/batch(local)=154.8, data_wait=1.8%, compute=98.1%, non_finite_skips(local)=0

val:   0%|          | 0/4 [00:00<?, ?it/s]
val:   0%|          | 0/4 [00:00<?, ?it/s, loss=0.0193]
val:   0%|          | 0/4 [00:00<?, ?it/s, loss=0.0183]
val:   0%|          | 0/4 [00:00<?, ?it/s, loss=0.0209]
val:  75%|███████▌  | 3/4 [00:00<00:00, 21.67it/s, loss=0.0209]
val:  75%|███████▌  | 3/4 [00:00<00:00, 21.67it/s, loss=0.0299]
                                                               
[PERF][val] samples(local/global)=8/8, batches(local/global)=4/4, samples/s(local/global)=43.2/43.2, ms/batch(local)=46.3, data_wait=4.8%, compute=94.8%, non_finite_skips(local)=0
[MEM] epoch=31 RAM(before/after)=1417.6/1415.8MB | GPU mem: gpu0 alloc=24.8MB resv=7092.0MB peak=5388.2MB
Epoch 31: train_loss=0.022224, val_loss=0.022104, lr=0.00030000
Updated best model: /home/nis/jinrui.yang/EaBNet_light/logs_cbam_flat_projection64/overfit8_lr3e4_20260924_161645/best/best_model.pt (val_loss=0.022104)

Epoch 32/200

train:   0%|          | 0/4 [00:00<?, ?it/s]
train:   0%|          | 0/4 [00:00<?, ?it/s, loss=0.0372]
train:  25%|██▌       | 1/4 [00:00<00:00,  6.48it/s, loss=0.0372]
train:  25%|██▌       | 1/4 [00:00<00:00,  6.48it/s, loss=0.0159]
train:  50%|█████     | 2/4 [00:00<00:00,  6.45it/s, loss=0.0159]
train:  50%|█████     | 2/4 [00:00<00:00,  6.45it/s, loss=0.0110]
train:  75%|███████▌  | 3/4 [00:00<00:00,  6.47it/s, loss=0.0110]
train:  75%|███████▌  | 3/4 [00:00<00:00,  6.47it/s, loss=0.0242]
train: 100%|██████████| 4/4 [00:00<00:00,  6.48it/s, loss=0.0242]
                                                                 
[PERF][train] samples(local/global)=8/8, batches(local/global)=4/4, samples/s(local/global)=12.9/12.9, ms/batch(local)=154.6, data_wait=1.7%, compute=98.2%, non_finite_skips(local)=0

val:   0%|          | 0/4 [00:00<?, ?it/s]
val:   0%|          | 0/4 [00:00<?, ?it/s, loss=0.0193]
val:   0%|          | 0/4 [00:00<?, ?it/s, loss=0.0183]
val:   0%|          | 0/4 [00:00<?, ?it/s, loss=0.0209]
val:  75%|███████▌  | 3/4 [00:00<00:00, 21.46it/s, loss=0.0209]
val:  75%|███████▌  | 3/4 [00:00<00:00, 21.46it/s, loss=0.0298]
                                                               
[PERF][val] samples(local/global)=8/8, batches(local/global)=4/4, samples/s(local/global)=43.0/43.0, ms/batch(local)=46.6, data_wait=5.8%, compute=94.2%, non_finite_skips(local)=0
[MEM] epoch=32 RAM(before/after)=1415.8/1424.6MB | GPU mem: gpu0 alloc=24.8MB resv=7092.0MB peak=5388.2MB
Epoch 32: train_loss=0.022075, val_loss=0.022067, lr=0.00030000
Updated best model: /home/nis/jinrui.yang/EaBNet_light/logs_cbam_flat_projection64/overfit8_lr3e4_20260924_161645/best/best_model.pt (val_loss=0.022067)

Epoch 33/200

train:   0%|          | 0/4 [00:00<?, ?it/s]
train:   0%|          | 0/4 [00:00<?, ?it/s, loss=0.0445]
train:  25%|██▌       | 1/4 [00:00<00:00,  6.48it/s, loss=0.0445]
train:  25%|██▌       | 1/4 [00:00<00:00,  6.48it/s, loss=0.0227]
train:  50%|█████     | 2/4 [00:00<00:00,  6.48it/s, loss=0.0227]
train:  50%|█████     | 2/4 [00:00<00:00,  6.48it/s, loss=0.0095]
train:  75%|███████▌  | 3/4 [00:00<00:00,  6.48it/s, loss=0.0095]
train:  75%|███████▌  | 3/4 [00:00<00:00,  6.48it/s, loss=0.0116]
train: 100%|██████████| 4/4 [00:00<00:00,  6.47it/s, loss=0.0116]
                                                                 
[PERF][train] samples(local/global)=8/8, batches(local/global)=4/4, samples/s(local/global)=12.9/12.9, ms/batch(local)=154.5, data_wait=1.6%, compute=98.3%, non_finite_skips(local)=0

val:   0%|          | 0/4 [00:00<?, ?it/s]
val:   0%|          | 0/4 [00:00<?, ?it/s, loss=0.0193]
val:   0%|          | 0/4 [00:00<?, ?it/s, loss=0.0183]
val:   0%|          | 0/4 [00:00<?, ?it/s, loss=0.0208]
val:  75%|███████▌  | 3/4 [00:00<00:00, 21.62it/s, loss=0.0208]
val:  75%|███████▌  | 3/4 [00:00<00:00, 21.62it/s, loss=0.0298]
                                                               
[PERF][val] samples(local/global)=8/8, batches(local/global)=4/4, samples/s(local/global)=43.3/43.3, ms/batch(local)=46.2, data_wait=4.9%, compute=95.0%, non_finite_skips(local)=0
[MEM] epoch=33 RAM(before/after)=1424.6/1424.6MB | GPU mem: gpu0 alloc=24.8MB resv=7092.0MB peak=5388.2MB
Epoch 33: train_loss=0.022074, val_loss=0.022062, lr=0.00030000
Updated best model: /home/nis/jinrui.yang/EaBNet_light/logs_cbam_flat_projection64/overfit8_lr3e4_20260924_161645/best/best_model.pt (val_loss=0.022062)

Epoch 34/200

train:   0%|          | 0/4 [00:00<?, ?it/s]
train:   0%|          | 0/4 [00:00<?, ?it/s, loss=0.0209]
train:  25%|██▌       | 1/4 [00:00<00:00,  6.47it/s, loss=0.0209]
train:  25%|██▌       | 1/4 [00:00<00:00,  6.47it/s, loss=0.0116]
train:  50%|█████     | 2/4 [00:00<00:00,  6.46it/s, loss=0.0116]
train:  50%|█████     | 2/4 [00:00<00:00,  6.46it/s, loss=0.0259]
train:  75%|███████▌  | 3/4 [00:00<00:00,  6.46it/s, loss=0.0259]
train:  75%|███████▌  | 3/4 [00:00<00:00,  6.46it/s, loss=0.0296]
train: 100%|██████████| 4/4 [00:00<00:00,  6.46it/s, loss=0.0296]
                                                                 
[PERF][train] samples(local/global)=8/8, batches(local/global)=4/4, samples/s(local/global)=12.9/12.9, ms/batch(local)=154.8, data_wait=1.7%, compute=98.2%, non_finite_skips(local)=0

val:   0%|          | 0/4 [00:00<?, ?it/s]
val:   0%|          | 0/4 [00:00<?, ?it/s, loss=0.0193]
val:   0%|          | 0/4 [00:00<?, ?it/s, loss=0.0182]
val:   0%|          | 0/4 [00:00<?, ?it/s, loss=0.0208]
val:  75%|███████▌  | 3/4 [00:00<00:00, 21.68it/s, loss=0.0208]
val:  75%|███████▌  | 3/4 [00:00<00:00, 21.68it/s, loss=0.0298]
                                                               
[PERF][val] samples(local/global)=8/8, batches(local/global)=4/4, samples/s(local/global)=43.4/43.4, ms/batch(local)=46.1, data_wait=4.8%, compute=95.2%, non_finite_skips(local)=0
[MEM] epoch=34 RAM(before/after)=1424.6/1424.6MB | GPU mem: gpu0 alloc=24.8MB resv=7092.0MB peak=5388.2MB
Epoch 34: train_loss=0.022019, val_loss=0.022008, lr=0.00030000
Updated best model: /home/nis/jinrui.yang/EaBNet_light/logs_cbam_flat_projection64/overfit8_lr3e4_20260924_161645/best/best_model.pt (val_loss=0.022008)

Epoch 35/200

train:   0%|          | 0/4 [00:00<?, ?it/s]
train:   0%|          | 0/4 [00:00<?, ?it/s, loss=0.0186]
train:  25%|██▌       | 1/4 [00:00<00:00,  6.39it/s, loss=0.0186]
train:  25%|██▌       | 1/4 [00:00<00:00,  6.39it/s, loss=0.0351]
train:  50%|█████     | 2/4 [00:00<00:00,  6.41it/s, loss=0.0351]
train:  50%|█████     | 2/4 [00:00<00:00,  6.41it/s, loss=0.0183]
train:  75%|███████▌  | 3/4 [00:00<00:00,  6.45it/s, loss=0.0183]
train:  75%|███████▌  | 3/4 [00:00<00:00,  6.45it/s, loss=0.0158]
train: 100%|██████████| 4/4 [00:00<00:00,  6.47it/s, loss=0.0158]
                                                                 
[PERF][train] samples(local/global)=8/8, batches(local/global)=4/4, samples/s(local/global)=12.9/12.9, ms/batch(local)=155.2, data_wait=2.0%, compute=97.9%, non_finite_skips(local)=0

val:   0%|          | 0/4 [00:00<?, ?it/s]
val:   0%|          | 0/4 [00:00<?, ?it/s, loss=0.0192]
val:   0%|          | 0/4 [00:00<?, ?it/s, loss=0.0182]
val:   0%|          | 0/4 [00:00<?, ?it/s, loss=0.0207]
val:  75%|███████▌  | 3/4 [00:00<00:00, 21.56it/s, loss=0.0207]
val:  75%|███████▌  | 3/4 [00:00<00:00, 21.56it/s, loss=0.0297]
                                                               
[PERF][val] samples(local/global)=8/8, batches(local/global)=4/4, samples/s(local/global)=43.1/43.1, ms/batch(local)=46.4, data_wait=5.4%, compute=94.6%, non_finite_skips(local)=0
[MEM] epoch=35 RAM(before/after)=1424.6/1425.8MB | GPU mem: gpu0 alloc=24.8MB resv=7092.0MB peak=5388.2MB
Epoch 35: train_loss=0.021955, val_loss=0.021948, lr=0.00030000
Updated best model: /home/nis/jinrui.yang/EaBNet_light/logs_cbam_flat_projection64/overfit8_lr3e4_20260924_161645/best/best_model.pt (val_loss=0.021948)

Epoch 36/200

train:   0%|          | 0/4 [00:00<?, ?it/s]
train:   0%|          | 0/4 [00:00<?, ?it/s, loss=0.0240]
train:  25%|██▌       | 1/4 [00:00<00:00,  6.37it/s, loss=0.0240]
train:  25%|██▌       | 1/4 [00:00<00:00,  6.37it/s, loss=0.0182]
train:  50%|█████     | 2/4 [00:00<00:00,  6.44it/s, loss=0.0182]
train:  50%|█████     | 2/4 [00:00<00:00,  6.44it/s, loss=0.0157]
train:  75%|███████▌  | 3/4 [00:00<00:00,  6.47it/s, loss=0.0157]
train:  75%|███████▌  | 3/4 [00:00<00:00,  6.47it/s, loss=0.0295]
train: 100%|██████████| 4/4 [00:00<00:00,  6.46it/s, loss=0.0295]
                                                                 
[PERF][train] samples(local/global)=8/8, batches(local/global)=4/4, samples/s(local/global)=12.9/12.9, ms/batch(local)=155.1, data_wait=2.0%, compute=97.9%, non_finite_skips(local)=0

val:   0%|          | 0/4 [00:00<?, ?it/s]
val:   0%|          | 0/4 [00:00<?, ?it/s, loss=0.0192]
val:   0%|          | 0/4 [00:00<?, ?it/s, loss=0.0182]
val:   0%|          | 0/4 [00:00<?, ?it/s, loss=0.0206]
val:  75%|███████▌  | 3/4 [00:00<00:00, 21.56it/s, loss=0.0206]
val:  75%|███████▌  | 3/4 [00:00<00:00, 21.56it/s, loss=0.0297]
                                                               
[PERF][val] samples(local/global)=8/8, batches(local/global)=4/4, samples/s(local/global)=42.6/42.6, ms/batch(local)=47.0, data_wait=6.3%, compute=93.4%, non_finite_skips(local)=0
[MEM] epoch=36 RAM(before/after)=1425.8/1417.0MB | GPU mem: gpu0 alloc=24.8MB resv=7092.0MB peak=5388.2MB
Epoch 36: train_loss=0.021872, val_loss=0.021953, lr=0.00030000

Epoch 37/200

train:   0%|          | 0/4 [00:00<?, ?it/s]
train:   0%|          | 0/4 [00:00<?, ?it/s, loss=0.0047]
train:  25%|██▌       | 1/4 [00:00<00:00,  6.31it/s, loss=0.0047]
train:  25%|██▌       | 1/4 [00:00<00:00,  6.31it/s, loss=0.0365]
train:  50%|█████     | 2/4 [00:00<00:00,  6.40it/s, loss=0.0365]
train:  50%|█████     | 2/4 [00:00<00:00,  6.40it/s, loss=0.0258]
train:  75%|███████▌  | 3/4 [00:00<00:00,  6.42it/s, loss=0.0258]
train:  75%|███████▌  | 3/4 [00:00<00:00,  6.42it/s, loss=0.0207]
train: 100%|██████████| 4/4 [00:00<00:00,  6.45it/s, loss=0.0207]
                                                                 
[PERF][train] samples(local/global)=8/8, batches(local/global)=4/4, samples/s(local/global)=12.8/12.8, ms/batch(local)=155.7, data_wait=2.3%, compute=97.7%, non_finite_skips(local)=0

val:   0%|          | 0/4 [00:00<?, ?it/s]
val:   0%|          | 0/4 [00:00<?, ?it/s, loss=0.0192]
val:   0%|          | 0/4 [00:00<?, ?it/s, loss=0.0182]
val:   0%|          | 0/4 [00:00<?, ?it/s, loss=0.0206]
val:  75%|███████▌  | 3/4 [00:00<00:00, 21.64it/s, loss=0.0206]
val:  75%|███████▌  | 3/4 [00:00<00:00, 21.64it/s, loss=0.0297]
                                                               
[PERF][val] samples(local/global)=8/8, batches(local/global)=4/4, samples/s(local/global)=43.2/43.2, ms/batch(local)=46.3, data_wait=4.9%, compute=95.1%, non_finite_skips(local)=0
[MEM] epoch=37 RAM(before/after)=1417.0/1424.6MB | GPU mem: gpu0 alloc=24.8MB resv=7092.0MB peak=5388.2MB
Epoch 37: train_loss=0.021912, val_loss=0.021906, lr=0.00030000
Updated best model: /home/nis/jinrui.yang/EaBNet_light/logs_cbam_flat_projection64/overfit8_lr3e4_20260924_161645/best/best_model.pt (val_loss=0.021906)

Epoch 38/200

train:   0%|          | 0/4 [00:00<?, ?it/s]
train:   0%|          | 0/4 [00:00<?, ?it/s, loss=0.0409]
train:  25%|██▌       | 1/4 [00:00<00:00,  6.41it/s, loss=0.0409]
train:  25%|██▌       | 1/4 [00:00<00:00,  6.41it/s, loss=0.0185]
train:  50%|█████     | 2/4 [00:00<00:00,  6.45it/s, loss=0.0185]
train:  50%|█████     | 2/4 [00:00<00:00,  6.45it/s, loss=0.0181]
train:  75%|███████▌  | 3/4 [00:00<00:00,  6.46it/s, loss=0.0181]
train:  75%|███████▌  | 3/4 [00:00<00:00,  6.46it/s, loss=0.0100]
train: 100%|██████████| 4/4 [00:00<00:00,  6.46it/s, loss=0.0100]
                                                                 
[PERF][train] samples(local/global)=8/8, batches(local/global)=4/4, samples/s(local/global)=12.9/12.9, ms/batch(local)=154.9, data_wait=1.8%, compute=98.1%, non_finite_skips(local)=0

val:   0%|          | 0/4 [00:00<?, ?it/s]
val:   0%|          | 0/4 [00:00<?, ?it/s, loss=0.0192]
val:   0%|          | 0/4 [00:00<?, ?it/s, loss=0.0180]
val:   0%|          | 0/4 [00:00<?, ?it/s, loss=0.0205]
val:  75%|███████▌  | 3/4 [00:00<00:00, 21.61it/s, loss=0.0205]
val:  75%|███████▌  | 3/4 [00:00<00:00, 21.61it/s, loss=0.0295]
                                                               
[PERF][val] samples(local/global)=8/8, batches(local/global)=4/4, samples/s(local/global)=43.2/43.2, ms/batch(local)=46.3, data_wait=5.0%, compute=95.0%, non_finite_skips(local)=0
[MEM] epoch=38 RAM(before/after)=1424.6/1424.6MB | GPU mem: gpu0 alloc=24.8MB resv=7092.0MB peak=5388.2MB
Epoch 38: train_loss=0.021862, val_loss=0.021830, lr=0.00030000
Updated best model: /home/nis/jinrui.yang/EaBNet_light/logs_cbam_flat_projection64/overfit8_lr3e4_20260924_161645/best/best_model.pt (val_loss=0.021830)

Epoch 39/200

train:   0%|          | 0/4 [00:00<?, ?it/s]
train:   0%|          | 0/4 [00:00<?, ?it/s, loss=0.0205]
train:  25%|██▌       | 1/4 [00:00<00:00,  6.48it/s, loss=0.0205]
train:  25%|██▌       | 1/4 [00:00<00:00,  6.48it/s, loss=0.0257]
train:  50%|█████     | 2/4 [00:00<00:00,  6.49it/s, loss=0.0257]
train:  50%|█████     | 2/4 [00:00<00:00,  6.49it/s, loss=0.0108]
train:  75%|███████▌  | 3/4 [00:00<00:00,  6.47it/s, loss=0.0108]
train:  75%|███████▌  | 3/4 [00:00<00:00,  6.47it/s, loss=0.0301]
train: 100%|██████████| 4/4 [00:00<00:00,  6.48it/s, loss=0.0301]
                                                                 
[PERF][train] samples(local/global)=8/8, batches(local/global)=4/4, samples/s(local/global)=13.0/13.0, ms/batch(local)=154.4, data_wait=1.7%, compute=98.3%, non_finite_skips(local)=0

val:   0%|          | 0/4 [00:00<?, ?it/s]
val:   0%|          | 0/4 [00:00<?, ?it/s, loss=0.0192]
val:   0%|          | 0/4 [00:00<?, ?it/s, loss=0.0180]
val:   0%|          | 0/4 [00:00<?, ?it/s, loss=0.0205]
val:  75%|███████▌  | 3/4 [00:00<00:00, 21.65it/s, loss=0.0205]
val:  75%|███████▌  | 3/4 [00:00<00:00, 21.65it/s, loss=0.0295]
                                                               
[PERF][val] samples(local/global)=8/8, batches(local/global)=4/4, samples/s(local/global)=43.2/43.2, ms/batch(local)=46.3, data_wait=5.1%, compute=94.9%, non_finite_skips(local)=0
[MEM] epoch=39 RAM(before/after)=1424.6/1424.6MB | GPU mem: gpu0 alloc=24.8MB resv=7092.0MB peak=5388.2MB
Epoch 39: train_loss=0.021791, val_loss=0.021805, lr=0.00030000
Updated best model: /home/nis/jinrui.yang/EaBNet_light/logs_cbam_flat_projection64/overfit8_lr3e4_20260924_161645/best/best_model.pt (val_loss=0.021805)

Epoch 40/200

train:   0%|          | 0/4 [00:00<?, ?it/s]
train:   0%|          | 0/4 [00:00<?, ?it/s, loss=0.0156]
train:  25%|██▌       | 1/4 [00:00<00:00,  6.51it/s, loss=0.0156]
train:  25%|██▌       | 1/4 [00:00<00:00,  6.51it/s, loss=0.0254]
train:  50%|█████     | 2/4 [00:00<00:00,  6.48it/s, loss=0.0254]
train:  50%|█████     | 2/4 [00:00<00:00,  6.48it/s, loss=0.0093]
train:  75%|███████▌  | 3/4 [00:00<00:00,  6.47it/s, loss=0.0093]
train:  75%|███████▌  | 3/4 [00:00<00:00,  6.47it/s, loss=0.0366]
train: 100%|██████████| 4/4 [00:00<00:00,  6.47it/s, loss=0.0366]
                                                                 
[PERF][train] samples(local/global)=8/8, batches(local/global)=4/4, samples/s(local/global)=13.0/13.0, ms/batch(local)=154.4, data_wait=1.6%, compute=98.3%, non_finite_skips(local)=0

val:   0%|          | 0/4 [00:00<?, ?it/s]
val:   0%|          | 0/4 [00:00<?, ?it/s, loss=0.0191]
val:   0%|          | 0/4 [00:00<?, ?it/s, loss=0.0180]
val:   0%|          | 0/4 [00:00<?, ?it/s, loss=0.0205]
val:  75%|███████▌  | 3/4 [00:00<00:00, 21.63it/s, loss=0.0205]
val:  75%|███████▌  | 3/4 [00:00<00:00, 21.63it/s, loss=0.0294]
                                                               
[PERF][val] samples(local/global)=8/8, batches(local/global)=4/4, samples/s(local/global)=43.2/43.2, ms/batch(local)=46.3, data_wait=5.0%, compute=94.9%, non_finite_skips(local)=0
[MEM] epoch=40 RAM(before/after)=1424.6/1424.6MB | GPU mem: gpu0 alloc=24.8MB resv=7092.0MB peak=5388.2MB
Epoch 40: train_loss=0.021739, val_loss=0.021759, lr=0.00030000
Updated best model: /home/nis/jinrui.yang/EaBNet_light/logs_cbam_flat_projection64/overfit8_lr3e4_20260924_161645/best/best_model.pt (val_loss=0.021759)

Epoch 41/200

train:   0%|          | 0/4 [00:00<?, ?it/s]
train:   0%|          | 0/4 [00:00<?, ?it/s, loss=0.0156]
train:  25%|██▌       | 1/4 [00:00<00:00,  6.45it/s, loss=0.0156]
train:  25%|██▌       | 1/4 [00:00<00:00,  6.45it/s, loss=0.0164]
train:  50%|█████     | 2/4 [00:00<00:00,  6.46it/s, loss=0.0164]
train:  50%|█████     | 2/4 [00:00<00:00,  6.46it/s, loss=0.0184]
train:  75%|███████▌  | 3/4 [00:00<00:00,  6.46it/s, loss=0.0184]
train:  75%|███████▌  | 3/4 [00:00<00:00,  6.46it/s, loss=0.0363]
train: 100%|██████████| 4/4 [00:00<00:00,  6.46it/s, loss=0.0363]
                                                                 
[PERF][train] samples(local/global)=8/8, batches(local/global)=4/4, samples/s(local/global)=12.9/12.9, ms/batch(local)=154.9, data_wait=1.7%, compute=98.3%, non_finite_skips(local)=0

val:   0%|          | 0/4 [00:00<?, ?it/s]
val:   0%|          | 0/4 [00:00<?, ?it/s, loss=0.0191]
val:   0%|          | 0/4 [00:00<?, ?it/s, loss=0.0179]
val:   0%|          | 0/4 [00:00<?, ?it/s, loss=0.0204]
val:  75%|███████▌  | 3/4 [00:00<00:00, 21.58it/s, loss=0.0204]
val:  75%|███████▌  | 3/4 [00:00<00:00, 21.58it/s, loss=0.0294]
                                                               
[PERF][val] samples(local/global)=8/8, batches(local/global)=4/4, samples/s(local/global)=43.1/43.1, ms/batch(local)=46.4, data_wait=5.1%, compute=94.8%, non_finite_skips(local)=0
[MEM] epoch=41 RAM(before/after)=1424.6/1424.6MB | GPU mem: gpu0 alloc=24.8MB resv=7092.0MB peak=5388.2MB
Epoch 41: train_loss=0.021655, val_loss=0.021704, lr=0.00030000
Updated best model: /home/nis/jinrui.yang/EaBNet_light/logs_cbam_flat_projection64/overfit8_lr3e4_20260924_161645/best/best_model.pt (val_loss=0.021704)

Epoch 42/200

train:   0%|          | 0/4 [00:00<?, ?it/s]
train:   0%|          | 0/4 [00:00<?, ?it/s, loss=0.0297]
train:  25%|██▌       | 1/4 [00:00<00:00,  6.47it/s, loss=0.0297]
train:  25%|██▌       | 1/4 [00:00<00:00,  6.47it/s, loss=0.0300]
train:  50%|█████     | 2/4 [00:00<00:00,  6.46it/s, loss=0.0300]
train:  50%|█████     | 2/4 [00:00<00:00,  6.46it/s, loss=0.0163]
train:  75%|███████▌  | 3/4 [00:00<00:00,  6.46it/s, loss=0.0163]
train:  75%|███████▌  | 3/4 [00:00<00:00,  6.46it/s, loss=0.0108]
train: 100%|██████████| 4/4 [00:00<00:00,  6.46it/s, loss=0.0108]
                                                                 
[PERF][train] samples(local/global)=8/8, batches(local/global)=4/4, samples/s(local/global)=12.9/12.9, ms/batch(local)=154.7, data_wait=1.6%, compute=98.3%, non_finite_skips(local)=0

val:   0%|          | 0/4 [00:00<?, ?it/s]
val:   0%|          | 0/4 [00:00<?, ?it/s, loss=0.0191]
val:   0%|          | 0/4 [00:00<?, ?it/s, loss=0.0179]
val:   0%|          | 0/4 [00:00<?, ?it/s, loss=0.0204]
val:  75%|███████▌  | 3/4 [00:00<00:00, 21.64it/s, loss=0.0204]
val:  75%|███████▌  | 3/4 [00:00<00:00, 21.64it/s, loss=0.0294]
                                                               
[PERF][val] samples(local/global)=8/8, batches(local/global)=4/4, samples/s(local/global)=43.2/43.2, ms/batch(local)=46.2, data_wait=5.0%, compute=95.0%, non_finite_skips(local)=0
[MEM] epoch=42 RAM(before/after)=1424.6/1424.6MB | GPU mem: gpu0 alloc=24.8MB resv=7092.0MB peak=5388.2MB
Epoch 42: train_loss=0.021688, val_loss=0.021682, lr=0.00030000
Updated best model: /home/nis/jinrui.yang/EaBNet_light/logs_cbam_flat_projection64/overfit8_lr3e4_20260924_161645/best/best_model.pt (val_loss=0.021682)

Epoch 43/200

train:   0%|          | 0/4 [00:00<?, ?it/s]
train:   0%|          | 0/4 [00:00<?, ?it/s, loss=0.0163]
train:  25%|██▌       | 1/4 [00:00<00:00,  6.47it/s, loss=0.0163]
train:  25%|██▌       | 1/4 [00:00<00:00,  6.47it/s, loss=0.0296]
train:  50%|█████     | 2/4 [00:00<00:00,  6.47it/s, loss=0.0296]
train:  50%|█████     | 2/4 [00:00<00:00,  6.47it/s, loss=0.0292]
train:  75%|███████▌  | 3/4 [00:00<00:00,  6.46it/s, loss=0.0292]
train:  75%|███████▌  | 3/4 [00:00<00:00,  6.46it/s, loss=0.0114]
train: 100%|██████████| 4/4 [00:00<00:00,  6.46it/s, loss=0.0114]
                                                                 
[PERF][train] samples(local/global)=8/8, batches(local/global)=4/4, samples/s(local/global)=12.9/12.9, ms/batch(local)=154.7, data_wait=1.7%, compute=98.2%, non_finite_skips(local)=0

val:   0%|          | 0/4 [00:00<?, ?it/s]
val:   0%|          | 0/4 [00:00<?, ?it/s, loss=0.0191]
val:   0%|          | 0/4 [00:00<?, ?it/s, loss=0.0179]
val:   0%|          | 0/4 [00:00<?, ?it/s, loss=0.0204]
val:  75%|███████▌  | 3/4 [00:00<00:00, 21.74it/s, loss=0.0204]
val:  75%|███████▌  | 3/4 [00:00<00:00, 21.74it/s, loss=0.0294]
                                                               
[PERF][val] samples(local/global)=8/8, batches(local/global)=4/4, samples/s(local/global)=43.3/43.3, ms/batch(local)=46.1, data_wait=4.3%, compute=95.3%, non_finite_skips(local)=0
[MEM] epoch=43 RAM(before/after)=1424.6/1415.9MB | GPU mem: gpu0 alloc=24.8MB resv=7092.0MB peak=5388.2MB
Epoch 43: train_loss=0.021619, val_loss=0.021662, lr=0.00030000
Updated best model: /home/nis/jinrui.yang/EaBNet_light/logs_cbam_flat_projection64/overfit8_lr3e4_20260924_161645/best/best_model.pt (val_loss=0.021662)

Epoch 44/200

train:   0%|          | 0/4 [00:00<?, ?it/s]
train:   0%|          | 0/4 [00:00<?, ?it/s, loss=0.0295]
train:  25%|██▌       | 1/4 [00:00<00:00,  6.41it/s, loss=0.0295]
train:  25%|██▌       | 1/4 [00:00<00:00,  6.41it/s, loss=0.0092]
train:  50%|█████     | 2/4 [00:00<00:00,  6.41it/s, loss=0.0092]
train:  50%|█████     | 2/4 [00:00<00:00,  6.41it/s, loss=0.0299]
train:  75%|███████▌  | 3/4 [00:00<00:00,  6.44it/s, loss=0.0299]
train:  75%|███████▌  | 3/4 [00:00<00:00,  6.44it/s, loss=0.0179]
train: 100%|██████████| 4/4 [00:00<00:00,  6.45it/s, loss=0.0179]
                                                                 
[PERF][train] samples(local/global)=8/8, batches(local/global)=4/4, samples/s(local/global)=12.9/12.9, ms/batch(local)=155.4, data_wait=1.9%, compute=98.0%, non_finite_skips(local)=0

val:   0%|          | 0/4 [00:00<?, ?it/s]
val:   0%|          | 0/4 [00:00<?, ?it/s, loss=0.0191]
val:   0%|          | 0/4 [00:00<?, ?it/s, loss=0.0178]
val:   0%|          | 0/4 [00:00<?, ?it/s, loss=0.0204]
val:  75%|███████▌  | 3/4 [00:00<00:00, 21.41it/s, loss=0.0204]
val:  75%|███████▌  | 3/4 [00:00<00:00, 21.41it/s, loss=0.0293]
                                                               
[PERF][val] samples(local/global)=8/8, batches(local/global)=4/4, samples/s(local/global)=42.9/42.9, ms/batch(local)=46.6, data_wait=5.6%, compute=94.4%, non_finite_skips(local)=0
[MEM] epoch=44 RAM(before/after)=1415.9/1424.6MB | GPU mem: gpu0 alloc=24.8MB resv=7092.0MB peak=5388.2MB
Epoch 44: train_loss=0.021598, val_loss=0.021639, lr=0.00030000
Updated best model: /home/nis/jinrui.yang/EaBNet_light/logs_cbam_flat_projection64/overfit8_lr3e4_20260924_161645/best/best_model.pt (val_loss=0.021639)

Epoch 45/200

train:   0%|          | 0/4 [00:00<?, ?it/s]
train:   0%|          | 0/4 [00:00<?, ?it/s, loss=0.0099]
train:  25%|██▌       | 1/4 [00:00<00:00,  6.46it/s, loss=0.0099]
train:  25%|██▌       | 1/4 [00:00<00:00,  6.46it/s, loss=0.0111]
train:  50%|█████     | 2/4 [00:00<00:00,  6.46it/s, loss=0.0111]
train:  50%|█████     | 2/4 [00:00<00:00,  6.46it/s, loss=0.0218]
train:  75%|███████▌  | 3/4 [00:00<00:00,  6.43it/s, loss=0.0218]
train:  75%|███████▌  | 3/4 [00:00<00:00,  6.43it/s, loss=0.0438]
train: 100%|██████████| 4/4 [00:00<00:00,  6.44it/s, loss=0.0438]
                                                                 
[PERF][train] samples(local/global)=8/8, batches(local/global)=4/4, samples/s(local/global)=12.9/12.9, ms/batch(local)=155.2, data_wait=1.9%, compute=98.0%, non_finite_skips(local)=0

val:   0%|          | 0/4 [00:00<?, ?it/s]
val:   0%|          | 0/4 [00:00<?, ?it/s, loss=0.0191]
val:   0%|          | 0/4 [00:00<?, ?it/s, loss=0.0178]
val:   0%|          | 0/4 [00:00<?, ?it/s, loss=0.0203]
val:  75%|███████▌  | 3/4 [00:00<00:00, 21.50it/s, loss=0.0203]
val:  75%|███████▌  | 3/4 [00:00<00:00, 21.50it/s, loss=0.0293]
                                                               
[PERF][val] samples(local/global)=8/8, batches(local/global)=4/4, samples/s(local/global)=43.1/43.1, ms/batch(local)=46.4, data_wait=5.2%, compute=94.8%, non_finite_skips(local)=0
[MEM] epoch=45 RAM(before/after)=1424.6/1424.6MB | GPU mem: gpu0 alloc=24.8MB resv=7092.0MB peak=5388.2MB
Epoch 45: train_loss=0.021638, val_loss=0.021609, lr=0.00030000
Updated best model: /home/nis/jinrui.yang/EaBNet_light/logs_cbam_flat_projection64/overfit8_lr3e4_20260924_161645/best/best_model.pt (val_loss=0.021609)

Epoch 46/200

train:   0%|          | 0/4 [00:00<?, ?it/s]
train:   0%|          | 0/4 [00:00<?, ?it/s, loss=0.0046]
train:  25%|██▌       | 1/4 [00:00<00:00,  6.47it/s, loss=0.0046]
train:  25%|██▌       | 1/4 [00:00<00:00,  6.47it/s, loss=0.0254]
train:  50%|█████     | 2/4 [00:00<00:00,  6.45it/s, loss=0.0254]
train:  50%|█████     | 2/4 [00:00<00:00,  6.45it/s, loss=0.0403]
train:  75%|███████▌  | 3/4 [00:00<00:00,  6.45it/s, loss=0.0403]
train:  75%|███████▌  | 3/4 [00:00<00:00,  6.45it/s, loss=0.0161]
train: 100%|██████████| 4/4 [00:00<00:00,  6.46it/s, loss=0.0161]
                                                                 
[PERF][train] samples(local/global)=8/8, batches(local/global)=4/4, samples/s(local/global)=12.9/12.9, ms/batch(local)=154.9, data_wait=1.7%, compute=98.2%, non_finite_skips(local)=0

val:   0%|          | 0/4 [00:00<?, ?it/s]
val:   0%|          | 0/4 [00:00<?, ?it/s, loss=0.0191]
val:   0%|          | 0/4 [00:00<?, ?it/s, loss=0.0178]
val:   0%|          | 0/4 [00:00<?, ?it/s, loss=0.0203]
val:  75%|███████▌  | 3/4 [00:00<00:00, 21.52it/s, loss=0.0203]
val:  75%|███████▌  | 3/4 [00:00<00:00, 21.52it/s, loss=0.0292]
                                                               
[PERF][val] samples(local/global)=8/8, batches(local/global)=4/4, samples/s(local/global)=43.1/43.1, ms/batch(local)=46.4, data_wait=5.0%, compute=95.0%, non_finite_skips(local)=0
[MEM] epoch=46 RAM(before/after)=1424.6/1424.6MB | GPU mem: gpu0 alloc=24.8MB resv=7092.0MB peak=5388.2MB
Epoch 46: train_loss=0.021609, val_loss=0.021583, lr=0.00030000
Updated best model: /home/nis/jinrui.yang/EaBNet_light/logs_cbam_flat_projection64/overfit8_lr3e4_20260924_161645/best/best_model.pt (val_loss=0.021583)

Epoch 47/200

train:   0%|          | 0/4 [00:00<?, ?it/s]
train:   0%|          | 0/4 [00:00<?, ?it/s, loss=0.0359]
train:  25%|██▌       | 1/4 [00:00<00:00,  6.42it/s, loss=0.0359]
train:  25%|██▌       | 1/4 [00:00<00:00,  6.42it/s, loss=0.0091]
train:  50%|█████     | 2/4 [00:00<00:00,  6.43it/s, loss=0.0091]
train:  50%|█████     | 2/4 [00:00<00:00,  6.43it/s, loss=0.0254]
train:  75%|███████▌  | 3/4 [00:00<00:00,  6.45it/s, loss=0.0254]
train:  75%|███████▌  | 3/4 [00:00<00:00,  6.45it/s, loss=0.0154]
train: 100%|██████████| 4/4 [00:00<00:00,  6.45it/s, loss=0.0154]
                                                                 
[PERF][train] samples(local/global)=8/8, batches(local/global)=4/4, samples/s(local/global)=12.9/12.9, ms/batch(local)=155.2, data_wait=1.9%, compute=98.1%, non_finite_skips(local)=0

val:   0%|          | 0/4 [00:00<?, ?it/s]
val:   0%|          | 0/4 [00:00<?, ?it/s, loss=0.0191]
val:   0%|          | 0/4 [00:00<?, ?it/s, loss=0.0177]
val:   0%|          | 0/4 [00:00<?, ?it/s, loss=0.0202]
val:  75%|███████▌  | 3/4 [00:00<00:00, 21.61it/s, loss=0.0202]
val:  75%|███████▌  | 3/4 [00:00<00:00, 21.61it/s, loss=0.0292]
                                                               
[PERF][val] samples(local/global)=8/8, batches(local/global)=4/4, samples/s(local/global)=43.2/43.2, ms/batch(local)=46.3, data_wait=4.9%, compute=95.1%, non_finite_skips(local)=0
[MEM] epoch=47 RAM(before/after)=1424.6/1424.6MB | GPU mem: gpu0 alloc=24.8MB resv=7092.0MB peak=5388.2MB
Epoch 47: train_loss=0.021452, val_loss=0.021547, lr=0.00030000
Updated best model: /home/nis/jinrui.yang/EaBNet_light/logs_cbam_flat_projection64/overfit8_lr3e4_20260924_161645/best/best_model.pt (val_loss=0.021547)

Epoch 48/200

train:   0%|          | 0/4 [00:00<?, ?it/s]
train:   0%|          | 0/4 [00:00<?, ?it/s, loss=0.0401]
train:  25%|██▌       | 1/4 [00:00<00:00,  6.47it/s, loss=0.0401]
train:  25%|██▌       | 1/4 [00:00<00:00,  6.47it/s, loss=0.0110]
train:  50%|█████     | 2/4 [00:00<00:00,  6.44it/s, loss=0.0110]
train:  50%|█████     | 2/4 [00:00<00:00,  6.44it/s, loss=0.0252]
train:  75%|███████▌  | 3/4 [00:00<00:00,  6.46it/s, loss=0.0252]
train:  75%|███████▌  | 3/4 [00:00<00:00,  6.46it/s, loss=0.0098]
train: 100%|██████████| 4/4 [00:00<00:00,  6.47it/s, loss=0.0098]
                                                                 
[PERF][train] samples(local/global)=8/8, batches(local/global)=4/4, samples/s(local/global)=12.9/12.9, ms/batch(local)=154.9, data_wait=1.7%, compute=98.2%, non_finite_skips(local)=0

val:   0%|          | 0/4 [00:00<?, ?it/s]
val:   0%|          | 0/4 [00:00<?, ?it/s, loss=0.0190]
val:   0%|          | 0/4 [00:00<?, ?it/s, loss=0.0177]
val:   0%|          | 0/4 [00:00<?, ?it/s, loss=0.0202]
val:  75%|███████▌  | 3/4 [00:00<00:00, 21.63it/s, loss=0.0202]
val:  75%|███████▌  | 3/4 [00:00<00:00, 21.63it/s, loss=0.0291]
                                                               
[PERF][val] samples(local/global)=8/8, batches(local/global)=4/4, samples/s(local/global)=43.1/43.1, ms/batch(local)=46.5, data_wait=4.9%, compute=94.7%, non_finite_skips(local)=0
[MEM] epoch=48 RAM(before/after)=1424.6/1417.6MB | GPU mem: gpu0 alloc=24.8MB resv=7092.0MB peak=5388.2MB
Epoch 48: train_loss=0.021511, val_loss=0.021495, lr=0.00030000
Updated best model: /home/nis/jinrui.yang/EaBNet_light/logs_cbam_flat_projection64/overfit8_lr3e4_20260924_161645/best/best_model.pt (val_loss=0.021495)

Epoch 49/200

train:   0%|          | 0/4 [00:00<?, ?it/s]
train:   0%|          | 0/4 [00:00<?, ?it/s, loss=0.0117]
train:  25%|██▌       | 1/4 [00:00<00:00,  6.46it/s, loss=0.0117]
train:  25%|██▌       | 1/4 [00:00<00:00,  6.46it/s, loss=0.0399]
train:  50%|█████     | 2/4 [00:00<00:00,  6.44it/s, loss=0.0399]
train:  50%|█████     | 2/4 [00:00<00:00,  6.44it/s, loss=0.0106]
train:  75%|███████▌  | 3/4 [00:00<00:00,  6.45it/s, loss=0.0106]
train:  75%|███████▌  | 3/4 [00:00<00:00,  6.45it/s, loss=0.0236]
train: 100%|██████████| 4/4 [00:00<00:00,  6.43it/s, loss=0.0236]
                                                                 
[PERF][train] samples(local/global)=8/8, batches(local/global)=4/4, samples/s(local/global)=12.9/12.9, ms/batch(local)=155.4, data_wait=2.0%, compute=97.9%, non_finite_skips(local)=0

val:   0%|          | 0/4 [00:00<?, ?it/s]
val:   0%|          | 0/4 [00:00<?, ?it/s, loss=0.0190]
val:   0%|          | 0/4 [00:00<?, ?it/s, loss=0.0176]
val:   0%|          | 0/4 [00:00<?, ?it/s, loss=0.0202]
val:  75%|███████▌  | 3/4 [00:00<00:00, 21.55it/s, loss=0.0202]
val:  75%|███████▌  | 3/4 [00:00<00:00, 21.55it/s, loss=0.0291]
                                                               
[PERF][val] samples(local/global)=8/8, batches(local/global)=4/4, samples/s(local/global)=43.1/43.1, ms/batch(local)=46.4, data_wait=4.7%, compute=95.0%, non_finite_skips(local)=0
[MEM] epoch=49 RAM(before/after)=1417.6/1417.6MB | GPU mem: gpu0 alloc=24.8MB resv=7092.0MB peak=5388.2MB
Epoch 49: train_loss=0.021446, val_loss=0.021474, lr=0.00030000
Updated best model: /home/nis/jinrui.yang/EaBNet_light/logs_cbam_flat_projection64/overfit8_lr3e4_20260924_161645/best/best_model.pt (val_loss=0.021474)

Epoch 50/200

train:   0%|          | 0/4 [00:00<?, ?it/s]
train:   0%|          | 0/4 [00:00<?, ?it/s, loss=0.0398]
train:  25%|██▌       | 1/4 [00:00<00:00,  6.46it/s, loss=0.0398]
train:  25%|██▌       | 1/4 [00:00<00:00,  6.46it/s, loss=0.0190]
train:  50%|█████     | 2/4 [00:00<00:00,  6.46it/s, loss=0.0190]
train:  50%|█████     | 2/4 [00:00<00:00,  6.46it/s, loss=0.0159]
train:  75%|███████▌  | 3/4 [00:00<00:00,  6.45it/s, loss=0.0159]
train:  75%|███████▌  | 3/4 [00:00<00:00,  6.45it/s, loss=0.0109]
train: 100%|██████████| 4/4 [00:00<00:00,  6.45it/s, loss=0.0109]
                                                                 
[PERF][train] samples(local/global)=8/8, batches(local/global)=4/4, samples/s(local/global)=12.9/12.9, ms/batch(local)=155.0, data_wait=1.9%, compute=98.1%, non_finite_skips(local)=0

val:   0%|          | 0/4 [00:00<?, ?it/s]
val:   0%|          | 0/4 [00:00<?, ?it/s, loss=0.0190]
val:   0%|          | 0/4 [00:00<?, ?it/s, loss=0.0176]
val:   0%|          | 0/4 [00:00<?, ?it/s, loss=0.0202]
val:  75%|███████▌  | 3/4 [00:00<00:00, 21.67it/s, loss=0.0202]
val:  75%|███████▌  | 3/4 [00:00<00:00, 21.67it/s, loss=0.0290]
                                                               
[PERF][val] samples(local/global)=8/8, batches(local/global)=4/4, samples/s(local/global)=43.3/43.3, ms/batch(local)=46.2, data_wait=4.7%, compute=95.2%, non_finite_skips(local)=0
[MEM] epoch=50 RAM(before/after)=1417.6/1424.6MB | GPU mem: gpu0 alloc=24.8MB resv=7092.0MB peak=5388.2MB
Epoch 50: train_loss=0.021402, val_loss=0.021436, lr=0.00030000
Updated best model: /home/nis/jinrui.yang/EaBNet_light/logs_cbam_flat_projection64/overfit8_lr3e4_20260924_161645/best/best_model.pt (val_loss=0.021436)

Epoch 51/200

train:   0%|          | 0/4 [00:00<?, ?it/s]
train:   0%|          | 0/4 [00:00<?, ?it/s, loss=0.0189]
train:  25%|██▌       | 1/4 [00:00<00:00,  6.44it/s, loss=0.0189]
train:  25%|██▌       | 1/4 [00:00<00:00,  6.44it/s, loss=0.0201]
train:  50%|█████     | 2/4 [00:00<00:00,  6.46it/s, loss=0.0201]
train:  50%|█████     | 2/4 [00:00<00:00,  6.46it/s, loss=0.0360]
train:  75%|███████▌  | 3/4 [00:00<00:00,  6.45it/s, loss=0.0360]
train:  75%|███████▌  | 3/4 [00:00<00:00,  6.45it/s, loss=0.0106]
train: 100%|██████████| 4/4 [00:00<00:00,  6.45it/s, loss=0.0106]
                                                                 
[PERF][train] samples(local/global)=8/8, batches(local/global)=4/4, samples/s(local/global)=12.9/12.9, ms/batch(local)=155.0, data_wait=1.7%, compute=98.2%, non_finite_skips(local)=0

val:   0%|          | 0/4 [00:00<?, ?it/s]
val:   0%|          | 0/4 [00:00<?, ?it/s, loss=0.0190]
val:   0%|          | 0/4 [00:00<?, ?it/s, loss=0.0176]
val:   0%|          | 0/4 [00:00<?, ?it/s, loss=0.0201]
val:  75%|███████▌  | 3/4 [00:00<00:00, 21.74it/s, loss=0.0201]
val:  75%|███████▌  | 3/4 [00:00<00:00, 21.74it/s, loss=0.0291]
                                                               
[PERF][val] samples(local/global)=8/8, batches(local/global)=4/4, samples/s(local/global)=43.4/43.4, ms/batch(local)=46.1, data_wait=4.6%, compute=95.4%, non_finite_skips(local)=0
[MEM] epoch=51 RAM(before/after)=1424.6/1424.6MB | GPU mem: gpu0 alloc=24.8MB resv=7092.0MB peak=5388.2MB
Epoch 51: train_loss=0.021383, val_loss=0.021417, lr=0.00030000
Updated best model: /home/nis/jinrui.yang/EaBNet_light/logs_cbam_flat_projection64/overfit8_lr3e4_20260924_161645/best/best_model.pt (val_loss=0.021417)

Epoch 52/200

train:   0%|          | 0/4 [00:00<?, ?it/s]
train:   0%|          | 0/4 [00:00<?, ?it/s, loss=0.0097]
train:  25%|██▌       | 1/4 [00:00<00:00,  6.48it/s, loss=0.0097]
train:  25%|██▌       | 1/4 [00:00<00:00,  6.48it/s, loss=0.0289]
train:  50%|█████     | 2/4 [00:00<00:00,  6.44it/s, loss=0.0289]
train:  50%|█████     | 2/4 [00:00<00:00,  6.44it/s, loss=0.0176]
train:  75%|███████▌  | 3/4 [00:00<00:00,  6.45it/s, loss=0.0176]
train:  75%|███████▌  | 3/4 [00:00<00:00,  6.45it/s, loss=0.0292]
train: 100%|██████████| 4/4 [00:00<00:00,  6.46it/s, loss=0.0292]
                                                                 
[PERF][train] samples(local/global)=8/8, batches(local/global)=4/4, samples/s(local/global)=12.9/12.9, ms/batch(local)=155.0, data_wait=1.7%, compute=98.3%, non_finite_skips(local)=0

val:   0%|          | 0/4 [00:00<?, ?it/s]
val:   0%|          | 0/4 [00:00<?, ?it/s, loss=0.0190]
val:   0%|          | 0/4 [00:00<?, ?it/s, loss=0.0176]
val:   0%|          | 0/4 [00:00<?, ?it/s, loss=0.0200]
val:  75%|███████▌  | 3/4 [00:00<00:00, 21.64it/s, loss=0.0200]
val:  75%|███████▌  | 3/4 [00:00<00:00, 21.64it/s, loss=0.0291]
                                                               
[PERF][val] samples(local/global)=8/8, batches(local/global)=4/4, samples/s(local/global)=43.2/43.2, ms/batch(local)=46.3, data_wait=4.7%, compute=95.2%, non_finite_skips(local)=0
[MEM] epoch=52 RAM(before/after)=1424.6/1424.7MB | GPU mem: gpu0 alloc=24.8MB resv=7092.0MB peak=5388.2MB
Epoch 52: train_loss=0.021343, val_loss=0.021428, lr=0.00030000

Epoch 53/200

train:   0%|          | 0/4 [00:00<?, ?it/s]
train:   0%|          | 0/4 [00:00<?, ?it/s, loss=0.0434]
train:  25%|██▌       | 1/4 [00:00<00:00,  6.47it/s, loss=0.0434]
train:  25%|██▌       | 1/4 [00:00<00:00,  6.47it/s, loss=0.0218]
train:  50%|█████     | 2/4 [00:00<00:00,  6.48it/s, loss=0.0218]
train:  50%|█████     | 2/4 [00:00<00:00,  6.48it/s, loss=0.0046]
train:  75%|███████▌  | 3/4 [00:00<00:00,  6.46it/s, loss=0.0046]
train:  75%|███████▌  | 3/4 [00:00<00:00,  6.46it/s, loss=0.0158]
train: 100%|██████████| 4/4 [00:00<00:00,  6.46it/s, loss=0.0158]
                                                                 
[PERF][train] samples(local/global)=8/8, batches(local/global)=4/4, samples/s(local/global)=12.9/12.9, ms/batch(local)=154.8, data_wait=1.6%, compute=98.3%, non_finite_skips(local)=0

val:   0%|          | 0/4 [00:00<?, ?it/s]
val:   0%|          | 0/4 [00:00<?, ?it/s, loss=0.0190]
val:   0%|          | 0/4 [00:00<?, ?it/s, loss=0.0175]
val:   0%|          | 0/4 [00:00<?, ?it/s, loss=0.0199]
val:  75%|███████▌  | 3/4 [00:00<00:00, 21.71it/s, loss=0.0199]
val:  75%|███████▌  | 3/4 [00:00<00:00, 21.71it/s, loss=0.0290]
                                                               
[PERF][val] samples(local/global)=8/8, batches(local/global)=4/4, samples/s(local/global)=43.3/43.3, ms/batch(local)=46.1, data_wait=4.5%, compute=95.4%, non_finite_skips(local)=0
[MEM] epoch=53 RAM(before/after)=1424.7/1424.7MB | GPU mem: gpu0 alloc=24.8MB resv=7092.0MB peak=5388.2MB
Epoch 53: train_loss=0.021381, val_loss=0.021348, lr=0.00030000
Updated best model: /home/nis/jinrui.yang/EaBNet_light/logs_cbam_flat_projection64/overfit8_lr3e4_20260924_161645/best/best_model.pt (val_loss=0.021348)

Epoch 54/200

train:   0%|          | 0/4 [00:00<?, ?it/s]
train:   0%|          | 0/4 [00:00<?, ?it/s, loss=0.0295]
train:  25%|██▌       | 1/4 [00:00<00:00,  6.47it/s, loss=0.0295]
train:  25%|██▌       | 1/4 [00:00<00:00,  6.47it/s, loss=0.0108]
train:  50%|█████     | 2/4 [00:00<00:00,  6.46it/s, loss=0.0108]
train:  50%|█████     | 2/4 [00:00<00:00,  6.46it/s, loss=0.0157]
train:  75%|███████▌  | 3/4 [00:00<00:00,  6.45it/s, loss=0.0157]
train:  75%|███████▌  | 3/4 [00:00<00:00,  6.45it/s, loss=0.0290]
train: 100%|██████████| 4/4 [00:00<00:00,  6.45it/s, loss=0.0290]
                                                                 
[PERF][train] samples(local/global)=8/8, batches(local/global)=4/4, samples/s(local/global)=12.9/12.9, ms/batch(local)=155.0, data_wait=1.8%, compute=98.1%, non_finite_skips(local)=0

val:   0%|          | 0/4 [00:00<?, ?it/s]
val:   0%|          | 0/4 [00:00<?, ?it/s, loss=0.0189]
val:   0%|          | 0/4 [00:00<?, ?it/s, loss=0.0175]
val:   0%|          | 0/4 [00:00<?, ?it/s, loss=0.0200]
val:  75%|███████▌  | 3/4 [00:00<00:00, 21.72it/s, loss=0.0200]
val:  75%|███████▌  | 3/4 [00:00<00:00, 21.72it/s, loss=0.0291]
                                                               
[PERF][val] samples(local/global)=8/8, batches(local/global)=4/4, samples/s(local/global)=43.4/43.4, ms/batch(local)=46.1, data_wait=4.6%, compute=95.3%, non_finite_skips(local)=0
[MEM] epoch=54 RAM(before/after)=1424.7/1424.7MB | GPU mem: gpu0 alloc=24.8MB resv=7092.0MB peak=5388.2MB
Epoch 54: train_loss=0.021278, val_loss=0.021360, lr=0.00030000

Epoch 55/200

train:   0%|          | 0/4 [00:00<?, ?it/s]
train:   0%|          | 0/4 [00:00<?, ?it/s, loss=0.0097]
train:  25%|██▌       | 1/4 [00:00<00:00,  6.49it/s, loss=0.0097]
train:  25%|██▌       | 1/4 [00:00<00:00,  6.49it/s, loss=0.0108]
train:  50%|█████     | 2/4 [00:00<00:00,  6.46it/s, loss=0.0108]
train:  50%|█████     | 2/4 [00:00<00:00,  6.46it/s, loss=0.0290]
train:  75%|███████▌  | 3/4 [00:00<00:00,  6.46it/s, loss=0.0290]
train:  75%|███████▌  | 3/4 [00:00<00:00,  6.46it/s, loss=0.0355]
train: 100%|██████████| 4/4 [00:00<00:00,  6.46it/s, loss=0.0355]
                                                                 
[PERF][train] samples(local/global)=8/8, batches(local/global)=4/4, samples/s(local/global)=12.9/12.9, ms/batch(local)=154.9, data_wait=1.7%, compute=98.2%, non_finite_skips(local)=0

val:   0%|          | 0/4 [00:00<?, ?it/s]
val:   0%|          | 0/4 [00:00<?, ?it/s, loss=0.0189]
val:   0%|          | 0/4 [00:00<?, ?it/s, loss=0.0174]
val:   0%|          | 0/4 [00:00<?, ?it/s, loss=0.0199]
val:  75%|███████▌  | 3/4 [00:00<00:00, 21.61it/s, loss=0.0199]
val:  75%|███████▌  | 3/4 [00:00<00:00, 21.61it/s, loss=0.0290]
                                                               
[PERF][val] samples(local/global)=8/8, batches(local/global)=4/4, samples/s(local/global)=43.2/43.2, ms/batch(local)=46.3, data_wait=4.9%, compute=95.0%, non_finite_skips(local)=0
[MEM] epoch=55 RAM(before/after)=1424.7/1424.7MB | GPU mem: gpu0 alloc=24.8MB resv=7092.0MB peak=5388.2MB
Epoch 55: train_loss=0.021230, val_loss=0.021328, lr=0.00030000
Updated best model: /home/nis/jinrui.yang/EaBNet_light/logs_cbam_flat_projection64/overfit8_lr3e4_20260924_161645/best/best_model.pt (val_loss=0.021328)

Epoch 56/200

train:   0%|          | 0/4 [00:00<?, ?it/s]
train:   0%|          | 0/4 [00:00<?, ?it/s, loss=0.0199]
train:  25%|██▌       | 1/4 [00:00<00:00,  6.48it/s, loss=0.0199]
train:  25%|██▌       | 1/4 [00:00<00:00,  6.48it/s, loss=0.0115]
train:  50%|█████     | 2/4 [00:00<00:00,  6.46it/s, loss=0.0115]
train:  50%|█████     | 2/4 [00:00<00:00,  6.46it/s, loss=0.0105]
train:  75%|███████▌  | 3/4 [00:00<00:00,  6.47it/s, loss=0.0105]
train:  75%|███████▌  | 3/4 [00:00<00:00,  6.47it/s, loss=0.0433]
train: 100%|██████████| 4/4 [00:00<00:00,  6.44it/s, loss=0.0433]
                                                                 
[PERF][train] samples(local/global)=8/8, batches(local/global)=4/4, samples/s(local/global)=12.9/12.9, ms/batch(local)=155.1, data_wait=1.9%, compute=98.0%, non_finite_skips(local)=0

val:   0%|          | 0/4 [00:00<?, ?it/s]
val:   0%|          | 0/4 [00:00<?, ?it/s, loss=0.0189]
val:   0%|          | 0/4 [00:00<?, ?it/s, loss=0.0174]
val:   0%|          | 0/4 [00:00<?, ?it/s, loss=0.0199]
val:  75%|███████▌  | 3/4 [00:00<00:00, 21.46it/s, loss=0.0199]
val:  75%|███████▌  | 3/4 [00:00<00:00, 21.46it/s, loss=0.0289]
                                                               
[PERF][val] samples(local/global)=8/8, batches(local/global)=4/4, samples/s(local/global)=42.5/42.5, ms/batch(local)=47.1, data_wait=6.1%, compute=93.6%, non_finite_skips(local)=0
[MEM] epoch=56 RAM(before/after)=1424.7/1415.9MB | GPU mem: gpu0 alloc=24.8MB resv=7092.0MB peak=5388.2MB
Epoch 56: train_loss=0.021289, val_loss=0.021278, lr=0.00030000
Updated best model: /home/nis/jinrui.yang/EaBNet_light/logs_cbam_flat_projection64/overfit8_lr3e4_20260924_161645/best/best_model.pt (val_loss=0.021278)

Epoch 57/200

train:   0%|          | 0/4 [00:00<?, ?it/s]
train:   0%|          | 0/4 [00:00<?, ?it/s, loss=0.0340]
train:  25%|██▌       | 1/4 [00:00<00:00,  6.46it/s, loss=0.0340]
train:  25%|██▌       | 1/4 [00:00<00:00,  6.46it/s, loss=0.0045]
train:  50%|█████     | 2/4 [00:00<00:00,  6.44it/s, loss=0.0045]
train:  50%|█████     | 2/4 [00:00<00:00,  6.44it/s, loss=0.0216]
train:  75%|███████▌  | 3/4 [00:00<00:00,  6.44it/s, loss=0.0216]
train:  75%|███████▌  | 3/4 [00:00<00:00,  6.44it/s, loss=0.0249]
train: 100%|██████████| 4/4 [00:00<00:00,  6.44it/s, loss=0.0249]
                                                                 
[PERF][train] samples(local/global)=8/8, batches(local/global)=4/4, samples/s(local/global)=12.9/12.9, ms/batch(local)=155.3, data_wait=1.9%, compute=98.0%, non_finite_skips(local)=0

val:   0%|          | 0/4 [00:00<?, ?it/s]
val:   0%|          | 0/4 [00:00<?, ?it/s, loss=0.0190]
val:   0%|          | 0/4 [00:00<?, ?it/s, loss=0.0174]
val:   0%|          | 0/4 [00:00<?, ?it/s, loss=0.0199]
val:  75%|███████▌  | 3/4 [00:00<00:00, 21.56it/s, loss=0.0199]
val:  75%|███████▌  | 3/4 [00:00<00:00, 21.56it/s, loss=0.0294]
                                                               
[PERF][val] samples(local/global)=8/8, batches(local/global)=4/4, samples/s(local/global)=43.2/43.2, ms/batch(local)=46.3, data_wait=4.9%, compute=95.1%, non_finite_skips(local)=0
[MEM] epoch=57 RAM(before/after)=1415.9/1424.7MB | GPU mem: gpu0 alloc=24.8MB resv=7092.0MB peak=5388.2MB
Epoch 57: train_loss=0.021257, val_loss=0.021413, lr=0.00030000

Epoch 58/200

train:   0%|          | 0/4 [00:00<?, ?it/s]
train:   0%|          | 0/4 [00:00<?, ?it/s, loss=0.0249]
train:  25%|██▌       | 1/4 [00:00<00:00,  6.37it/s, loss=0.0249]
train:  25%|██▌       | 1/4 [00:00<00:00,  6.37it/s, loss=0.0297]
train:  50%|█████     | 2/4 [00:00<00:00,  6.42it/s, loss=0.0297]
train:  50%|█████     | 2/4 [00:00<00:00,  6.42it/s, loss=0.0197]
train:  75%|███████▌  | 3/4 [00:00<00:00,  6.43it/s, loss=0.0197]
train:  75%|███████▌  | 3/4 [00:00<00:00,  6.43it/s, loss=0.0107]
train: 100%|██████████| 4/4 [00:00<00:00,  6.44it/s, loss=0.0107]
                                                                 
[PERF][train] samples(local/global)=8/8, batches(local/global)=4/4, samples/s(local/global)=12.9/12.9, ms/batch(local)=155.6, data_wait=1.9%, compute=98.0%, non_finite_skips(local)=0

val:   0%|          | 0/4 [00:00<?, ?it/s]
val:   0%|          | 0/4 [00:00<?, ?it/s, loss=0.0189]
val:   0%|          | 0/4 [00:00<?, ?it/s, loss=0.0174]
val:   0%|          | 0/4 [00:00<?, ?it/s, loss=0.0198]
val:  75%|███████▌  | 3/4 [00:00<00:00, 21.56it/s, loss=0.0198]
val:  75%|███████▌  | 3/4 [00:00<00:00, 21.56it/s, loss=0.0288]
                                                               
[PERF][val] samples(local/global)=8/8, batches(local/global)=4/4, samples/s(local/global)=42.9/42.9, ms/batch(local)=46.6, data_wait=5.2%, compute=94.7%, non_finite_skips(local)=0
[MEM] epoch=58 RAM(before/after)=1424.7/1424.7MB | GPU mem: gpu0 alloc=24.8MB resv=7092.0MB peak=5388.2MB
Epoch 58: train_loss=0.021258, val_loss=0.021234, lr=0.00030000
Updated best model: /home/nis/jinrui.yang/EaBNet_light/logs_cbam_flat_projection64/overfit8_lr3e4_20260924_161645/best/best_model.pt (val_loss=0.021234)

Epoch 59/200

train:   0%|          | 0/4 [00:00<?, ?it/s]
train:   0%|          | 0/4 [00:00<?, ?it/s, loss=0.0234]
train:  25%|██▌       | 1/4 [00:00<00:00,  6.36it/s, loss=0.0234]
train:  25%|██▌       | 1/4 [00:00<00:00,  6.36it/s, loss=0.0215]
train:  50%|█████     | 2/4 [00:00<00:00,  6.43it/s, loss=0.0215]
train:  50%|█████     | 2/4 [00:00<00:00,  6.43it/s, loss=0.0287]
train:  75%|███████▌  | 3/4 [00:00<00:00,  6.44it/s, loss=0.0287]
train:  75%|███████▌  | 3/4 [00:00<00:00,  6.44it/s, loss=0.0114]
train: 100%|██████████| 4/4 [00:00<00:00,  6.45it/s, loss=0.0114]
                                                                 
[PERF][train] samples(local/global)=8/8, batches(local/global)=4/4, samples/s(local/global)=12.9/12.9, ms/batch(local)=155.5, data_wait=1.9%, compute=98.0%, non_finite_skips(local)=0

val:   0%|          | 0/4 [00:00<?, ?it/s]
val:   0%|          | 0/4 [00:00<?, ?it/s, loss=0.0189]
val:   0%|          | 0/4 [00:00<?, ?it/s, loss=0.0173]
val:   0%|          | 0/4 [00:00<?, ?it/s, loss=0.0198]
val:  75%|███████▌  | 3/4 [00:00<00:00, 21.41it/s, loss=0.0198]
val:  75%|███████▌  | 3/4 [00:00<00:00, 21.41it/s, loss=0.0289]
                                                               
[PERF][val] samples(local/global)=8/8, batches(local/global)=4/4, samples/s(local/global)=42.9/42.9, ms/batch(local)=46.6, data_wait=5.1%, compute=94.6%, non_finite_skips(local)=0
[MEM] epoch=59 RAM(before/after)=1424.7/1415.9MB | GPU mem: gpu0 alloc=24.8MB resv=7092.0MB peak=5388.2MB
Epoch 59: train_loss=0.021247, val_loss=0.021217, lr=0.00030000
Updated best model: /home/nis/jinrui.yang/EaBNet_light/logs_cbam_flat_projection64/overfit8_lr3e4_20260924_161645/best/best_model.pt (val_loss=0.021217)

Epoch 60/200

train:   0%|          | 0/4 [00:00<?, ?it/s]
train:   0%|          | 0/4 [00:00<?, ?it/s, loss=0.0173]
train:  25%|██▌       | 1/4 [00:00<00:00,  6.34it/s, loss=0.0173]
train:  25%|██▌       | 1/4 [00:00<00:00,  6.34it/s, loss=0.0289]
train:  50%|█████     | 2/4 [00:00<00:00,  6.39it/s, loss=0.0289]
train:  50%|█████     | 2/4 [00:00<00:00,  6.39it/s, loss=0.0096]
train:  75%|███████▌  | 3/4 [00:00<00:00,  6.42it/s, loss=0.0096]
train:  75%|███████▌  | 3/4 [00:00<00:00,  6.42it/s, loss=0.0287]
train: 100%|██████████| 4/4 [00:00<00:00,  6.44it/s, loss=0.0287]
                                                                 
[PERF][train] samples(local/global)=8/8, batches(local/global)=4/4, samples/s(local/global)=12.8/12.8, ms/batch(local)=155.8, data_wait=2.1%, compute=97.8%, non_finite_skips(local)=0

val:   0%|          | 0/4 [00:00<?, ?it/s]
val:   0%|          | 0/4 [00:00<?, ?it/s, loss=0.0189]
val:   0%|          | 0/4 [00:00<?, ?it/s, loss=0.0174]
val:   0%|          | 0/4 [00:00<?, ?it/s, loss=0.0198]
val:  75%|███████▌  | 3/4 [00:00<00:00, 21.60it/s, loss=0.0198]
val:  75%|███████▌  | 3/4 [00:00<00:00, 21.60it/s, loss=0.0289]
                                                               
[PERF][val] samples(local/global)=8/8, batches(local/global)=4/4, samples/s(local/global)=43.2/43.2, ms/batch(local)=46.3, data_wait=5.0%, compute=94.9%, non_finite_skips(local)=0
[MEM] epoch=60 RAM(before/after)=1415.9/1424.7MB | GPU mem: gpu0 alloc=24.8MB resv=7092.0MB peak=5388.2MB
Epoch 60: train_loss=0.021138, val_loss=0.021236, lr=0.00030000

Epoch 61/200

train:   0%|          | 0/4 [00:00<?, ?it/s]
train:   0%|          | 0/4 [00:00<?, ?it/s, loss=0.0286]
train:  25%|██▌       | 1/4 [00:00<00:00,  6.18it/s, loss=0.0286]
train:  25%|██▌       | 1/4 [00:00<00:00,  6.18it/s, loss=0.0214]
train:  50%|█████     | 2/4 [00:00<00:00,  6.34it/s, loss=0.0214]
train:  50%|█████     | 2/4 [00:00<00:00,  6.34it/s, loss=0.0156]
train:  75%|███████▌  | 3/4 [00:00<00:00,  6.39it/s, loss=0.0156]
train:  75%|███████▌  | 3/4 [00:00<00:00,  6.39it/s, loss=0.0188]
train: 100%|██████████| 4/4 [00:00<00:00,  6.42it/s, loss=0.0188]
                                                                 
[PERF][train] samples(local/global)=8/8, batches(local/global)=4/4, samples/s(local/global)=12.8/12.8, ms/batch(local)=156.7, data_wait=1.9%, compute=98.1%, non_finite_skips(local)=0

val:   0%|          | 0/4 [00:00<?, ?it/s]
val:   0%|          | 0/4 [00:00<?, ?it/s, loss=0.0188]
val:   0%|          | 0/4 [00:00<?, ?it/s, loss=0.0172]
val:   0%|          | 0/4 [00:00<?, ?it/s, loss=0.0198]
val:  75%|███████▌  | 3/4 [00:00<00:00, 21.62it/s, loss=0.0198]
val:  75%|███████▌  | 3/4 [00:00<00:00, 21.62it/s, loss=0.0288]
                                                               
[PERF][val] samples(local/global)=8/8, batches(local/global)=4/4, samples/s(local/global)=43.1/43.1, ms/batch(local)=46.4, data_wait=4.9%, compute=95.1%, non_finite_skips(local)=0
[MEM] epoch=61 RAM(before/after)=1424.7/1424.7MB | GPU mem: gpu0 alloc=24.8MB resv=7092.0MB peak=5388.2MB
Epoch 61: train_loss=0.021087, val_loss=0.021169, lr=0.00030000
Updated best model: /home/nis/jinrui.yang/EaBNet_light/logs_cbam_flat_projection64/overfit8_lr3e4_20260924_161645/best/best_model.pt (val_loss=0.021169)

Epoch 62/200

train:   0%|          | 0/4 [00:00<?, ?it/s]
train:   0%|          | 0/4 [00:00<?, ?it/s, loss=0.0045]
train:  25%|██▌       | 1/4 [00:00<00:00,  6.38it/s, loss=0.0045]
train:  25%|██▌       | 1/4 [00:00<00:00,  6.38it/s, loss=0.0432]
train:  50%|█████     | 2/4 [00:00<00:00,  6.42it/s, loss=0.0432]
train:  50%|█████     | 2/4 [00:00<00:00,  6.42it/s, loss=0.0156]
train:  75%|███████▌  | 3/4 [00:00<00:00,  6.43it/s, loss=0.0156]
train:  75%|███████▌  | 3/4 [00:00<00:00,  6.43it/s, loss=0.0213]
train: 100%|██████████| 4/4 [00:00<00:00,  6.44it/s, loss=0.0213]
                                                                 
[PERF][train] samples(local/global)=8/8, batches(local/global)=4/4, samples/s(local/global)=12.9/12.9, ms/batch(local)=155.5, data_wait=2.1%, compute=97.8%, non_finite_skips(local)=0

val:   0%|          | 0/4 [00:00<?, ?it/s]
val:   0%|          | 0/4 [00:00<?, ?it/s, loss=0.0189]
val:   0%|          | 0/4 [00:00<?, ?it/s, loss=0.0172]
val:   0%|          | 0/4 [00:00<?, ?it/s, loss=0.0197]
val:  75%|███████▌  | 3/4 [00:00<00:00, 21.57it/s, loss=0.0197]
val:  75%|███████▌  | 3/4 [00:00<00:00, 21.57it/s, loss=0.0287]
                                                               
[PERF][val] samples(local/global)=8/8, batches(local/global)=4/4, samples/s(local/global)=43.1/43.1, ms/batch(local)=46.4, data_wait=5.2%, compute=94.7%, non_finite_skips(local)=0
[MEM] epoch=62 RAM(before/after)=1424.7/1424.7MB | GPU mem: gpu0 alloc=24.8MB resv=7092.0MB peak=5388.2MB
Epoch 62: train_loss=0.021151, val_loss=0.021126, lr=0.00030000
Updated best model: /home/nis/jinrui.yang/EaBNet_light/logs_cbam_flat_projection64/overfit8_lr3e4_20260924_161645/best/best_model.pt (val_loss=0.021126)

Epoch 63/200

train:   0%|          | 0/4 [00:00<?, ?it/s]
train:   0%|          | 0/4 [00:00<?, ?it/s, loss=0.0095]
train:  25%|██▌       | 1/4 [00:00<00:00,  6.48it/s, loss=0.0095]
train:  25%|██▌       | 1/4 [00:00<00:00,  6.48it/s, loss=0.0355]
train:  50%|█████     | 2/4 [00:00<00:00,  6.46it/s, loss=0.0355]
train:  50%|█████     | 2/4 [00:00<00:00,  6.46it/s, loss=0.0287]
train:  75%|███████▌  | 3/4 [00:00<00:00,  6.47it/s, loss=0.0287]
train:  75%|███████▌  | 3/4 [00:00<00:00,  6.47it/s, loss=0.0104]
train: 100%|██████████| 4/4 [00:00<00:00,  6.47it/s, loss=0.0104]
                                                                 
[PERF][train] samples(local/global)=8/8, batches(local/global)=4/4, samples/s(local/global)=12.9/12.9, ms/batch(local)=154.7, data_wait=1.6%, compute=98.3%, non_finite_skips(local)=0

val:   0%|          | 0/4 [00:00<?, ?it/s]
val:   0%|          | 0/4 [00:00<?, ?it/s, loss=0.0190]
val:   0%|          | 0/4 [00:00<?, ?it/s, loss=0.0173]
val:   0%|          | 0/4 [00:00<?, ?it/s, loss=0.0199]
val:  75%|███████▌  | 3/4 [00:00<00:00, 21.37it/s, loss=0.0199]
val:  75%|███████▌  | 3/4 [00:00<00:00, 21.37it/s, loss=0.0291]
                                                               
[PERF][val] samples(local/global)=8/8, batches(local/global)=4/4, samples/s(local/global)=42.8/42.8, ms/batch(local)=46.7, data_wait=5.3%, compute=94.5%, non_finite_skips(local)=0
[MEM] epoch=63 RAM(before/after)=1424.7/1417.6MB | GPU mem: gpu0 alloc=24.8MB resv=7092.0MB peak=5388.2MB
Epoch 63: train_loss=0.021044, val_loss=0.021319, lr=0.00030000

Epoch 64/200

train:   0%|          | 0/4 [00:00<?, ?it/s]
train:   0%|          | 0/4 [00:00<?, ?it/s, loss=0.0212]
train:  25%|██▌       | 1/4 [00:00<00:00,  6.44it/s, loss=0.0212]
train:  25%|██▌       | 1/4 [00:00<00:00,  6.44it/s, loss=0.0158]
train:  50%|█████     | 2/4 [00:00<00:00,  6.44it/s, loss=0.0158]
train:  50%|█████     | 2/4 [00:00<00:00,  6.44it/s, loss=0.0435]
train:  75%|███████▌  | 3/4 [00:00<00:00,  6.45it/s, loss=0.0435]
train:  75%|███████▌  | 3/4 [00:00<00:00,  6.45it/s, loss=0.0045]
train: 100%|██████████| 4/4 [00:00<00:00,  6.43it/s, loss=0.0045]
                                                                 
[PERF][train] samples(local/global)=8/8, batches(local/global)=4/4, samples/s(local/global)=12.9/12.9, ms/batch(local)=155.5, data_wait=1.9%, compute=98.0%, non_finite_skips(local)=0

val:   0%|          | 0/4 [00:00<?, ?it/s]
val:   0%|          | 0/4 [00:00<?, ?it/s, loss=0.0188]
val:   0%|          | 0/4 [00:00<?, ?it/s, loss=0.0174]
val:   0%|          | 0/4 [00:00<?, ?it/s, loss=0.0197]
val:  75%|███████▌  | 3/4 [00:00<00:00, 21.62it/s, loss=0.0197]
val:  75%|███████▌  | 3/4 [00:00<00:00, 21.62it/s, loss=0.0287]
                                                               
[PERF][val] samples(local/global)=8/8, batches(local/global)=4/4, samples/s(local/global)=42.8/42.8, ms/batch(local)=46.8, data_wait=5.7%, compute=94.2%, non_finite_skips(local)=0
[MEM] epoch=64 RAM(before/after)=1417.6/1430.0MB | GPU mem: gpu0 alloc=24.8MB resv=7092.0MB peak=5388.2MB
Epoch 64: train_loss=0.021262, val_loss=0.021140, lr=0.00030000

Epoch 65/200

train:   0%|          | 0/4 [00:00<?, ?it/s]
train:   0%|          | 0/4 [00:00<?, ?it/s, loss=0.0114]
train:  25%|██▌       | 1/4 [00:00<00:00,  6.47it/s, loss=0.0114]
train:  25%|██▌       | 1/4 [00:00<00:00,  6.47it/s, loss=0.0431]
train:  50%|█████     | 2/4 [00:00<00:00,  6.46it/s, loss=0.0431]
train:  50%|█████     | 2/4 [00:00<00:00,  6.46it/s, loss=0.0198]
train:  75%|███████▌  | 3/4 [00:00<00:00,  6.45it/s, loss=0.0198]
train:  75%|███████▌  | 3/4 [00:00<00:00,  6.45it/s, loss=0.0109]
train: 100%|██████████| 4/4 [00:00<00:00,  6.45it/s, loss=0.0109]
                                                                 
[PERF][train] samples(local/global)=8/8, batches(local/global)=4/4, samples/s(local/global)=12.9/12.9, ms/batch(local)=155.0, data_wait=1.7%, compute=98.2%, non_finite_skips(local)=0

val:   0%|          | 0/4 [00:00<?, ?it/s]
val:   0%|          | 0/4 [00:00<?, ?it/s, loss=0.0188]
val:   0%|          | 0/4 [00:00<?, ?it/s, loss=0.0174]
val:   0%|          | 0/4 [00:00<?, ?it/s, loss=0.0197]
val:  75%|███████▌  | 3/4 [00:00<00:00, 21.62it/s, loss=0.0197]
val:  75%|███████▌  | 3/4 [00:00<00:00, 21.62it/s, loss=0.0287]
                                                               
[PERF][val] samples(local/global)=8/8, batches(local/global)=4/4, samples/s(local/global)=43.1/43.1, ms/batch(local)=46.4, data_wait=5.1%, compute=94.8%, non_finite_skips(local)=0
[MEM] epoch=65 RAM(before/after)=1430.0/1424.7MB | GPU mem: gpu0 alloc=24.8MB resv=7092.0MB peak=5388.2MB
Epoch 65: train_loss=0.021304, val_loss=0.021119, lr=0.00030000
Updated best model: /home/nis/jinrui.yang/EaBNet_light/logs_cbam_flat_projection64/overfit8_lr3e4_20260924_161645/best/best_model.pt (val_loss=0.021119)

Epoch 66/200

train:   0%|          | 0/4 [00:00<?, ?it/s]
train:   0%|          | 0/4 [00:00<?, ?it/s, loss=0.0251]
train:  25%|██▌       | 1/4 [00:00<00:00,  6.47it/s, loss=0.0251]
train:  25%|██▌       | 1/4 [00:00<00:00,  6.47it/s, loss=0.0155]
train:  50%|█████     | 2/4 [00:00<00:00,  6.46it/s, loss=0.0155]
train:  50%|█████     | 2/4 [00:00<00:00,  6.46it/s, loss=0.0392]
train:  75%|███████▌  | 3/4 [00:00<00:00,  6.46it/s, loss=0.0392]
train:  75%|███████▌  | 3/4 [00:00<00:00,  6.46it/s, loss=0.0046]
train: 100%|██████████| 4/4 [00:00<00:00,  6.45it/s, loss=0.0046]
                                                                 
[PERF][train] samples(local/global)=8/8, batches(local/global)=4/4, samples/s(local/global)=12.9/12.9, ms/batch(local)=155.0, data_wait=1.7%, compute=98.2%, non_finite_skips(local)=0

val:   0%|          | 0/4 [00:00<?, ?it/s]
val:   0%|          | 0/4 [00:00<?, ?it/s, loss=0.0192]
val:   0%|          | 0/4 [00:00<?, ?it/s, loss=0.0176]
val:   0%|          | 0/4 [00:00<?, ?it/s, loss=0.0197]
val:  75%|███████▌  | 3/4 [00:00<00:00, 21.56it/s, loss=0.0197]
val:  75%|███████▌  | 3/4 [00:00<00:00, 21.56it/s, loss=0.0288]
                                                               
[PERF][val] samples(local/global)=8/8, batches(local/global)=4/4, samples/s(local/global)=43.1/43.1, ms/batch(local)=46.4, data_wait=5.1%, compute=94.9%, non_finite_skips(local)=0
[MEM] epoch=66 RAM(before/after)=1424.7/1424.7MB | GPU mem: gpu0 alloc=24.8MB resv=7092.0MB peak=5388.2MB
Epoch 66: train_loss=0.021094, val_loss=0.021323, lr=0.00030000

Epoch 67/200

train:   0%|          | 0/4 [00:00<?, ?it/s]
train:   0%|          | 0/4 [00:00<?, ?it/s, loss=0.0185]
train:  25%|██▌       | 1/4 [00:00<00:00,  6.51it/s, loss=0.0185]
train:  25%|██▌       | 1/4 [00:00<00:00,  6.51it/s, loss=0.0096]
train:  50%|█████     | 2/4 [00:00<00:00,  6.47it/s, loss=0.0096]
train:  50%|█████     | 2/4 [00:00<00:00,  6.47it/s, loss=0.0179]
train:  75%|███████▌  | 3/4 [00:00<00:00,  6.45it/s, loss=0.0179]
train:  75%|███████▌  | 3/4 [00:00<00:00,  6.45it/s, loss=0.0391]
train: 100%|██████████| 4/4 [00:00<00:00,  6.46it/s, loss=0.0391]
                                                                 
[PERF][train] samples(local/global)=8/8, batches(local/global)=4/4, samples/s(local/global)=12.9/12.9, ms/batch(local)=154.8, data_wait=1.7%, compute=98.2%, non_finite_skips(local)=0

val:   0%|          | 0/4 [00:00<?, ?it/s]
val:   0%|          | 0/4 [00:00<?, ?it/s, loss=0.0189]
val:   0%|          | 0/4 [00:00<?, ?it/s, loss=0.0174]
val:   0%|          | 0/4 [00:00<?, ?it/s, loss=0.0195]
val:  75%|███████▌  | 3/4 [00:00<00:00, 21.64it/s, loss=0.0195]
val:  75%|███████▌  | 3/4 [00:00<00:00, 21.64it/s, loss=0.0285]
                                                               
[PERF][val] samples(local/global)=8/8, batches(local/global)=4/4, samples/s(local/global)=43.2/43.2, ms/batch(local)=46.3, data_wait=4.5%, compute=95.2%, non_finite_skips(local)=0
[MEM] epoch=67 RAM(before/after)=1424.7/1415.9MB | GPU mem: gpu0 alloc=24.8MB resv=7092.0MB peak=5388.2MB
Epoch 67: train_loss=0.021270, val_loss=0.021085, lr=0.00030000
Updated best model: /home/nis/jinrui.yang/EaBNet_light/logs_cbam_flat_projection64/overfit8_lr3e4_20260924_161645/best/best_model.pt (val_loss=0.021085)

Epoch 68/200

train:   0%|          | 0/4 [00:00<?, ?it/s]
train:   0%|          | 0/4 [00:00<?, ?it/s, loss=0.0188]
train:  25%|██▌       | 1/4 [00:00<00:00,  6.45it/s, loss=0.0188]
train:  25%|██▌       | 1/4 [00:00<00:00,  6.45it/s, loss=0.0212]
train:  50%|█████     | 2/4 [00:00<00:00,  6.45it/s, loss=0.0212]
train:  50%|█████     | 2/4 [00:00<00:00,  6.45it/s, loss=0.0104]
train:  75%|███████▌  | 3/4 [00:00<00:00,  6.44it/s, loss=0.0104]
train:  75%|███████▌  | 3/4 [00:00<00:00,  6.44it/s, loss=0.0341]
train: 100%|██████████| 4/4 [00:00<00:00,  6.45it/s, loss=0.0341]
                                                                 
[PERF][train] samples(local/global)=8/8, batches(local/global)=4/4, samples/s(local/global)=12.9/12.9, ms/batch(local)=155.1, data_wait=1.9%, compute=98.1%, non_finite_skips(local)=0

val:   0%|          | 0/4 [00:00<?, ?it/s]
val:   0%|          | 0/4 [00:00<?, ?it/s, loss=0.0188]
val:   0%|          | 0/4 [00:00<?, ?it/s, loss=0.0171]
val:   0%|          | 0/4 [00:00<?, ?it/s, loss=0.0196]
val:  75%|███████▌  | 3/4 [00:00<00:00, 21.68it/s, loss=0.0196]
val:  75%|███████▌  | 3/4 [00:00<00:00, 21.68it/s, loss=0.0287]
                                                               
[PERF][val] samples(local/global)=8/8, batches(local/global)=4/4, samples/s(local/global)=43.2/43.2, ms/batch(local)=46.3, data_wait=4.3%, compute=95.4%, non_finite_skips(local)=0
[MEM] epoch=68 RAM(before/after)=1415.9/1415.9MB | GPU mem: gpu0 alloc=24.8MB resv=7092.0MB peak=5388.2MB
Epoch 68: train_loss=0.021112, val_loss=0.021052, lr=0.00030000
Updated best model: /home/nis/jinrui.yang/EaBNet_light/logs_cbam_flat_projection64/overfit8_lr3e4_20260924_161645/best/best_model.pt (val_loss=0.021052)

Epoch 69/200

train:   0%|          | 0/4 [00:00<?, ?it/s]
train:   0%|          | 0/4 [00:00<?, ?it/s, loss=0.0096]
train:  25%|██▌       | 1/4 [00:00<00:00,  6.45it/s, loss=0.0096]
train:  25%|██▌       | 1/4 [00:00<00:00,  6.45it/s, loss=0.0210]
train:  50%|█████     | 2/4 [00:00<00:00,  6.44it/s, loss=0.0210]
train:  50%|█████     | 2/4 [00:00<00:00,  6.44it/s, loss=0.0183]
train:  75%|███████▌  | 3/4 [00:00<00:00,  6.46it/s, loss=0.0183]
train:  75%|███████▌  | 3/4 [00:00<00:00,  6.46it/s, loss=0.0351]
train: 100%|██████████| 4/4 [00:00<00:00,  6.47it/s, loss=0.0351]
                                                                 
[PERF][train] samples(local/global)=8/8, batches(local/global)=4/4, samples/s(local/global)=12.9/12.9, ms/batch(local)=154.9, data_wait=1.6%, compute=98.2%, non_finite_skips(local)=0

val:   0%|          | 0/4 [00:00<?, ?it/s]
val:   0%|          | 0/4 [00:00<?, ?it/s, loss=0.0188]
val:   0%|          | 0/4 [00:00<?, ?it/s, loss=0.0171]
val:   0%|          | 0/4 [00:00<?, ?it/s, loss=0.0195]
val:  75%|███████▌  | 3/4 [00:00<00:00, 21.53it/s, loss=0.0195]
val:  75%|███████▌  | 3/4 [00:00<00:00, 21.53it/s, loss=0.0286]
                                                               
[PERF][val] samples(local/global)=8/8, batches(local/global)=4/4, samples/s(local/global)=43.1/43.1, ms/batch(local)=46.4, data_wait=4.8%, compute=95.1%, non_finite_skips(local)=0
[MEM] epoch=69 RAM(before/after)=1415.9/1429.7MB | GPU mem: gpu0 alloc=24.8MB resv=7092.0MB peak=5388.2MB
Epoch 69: train_loss=0.021009, val_loss=0.021007, lr=0.00030000
Updated best model: /home/nis/jinrui.yang/EaBNet_light/logs_cbam_flat_projection64/overfit8_lr3e4_20260924_161645/best/best_model.pt (val_loss=0.021007)

Epoch 70/200

train:   0%|          | 0/4 [00:00<?, ?it/s]
train:   0%|          | 0/4 [00:00<?, ?it/s, loss=0.0285]
train:  25%|██▌       | 1/4 [00:00<00:00,  6.48it/s, loss=0.0285]
train:  25%|██▌       | 1/4 [00:00<00:00,  6.48it/s, loss=0.0155]
train:  50%|█████     | 2/4 [00:00<00:00,  6.47it/s, loss=0.0155]
train:  50%|█████     | 2/4 [00:00<00:00,  6.47it/s, loss=0.0293]
train:  75%|███████▌  | 3/4 [00:00<00:00,  6.46it/s, loss=0.0293]
train:  75%|███████▌  | 3/4 [00:00<00:00,  6.46it/s, loss=0.0106]
train: 100%|██████████| 4/4 [00:00<00:00,  6.46it/s, loss=0.0106]
                                                                 
[PERF][train] samples(local/global)=8/8, batches(local/global)=4/4, samples/s(local/global)=12.9/12.9, ms/batch(local)=154.7, data_wait=1.6%, compute=98.3%, non_finite_skips(local)=0

val:   0%|          | 0/4 [00:00<?, ?it/s]
val:   0%|          | 0/4 [00:00<?, ?it/s, loss=0.0190]
val:   0%|          | 0/4 [00:00<?, ?it/s, loss=0.0171]
val:   0%|          | 0/4 [00:00<?, ?it/s, loss=0.0197]
val:  75%|███████▌  | 3/4 [00:00<00:00, 21.66it/s, loss=0.0197]
val:  75%|███████▌  | 3/4 [00:00<00:00, 21.66it/s, loss=0.0289]
                                                               
[PERF][val] samples(local/global)=8/8, batches(local/global)=4/4, samples/s(local/global)=43.1/43.1, ms/batch(local)=46.4, data_wait=4.5%, compute=95.2%, non_finite_skips(local)=0
[MEM] epoch=70 RAM(before/after)=1429.7/1415.9MB | GPU mem: gpu0 alloc=24.8MB resv=7092.0MB peak=5388.2MB
Epoch 70: train_loss=0.020982, val_loss=0.021147, lr=0.00030000

Epoch 71/200

train:   0%|          | 0/4 [00:00<?, ?it/s]
train:   0%|          | 0/4 [00:00<?, ?it/s, loss=0.0285]
train:  25%|██▌       | 1/4 [00:00<00:00,  6.42it/s, loss=0.0285]
train:  25%|██▌       | 1/4 [00:00<00:00,  6.42it/s, loss=0.0246]
train:  50%|█████     | 2/4 [00:00<00:00,  6.43it/s, loss=0.0246]
train:  50%|█████     | 2/4 [00:00<00:00,  6.43it/s, loss=0.0094]
train:  75%|███████▌  | 3/4 [00:00<00:00,  6.44it/s, loss=0.0094]
train:  75%|███████▌  | 3/4 [00:00<00:00,  6.44it/s, loss=0.0212]
train: 100%|██████████| 4/4 [00:00<00:00,  6.45it/s, loss=0.0212]
                                                                 
[PERF][train] samples(local/global)=8/8, batches(local/global)=4/4, samples/s(local/global)=12.9/12.9, ms/batch(local)=155.3, data_wait=1.7%, compute=98.2%, non_finite_skips(local)=0

val:   0%|          | 0/4 [00:00<?, ?it/s]
val:   0%|          | 0/4 [00:00<?, ?it/s, loss=0.0188]
val:   0%|          | 0/4 [00:00<?, ?it/s, loss=0.0170]
val:   0%|          | 0/4 [00:00<?, ?it/s, loss=0.0194]
val:  75%|███████▌  | 3/4 [00:00<00:00, 21.54it/s, loss=0.0194]
val:  75%|███████▌  | 3/4 [00:00<00:00, 21.54it/s, loss=0.0284]
                                                               
[PERF][val] samples(local/global)=8/8, batches(local/global)=4/4, samples/s(local/global)=43.0/43.0, ms/batch(local)=46.5, data_wait=4.7%, compute=95.1%, non_finite_skips(local)=0
[MEM] epoch=71 RAM(before/after)=1415.9/1415.9MB | GPU mem: gpu0 alloc=24.8MB resv=7092.0MB peak=5388.2MB
Epoch 71: train_loss=0.020923, val_loss=0.020908, lr=0.00030000
Updated best model: /home/nis/jinrui.yang/EaBNet_light/logs_cbam_flat_projection64/overfit8_lr3e4_20260924_161645/best/best_model.pt (val_loss=0.020908)

Epoch 72/200

train:   0%|          | 0/4 [00:00<?, ?it/s]
train:   0%|          | 0/4 [00:00<?, ?it/s, loss=0.0187]
train:  25%|██▌       | 1/4 [00:00<00:00,  6.43it/s, loss=0.0187]
train:  25%|██▌       | 1/4 [00:00<00:00,  6.43it/s, loss=0.0144]
train:  50%|█████     | 2/4 [00:00<00:00,  6.42it/s, loss=0.0144]
train:  50%|█████     | 2/4 [00:00<00:00,  6.42it/s, loss=0.0335]
train:  75%|███████▌  | 3/4 [00:00<00:00,  6.44it/s, loss=0.0335]
train:  75%|███████▌  | 3/4 [00:00<00:00,  6.44it/s, loss=0.0173]
train: 100%|██████████| 4/4 [00:00<00:00,  6.44it/s, loss=0.0173]
                                                                 
[PERF][train] samples(local/global)=8/8, batches(local/global)=4/4, samples/s(local/global)=12.9/12.9, ms/batch(local)=155.4, data_wait=1.9%, compute=98.1%, non_finite_skips(local)=0

val:   0%|          | 0/4 [00:00<?, ?it/s]
val:   0%|          | 0/4 [00:00<?, ?it/s, loss=0.0187]
val:   0%|          | 0/4 [00:00<?, ?it/s, loss=0.0170]
val:   0%|          | 0/4 [00:00<?, ?it/s, loss=0.0194]
val:  75%|███████▌  | 3/4 [00:00<00:00, 21.57it/s, loss=0.0194]
val:  75%|███████▌  | 3/4 [00:00<00:00, 21.57it/s, loss=0.0285]
                                                               
[PERF][val] samples(local/global)=8/8, batches(local/global)=4/4, samples/s(local/global)=43.1/43.1, ms/batch(local)=46.4, data_wait=4.7%, compute=95.3%, non_finite_skips(local)=0
[MEM] epoch=72 RAM(before/after)=1415.9/1424.7MB | GPU mem: gpu0 alloc=24.8MB resv=7092.0MB peak=5388.2MB
Epoch 72: train_loss=0.020964, val_loss=0.020898, lr=0.00030000
Updated best model: /home/nis/jinrui.yang/EaBNet_light/logs_cbam_flat_projection64/overfit8_lr3e4_20260924_161645/best/best_model.pt (val_loss=0.020898)

Epoch 73/200

train:   0%|          | 0/4 [00:00<?, ?it/s]
train:   0%|          | 0/4 [00:00<?, ?it/s, loss=0.0351]
train:  25%|██▌       | 1/4 [00:00<00:00,  6.47it/s, loss=0.0351]
train:  25%|██▌       | 1/4 [00:00<00:00,  6.47it/s, loss=0.0193]
train:  50%|█████     | 2/4 [00:00<00:00,  6.45it/s, loss=0.0193]
train:  50%|█████     | 2/4 [00:00<00:00,  6.45it/s, loss=0.0186]
train:  75%|███████▌  | 3/4 [00:00<00:00,  6.45it/s, loss=0.0186]
train:  75%|███████▌  | 3/4 [00:00<00:00,  6.45it/s, loss=0.0106]
train: 100%|██████████| 4/4 [00:00<00:00,  6.45it/s, loss=0.0106]
                                                                 
[PERF][train] samples(local/global)=8/8, batches(local/global)=4/4, samples/s(local/global)=12.9/12.9, ms/batch(local)=155.0, data_wait=1.8%, compute=98.2%, non_finite_skips(local)=0

val:   0%|          | 0/4 [00:00<?, ?it/s]
val:   0%|          | 0/4 [00:00<?, ?it/s, loss=0.0188]
val:   0%|          | 0/4 [00:00<?, ?it/s, loss=0.0173]
val:   0%|          | 0/4 [00:00<?, ?it/s, loss=0.0194]
val:  75%|███████▌  | 3/4 [00:00<00:00, 21.61it/s, loss=0.0194]
val:  75%|███████▌  | 3/4 [00:00<00:00, 21.61it/s, loss=0.0290]
                                                               
[PERF][val] samples(local/global)=8/8, batches(local/global)=4/4, samples/s(local/global)=43.0/43.0, ms/batch(local)=46.5, data_wait=5.0%, compute=95.0%, non_finite_skips(local)=0
[MEM] epoch=73 RAM(before/after)=1424.7/1424.7MB | GPU mem: gpu0 alloc=24.8MB resv=7092.0MB peak=5388.2MB
Epoch 73: train_loss=0.020916, val_loss=0.021123, lr=0.00030000

Epoch 74/200

train:   0%|          | 0/4 [00:00<?, ?it/s]
train:   0%|          | 0/4 [00:00<?, ?it/s, loss=0.0246]
train:  25%|██▌       | 1/4 [00:00<00:00,  6.46it/s, loss=0.0246]
train:  25%|██▌       | 1/4 [00:00<00:00,  6.46it/s, loss=0.0156]
train:  50%|█████     | 2/4 [00:00<00:00,  6.46it/s, loss=0.0156]
train:  50%|█████     | 2/4 [00:00<00:00,  6.46it/s, loss=0.0393]
train:  75%|███████▌  | 3/4 [00:00<00:00,  6.46it/s, loss=0.0393]
train:  75%|███████▌  | 3/4 [00:00<00:00,  6.46it/s, loss=0.0045]
train: 100%|██████████| 4/4 [00:00<00:00,  6.44it/s, loss=0.0045]
                                                                 
[PERF][train] samples(local/global)=8/8, batches(local/global)=4/4, samples/s(local/global)=12.9/12.9, ms/batch(local)=155.1, data_wait=1.7%, compute=98.3%, non_finite_skips(local)=0

val:   0%|          | 0/4 [00:00<?, ?it/s]
val:   0%|          | 0/4 [00:00<?, ?it/s, loss=0.0187]
val:   0%|          | 0/4 [00:00<?, ?it/s, loss=0.0170]
val:   0%|          | 0/4 [00:00<?, ?it/s, loss=0.0193]
val:  75%|███████▌  | 3/4 [00:00<00:00, 21.56it/s, loss=0.0193]
val:  75%|███████▌  | 3/4 [00:00<00:00, 21.56it/s, loss=0.0286]
                                                               
[PERF][val] samples(local/global)=8/8, batches(local/global)=4/4, samples/s(local/global)=43.1/43.1, ms/batch(local)=46.4, data_wait=4.8%, compute=95.2%, non_finite_skips(local)=0
[MEM] epoch=74 RAM(before/after)=1424.7/1424.7MB | GPU mem: gpu0 alloc=24.8MB resv=7092.0MB peak=5388.2MB
Epoch 74: train_loss=0.020972, val_loss=0.020902, lr=0.00030000

Epoch 75/200

train:   0%|          | 0/4 [00:00<?, ?it/s]
train:   0%|          | 0/4 [00:00<?, ?it/s, loss=0.0102]
train:  25%|██▌       | 1/4 [00:00<00:00,  6.46it/s, loss=0.0102]
train:  25%|██▌       | 1/4 [00:00<00:00,  6.46it/s, loss=0.0153]
train:  50%|█████     | 2/4 [00:00<00:00,  6.43it/s, loss=0.0153]
train:  50%|█████     | 2/4 [00:00<00:00,  6.43it/s, loss=0.0187]
train:  75%|███████▌  | 3/4 [00:00<00:00,  6.45it/s, loss=0.0187]
train:  75%|███████▌  | 3/4 [00:00<00:00,  6.45it/s, loss=0.0388]
train: 100%|██████████| 4/4 [00:00<00:00,  6.45it/s, loss=0.0388]
                                                                 
[PERF][train] samples(local/global)=8/8, batches(local/global)=4/4, samples/s(local/global)=12.9/12.9, ms/batch(local)=155.3, data_wait=1.7%, compute=98.1%, non_finite_skips(local)=0

val:   0%|          | 0/4 [00:00<?, ?it/s]
val:   0%|          | 0/4 [00:00<?, ?it/s, loss=0.0187]
val:   0%|          | 0/4 [00:00<?, ?it/s, loss=0.0170]
val:   0%|          | 0/4 [00:00<?, ?it/s, loss=0.0193]
val:  75%|███████▌  | 3/4 [00:00<00:00, 21.58it/s, loss=0.0193]
val:  75%|███████▌  | 3/4 [00:00<00:00, 21.58it/s, loss=0.0283]
                                                               
[PERF][val] samples(local/global)=8/8, batches(local/global)=4/4, samples/s(local/global)=43.0/43.0, ms/batch(local)=46.5, data_wait=4.7%, compute=94.9%, non_finite_skips(local)=0
[MEM] epoch=75 RAM(before/after)=1424.7/1417.7MB | GPU mem: gpu0 alloc=24.8MB resv=7092.0MB peak=5388.2MB
Epoch 75: train_loss=0.020750, val_loss=0.020812, lr=0.00030000
Updated best model: /home/nis/jinrui.yang/EaBNet_light/logs_cbam_flat_projection64/overfit8_lr3e4_20260924_161645/best/best_model.pt (val_loss=0.020812)

Epoch 76/200

train:   0%|          | 0/4 [00:00<?, ?it/s]
train:   0%|          | 0/4 [00:00<?, ?it/s, loss=0.0191]
train:  25%|██▌       | 1/4 [00:00<00:00,  6.38it/s, loss=0.0191]
train:  25%|██▌       | 1/4 [00:00<00:00,  6.38it/s, loss=0.0112]
train:  50%|█████     | 2/4 [00:00<00:00,  6.42it/s, loss=0.0112]
train:  50%|█████     | 2/4 [00:00<00:00,  6.42it/s, loss=0.0244]
train:  75%|███████▌  | 3/4 [00:00<00:00,  6.43it/s, loss=0.0244]
train:  75%|███████▌  | 3/4 [00:00<00:00,  6.43it/s, loss=0.0282]
train: 100%|██████████| 4/4 [00:00<00:00,  6.41it/s, loss=0.0282]
                                                                 
[PERF][train] samples(local/global)=8/8, batches(local/global)=4/4, samples/s(local/global)=12.8/12.8, ms/batch(local)=156.1, data_wait=2.0%, compute=97.9%, non_finite_skips(local)=0

val:   0%|          | 0/4 [00:00<?, ?it/s]
val:   0%|          | 0/4 [00:00<?, ?it/s, loss=0.0187]
val:   0%|          | 0/4 [00:00<?, ?it/s, loss=0.0169]
val:   0%|          | 0/4 [00:00<?, ?it/s, loss=0.0192]
val:  75%|███████▌  | 3/4 [00:00<00:00, 21.51it/s, loss=0.0192]
val:  75%|███████▌  | 3/4 [00:00<00:00, 21.51it/s, loss=0.0283]
                                                               
[PERF][val] samples(local/global)=8/8, batches(local/global)=4/4, samples/s(local/global)=42.7/42.7, ms/batch(local)=46.9, data_wait=5.7%, compute=94.1%, non_finite_skips(local)=0
[MEM] epoch=76 RAM(before/after)=1417.7/1417.7MB | GPU mem: gpu0 alloc=24.8MB resv=7092.0MB peak=5388.2MB
Epoch 76: train_loss=0.020731, val_loss=0.020771, lr=0.00030000
Updated best model: /home/nis/jinrui.yang/EaBNet_light/logs_cbam_flat_projection64/overfit8_lr3e4_20260924_161645/best/best_model.pt (val_loss=0.020771)

Epoch 77/200

train:   0%|          | 0/4 [00:00<?, ?it/s]
train:   0%|          | 0/4 [00:00<?, ?it/s, loss=0.0186]
train:  25%|██▌       | 1/4 [00:00<00:00,  6.28it/s, loss=0.0186]
train:  25%|██▌       | 1/4 [00:00<00:00,  6.28it/s, loss=0.0334]
train:  50%|█████     | 2/4 [00:00<00:00,  6.38it/s, loss=0.0334]
train:  50%|█████     | 2/4 [00:00<00:00,  6.38it/s, loss=0.0207]
train:  75%|███████▌  | 3/4 [00:00<00:00,  6.42it/s, loss=0.0207]
train:  75%|███████▌  | 3/4 [00:00<00:00,  6.42it/s, loss=0.0104]
train: 100%|██████████| 4/4 [00:00<00:00,  6.44it/s, loss=0.0104]
                                                                 
[PERF][train] samples(local/global)=8/8, batches(local/global)=4/4, samples/s(local/global)=12.8/12.8, ms/batch(local)=156.0, data_wait=1.8%, compute=98.1%, non_finite_skips(local)=0

val:   0%|          | 0/4 [00:00<?, ?it/s]
val:   0%|          | 0/4 [00:00<?, ?it/s, loss=0.0187]
val:   0%|          | 0/4 [00:00<?, ?it/s, loss=0.0168]
val:   0%|          | 0/4 [00:00<?, ?it/s, loss=0.0193]
val:  75%|███████▌  | 3/4 [00:00<00:00, 21.50it/s, loss=0.0193]
val:  75%|███████▌  | 3/4 [00:00<00:00, 21.50it/s, loss=0.0283]
                                                               
[PERF][val] samples(local/global)=8/8, batches(local/global)=4/4, samples/s(local/global)=43.1/43.1, ms/batch(local)=46.4, data_wait=4.8%, compute=95.2%, non_finite_skips(local)=0
[MEM] epoch=77 RAM(before/after)=1417.7/1429.7MB | GPU mem: gpu0 alloc=24.8MB resv=7092.0MB peak=5388.2MB
Epoch 77: train_loss=0.020790, val_loss=0.020768, lr=0.00030000
Updated best model: /home/nis/jinrui.yang/EaBNet_light/logs_cbam_flat_projection64/overfit8_lr3e4_20260924_161645/best/best_model.pt (val_loss=0.020768)

Epoch 78/200

train:   0%|          | 0/4 [00:00<?, ?it/s]
train:   0%|          | 0/4 [00:00<?, ?it/s, loss=0.0179]
train:  25%|██▌       | 1/4 [00:00<00:00,  6.46it/s, loss=0.0179]
train:  25%|██▌       | 1/4 [00:00<00:00,  6.46it/s, loss=0.0168]
train:  50%|█████     | 2/4 [00:00<00:00,  6.46it/s, loss=0.0168]
train:  50%|█████     | 2/4 [00:00<00:00,  6.46it/s, loss=0.0093]
train:  75%|███████▌  | 3/4 [00:00<00:00,  6.46it/s, loss=0.0093]
train:  75%|███████▌  | 3/4 [00:00<00:00,  6.46it/s, loss=0.0387]
train: 100%|██████████| 4/4 [00:00<00:00,  6.46it/s, loss=0.0387]
                                                                 
[PERF][train] samples(local/global)=8/8, batches(local/global)=4/4, samples/s(local/global)=12.9/12.9, ms/batch(local)=154.9, data_wait=1.5%, compute=98.4%, non_finite_skips(local)=0

val:   0%|          | 0/4 [00:00<?, ?it/s]
val:   0%|          | 0/4 [00:00<?, ?it/s, loss=0.0186]
val:   0%|          | 0/4 [00:00<?, ?it/s, loss=0.0168]
val:   0%|          | 0/4 [00:00<?, ?it/s, loss=0.0192]
val:  75%|███████▌  | 3/4 [00:00<00:00, 21.59it/s, loss=0.0192]
val:  75%|███████▌  | 3/4 [00:00<00:00, 21.59it/s, loss=0.0283]
                                                               
[PERF][val] samples(local/global)=8/8, batches(local/global)=4/4, samples/s(local/global)=43.1/43.1, ms/batch(local)=46.4, data_wait=4.6%, compute=95.0%, non_finite_skips(local)=0
[MEM] epoch=78 RAM(before/after)=1429.7/1415.9MB | GPU mem: gpu0 alloc=24.8MB resv=7092.0MB peak=5388.2MB
Epoch 78: train_loss=0.020686, val_loss=0.020747, lr=0.00030000
Updated best model: /home/nis/jinrui.yang/EaBNet_light/logs_cbam_flat_projection64/overfit8_lr3e4_20260924_161645/best/best_model.pt (val_loss=0.020747)

Epoch 79/200

train:   0%|          | 0/4 [00:00<?, ?it/s]
train:   0%|          | 0/4 [00:00<?, ?it/s, loss=0.0093]
train:  25%|██▌       | 1/4 [00:00<00:00,  6.42it/s, loss=0.0093]
train:  25%|██▌       | 1/4 [00:00<00:00,  6.42it/s, loss=0.0385]
train:  50%|█████     | 2/4 [00:00<00:00,  6.42it/s, loss=0.0385]
train:  50%|█████     | 2/4 [00:00<00:00,  6.42it/s, loss=0.0246]
train:  75%|███████▌  | 3/4 [00:00<00:00,  6.43it/s, loss=0.0246]
train:  75%|███████▌  | 3/4 [00:00<00:00,  6.43it/s, loss=0.0101]
train: 100%|██████████| 4/4 [00:00<00:00,  6.44it/s, loss=0.0101]
                                                                 
[PERF][train] samples(local/global)=8/8, batches(local/global)=4/4, samples/s(local/global)=12.9/12.9, ms/batch(local)=155.4, data_wait=1.8%, compute=98.1%, non_finite_skips(local)=0

val:   0%|          | 0/4 [00:00<?, ?it/s]
val:   0%|          | 0/4 [00:00<?, ?it/s, loss=0.0187]
val:   0%|          | 0/4 [00:00<?, ?it/s, loss=0.0168]
val:   0%|          | 0/4 [00:00<?, ?it/s, loss=0.0192]
val:  75%|███████▌  | 3/4 [00:00<00:00, 21.58it/s, loss=0.0192]
val:  75%|███████▌  | 3/4 [00:00<00:00, 21.58it/s, loss=0.0285]
                                                               
[PERF][val] samples(local/global)=8/8, batches(local/global)=4/4, samples/s(local/global)=43.1/43.1, ms/batch(local)=46.4, data_wait=4.8%, compute=95.1%, non_finite_skips(local)=0
[MEM] epoch=79 RAM(before/after)=1415.9/1424.7MB | GPU mem: gpu0 alloc=24.8MB resv=7092.0MB peak=5388.2MB
Epoch 79: train_loss=0.020629, val_loss=0.020805, lr=0.00030000

Epoch 80/200

train:   0%|          | 0/4 [00:00<?, ?it/s]
train:   0%|          | 0/4 [00:00<?, ?it/s, loss=0.0288]
train:  25%|██▌       | 1/4 [00:00<00:00,  6.49it/s, loss=0.0288]
train:  25%|██▌       | 1/4 [00:00<00:00,  6.49it/s, loss=0.0101]
train:  50%|█████     | 2/4 [00:00<00:00,  6.47it/s, loss=0.0101]
train:  50%|█████     | 2/4 [00:00<00:00,  6.47it/s, loss=0.0283]
train:  75%|███████▌  | 3/4 [00:00<00:00,  6.46it/s, loss=0.0283]
train:  75%|███████▌  | 3/4 [00:00<00:00,  6.46it/s, loss=0.0152]
train: 100%|██████████| 4/4 [00:00<00:00,  6.45it/s, loss=0.0152]
                                                                 
[PERF][train] samples(local/global)=8/8, batches(local/global)=4/4, samples/s(local/global)=12.9/12.9, ms/batch(local)=154.9, data_wait=1.7%, compute=98.3%, non_finite_skips(local)=0

val:   0%|          | 0/4 [00:00<?, ?it/s]
val:   0%|          | 0/4 [00:00<?, ?it/s, loss=0.0187]
val:   0%|          | 0/4 [00:00<?, ?it/s, loss=0.0168]
val:   0%|          | 0/4 [00:00<?, ?it/s, loss=0.0192]
val:  75%|███████▌  | 3/4 [00:00<00:00, 21.54it/s, loss=0.0192]
val:  75%|███████▌  | 3/4 [00:00<00:00, 21.54it/s, loss=0.0286]
                                                               
[PERF][val] samples(local/global)=8/8, batches(local/global)=4/4, samples/s(local/global)=43.1/43.1, ms/batch(local)=46.4, data_wait=4.8%, compute=95.2%, non_finite_skips(local)=0
[MEM] epoch=80 RAM(before/after)=1424.7/1424.7MB | GPU mem: gpu0 alloc=24.8MB resv=7092.0MB peak=5388.2MB
Epoch 80: train_loss=0.020621, val_loss=0.020825, lr=0.00030000

Epoch 81/200

train:   0%|          | 0/4 [00:00<?, ?it/s]
train:   0%|          | 0/4 [00:00<?, ?it/s, loss=0.0044]
train:  25%|██▌       | 1/4 [00:00<00:00,  6.46it/s, loss=0.0044]
train:  25%|██▌       | 1/4 [00:00<00:00,  6.46it/s, loss=0.0348]
train:  50%|█████     | 2/4 [00:00<00:00,  6.46it/s, loss=0.0348]
train:  50%|█████     | 2/4 [00:00<00:00,  6.46it/s, loss=0.0151]
train:  75%|███████▌  | 3/4 [00:00<00:00,  6.46it/s, loss=0.0151]
train:  75%|███████▌  | 3/4 [00:00<00:00,  6.46it/s, loss=0.0282]
train: 100%|██████████| 4/4 [00:00<00:00,  6.46it/s, loss=0.0282]
                                                                 
[PERF][train] samples(local/global)=8/8, batches(local/global)=4/4, samples/s(local/global)=12.9/12.9, ms/batch(local)=155.0, data_wait=1.5%, compute=98.4%, non_finite_skips(local)=0

val:   0%|          | 0/4 [00:00<?, ?it/s]
val:   0%|          | 0/4 [00:00<?, ?it/s, loss=0.0186]
val:   0%|          | 0/4 [00:00<?, ?it/s, loss=0.0168]
val:   0%|          | 0/4 [00:00<?, ?it/s, loss=0.0191]
val:  75%|███████▌  | 3/4 [00:00<00:00, 21.51it/s, loss=0.0191]
val:  75%|███████▌  | 3/4 [00:00<00:00, 21.51it/s, loss=0.0283]
                                                               
[PERF][val] samples(local/global)=8/8, batches(local/global)=4/4, samples/s(local/global)=43.0/43.0, ms/batch(local)=46.5, data_wait=4.7%, compute=94.9%, non_finite_skips(local)=0
[MEM] epoch=81 RAM(before/after)=1424.7/1415.9MB | GPU mem: gpu0 alloc=24.8MB resv=7092.0MB peak=5388.2MB
Epoch 81: train_loss=0.020636, val_loss=0.020705, lr=0.00030000
Updated best model: /home/nis/jinrui.yang/EaBNet_light/logs_cbam_flat_projection64/overfit8_lr3e4_20260924_161645/best/best_model.pt (val_loss=0.020705)

Epoch 82/200

train:   0%|          | 0/4 [00:00<?, ?it/s]
train:   0%|          | 0/4 [00:00<?, ?it/s, loss=0.0178]
train:  25%|██▌       | 1/4 [00:00<00:00,  6.44it/s, loss=0.0178]
train:  25%|██▌       | 1/4 [00:00<00:00,  6.44it/s, loss=0.0287]
train:  50%|█████     | 2/4 [00:00<00:00,  6.42it/s, loss=0.0287]
train:  50%|█████     | 2/4 [00:00<00:00,  6.42it/s, loss=0.0168]
train:  75%|███████▌  | 3/4 [00:00<00:00,  6.44it/s, loss=0.0168]
train:  75%|███████▌  | 3/4 [00:00<00:00,  6.44it/s, loss=0.0190]
train: 100%|██████████| 4/4 [00:00<00:00,  6.45it/s, loss=0.0190]
                                                                 
[PERF][train] samples(local/global)=8/8, batches(local/global)=4/4, samples/s(local/global)=12.9/12.9, ms/batch(local)=155.3, data_wait=1.9%, compute=98.1%, non_finite_skips(local)=0

val:   0%|          | 0/4 [00:00<?, ?it/s]
val:   0%|          | 0/4 [00:00<?, ?it/s, loss=0.0186]
val:   0%|          | 0/4 [00:00<?, ?it/s, loss=0.0168]
val:   0%|          | 0/4 [00:00<?, ?it/s, loss=0.0191]
val:  75%|███████▌  | 3/4 [00:00<00:00, 21.61it/s, loss=0.0191]
val:  75%|███████▌  | 3/4 [00:00<00:00, 21.61it/s, loss=0.0282]
                                                               
[PERF][val] samples(local/global)=8/8, batches(local/global)=4/4, samples/s(local/global)=43.1/43.1, ms/batch(local)=46.4, data_wait=4.6%, compute=95.1%, non_finite_skips(local)=0
[MEM] epoch=82 RAM(before/after)=1415.9/1415.9MB | GPU mem: gpu0 alloc=24.8MB resv=7092.0MB peak=5388.2MB
Epoch 82: train_loss=0.020574, val_loss=0.020652, lr=0.00030000
Updated best model: /home/nis/jinrui.yang/EaBNet_light/logs_cbam_flat_projection64/overfit8_lr3e4_20260924_161645/best/best_model.pt (val_loss=0.020652)

Epoch 83/200

train:   0%|          | 0/4 [00:00<?, ?it/s]
train:   0%|          | 0/4 [00:00<?, ?it/s, loss=0.0281]
train:  25%|██▌       | 1/4 [00:00<00:00,  6.45it/s, loss=0.0281]
train:  25%|██▌       | 1/4 [00:00<00:00,  6.45it/s, loss=0.0345]
train:  50%|█████     | 2/4 [00:00<00:00,  6.44it/s, loss=0.0345]
train:  50%|█████     | 2/4 [00:00<00:00,  6.44it/s, loss=0.0086]
train:  75%|███████▌  | 3/4 [00:00<00:00,  6.44it/s, loss=0.0086]
train:  75%|███████▌  | 3/4 [00:00<00:00,  6.44it/s, loss=0.0108]
train: 100%|██████████| 4/4 [00:00<00:00,  6.45it/s, loss=0.0108]
                                                                 
[PERF][train] samples(local/global)=8/8, batches(local/global)=4/4, samples/s(local/global)=12.9/12.9, ms/batch(local)=155.2, data_wait=1.7%, compute=98.1%, non_finite_skips(local)=0

val:   0%|          | 0/4 [00:00<?, ?it/s]
val:   0%|          | 0/4 [00:00<?, ?it/s, loss=0.0186]
val:   0%|          | 0/4 [00:00<?, ?it/s, loss=0.0167]
val:   0%|          | 0/4 [00:00<?, ?it/s, loss=0.0191]
val:  75%|███████▌  | 3/4 [00:00<00:00, 21.43it/s, loss=0.0191]
val:  75%|███████▌  | 3/4 [00:00<00:00, 21.43it/s, loss=0.0283]
                                                               
[PERF][val] samples(local/global)=8/8, batches(local/global)=4/4, samples/s(local/global)=42.9/42.9, ms/batch(local)=46.7, data_wait=5.4%, compute=94.5%, non_finite_skips(local)=0
[MEM] epoch=83 RAM(before/after)=1415.9/1424.7MB | GPU mem: gpu0 alloc=24.8MB resv=7092.0MB peak=5388.2MB
Epoch 83: train_loss=0.020513, val_loss=0.020686, lr=0.00030000

Epoch 84/200

train:   0%|          | 0/4 [00:00<?, ?it/s]
train:   0%|          | 0/4 [00:00<?, ?it/s, loss=0.0101]
train:  25%|██▌       | 1/4 [00:00<00:00,  6.44it/s, loss=0.0101]
train:  25%|██▌       | 1/4 [00:00<00:00,  6.44it/s, loss=0.0207]
train:  50%|█████     | 2/4 [00:00<00:00,  6.42it/s, loss=0.0207]
train:  50%|█████     | 2/4 [00:00<00:00,  6.42it/s, loss=0.0185]
train:  75%|███████▌  | 3/4 [00:00<00:00,  6.44it/s, loss=0.0185]
train:  75%|███████▌  | 3/4 [00:00<00:00,  6.44it/s, loss=0.0329]
train: 100%|██████████| 4/4 [00:00<00:00,  6.45it/s, loss=0.0329]
                                                                 
[PERF][train] samples(local/global)=8/8, batches(local/global)=4/4, samples/s(local/global)=12.9/12.9, ms/batch(local)=155.3, data_wait=1.7%, compute=98.2%, non_finite_skips(local)=0

val:   0%|          | 0/4 [00:00<?, ?it/s]
val:   0%|          | 0/4 [00:00<?, ?it/s, loss=0.0186]
val:   0%|          | 0/4 [00:00<?, ?it/s, loss=0.0167]
val:   0%|          | 0/4 [00:00<?, ?it/s, loss=0.0190]
val:  75%|███████▌  | 3/4 [00:00<00:00, 21.56it/s, loss=0.0190]
val:  75%|███████▌  | 3/4 [00:00<00:00, 21.56it/s, loss=0.0283]
                                                               
[PERF][val] samples(local/global)=8/8, batches(local/global)=4/4, samples/s(local/global)=43.1/43.1, ms/batch(local)=46.4, data_wait=4.9%, compute=95.1%, non_finite_skips(local)=0
[MEM] epoch=84 RAM(before/after)=1424.7/1424.7MB | GPU mem: gpu0 alloc=24.8MB resv=7092.0MB peak=5388.2MB
Epoch 84: train_loss=0.020527, val_loss=0.020658, lr=0.00030000

Epoch 85/200

train:   0%|          | 0/4 [00:00<?, ?it/s]
train:   0%|          | 0/4 [00:00<?, ?it/s, loss=0.0100]
train:  25%|██▌       | 1/4 [00:00<00:00,  6.46it/s, loss=0.0100]
train:  25%|██▌       | 1/4 [00:00<00:00,  6.46it/s, loss=0.0286]
train:  50%|█████     | 2/4 [00:00<00:00,  6.47it/s, loss=0.0286]
train:  50%|█████     | 2/4 [00:00<00:00,  6.47it/s, loss=0.0151]
train:  75%|███████▌  | 3/4 [00:00<00:00,  6.45it/s, loss=0.0151]
train:  75%|███████▌  | 3/4 [00:00<00:00,  6.45it/s, loss=0.0280]
train: 100%|██████████| 4/4 [00:00<00:00,  6.45it/s, loss=0.0280]
                                                                 
[PERF][train] samples(local/global)=8/8, batches(local/global)=4/4, samples/s(local/global)=12.9/12.9, ms/batch(local)=155.0, data_wait=1.6%, compute=98.3%, non_finite_skips(local)=0

val:   0%|          | 0/4 [00:00<?, ?it/s]
val:   0%|          | 0/4 [00:00<?, ?it/s, loss=0.0186]
val:   0%|          | 0/4 [00:00<?, ?it/s, loss=0.0167]
val:   0%|          | 0/4 [00:00<?, ?it/s, loss=0.0190]
val:  75%|███████▌  | 3/4 [00:00<00:00, 21.58it/s, loss=0.0190]
val:  75%|███████▌  | 3/4 [00:00<00:00, 21.58it/s, loss=0.0282]
                                                               
[PERF][val] samples(local/global)=8/8, batches(local/global)=4/4, samples/s(local/global)=43.1/43.1, ms/batch(local)=46.4, data_wait=4.8%, compute=95.2%, non_finite_skips(local)=0
[MEM] epoch=85 RAM(before/after)=1424.7/1424.7MB | GPU mem: gpu0 alloc=24.8MB resv=7092.0MB peak=5388.2MB
Epoch 85: train_loss=0.020427, val_loss=0.020611, lr=0.00030000
Updated best model: /home/nis/jinrui.yang/EaBNet_light/logs_cbam_flat_projection64/overfit8_lr3e4_20260924_161645/best/best_model.pt (val_loss=0.020611)

Epoch 86/200

train:   0%|          | 0/4 [00:00<?, ?it/s]
train:   0%|          | 0/4 [00:00<?, ?it/s, loss=0.0110]
train:  25%|██▌       | 1/4 [00:00<00:00,  6.38it/s, loss=0.0110]
train:  25%|██▌       | 1/4 [00:00<00:00,  6.38it/s, loss=0.0140]
train:  50%|█████     | 2/4 [00:00<00:00,  6.41it/s, loss=0.0140]
train:  50%|█████     | 2/4 [00:00<00:00,  6.41it/s, loss=0.0342]
train:  75%|███████▌  | 3/4 [00:00<00:00,  6.43it/s, loss=0.0342]
train:  75%|███████▌  | 3/4 [00:00<00:00,  6.43it/s, loss=0.0227]
train: 100%|██████████| 4/4 [00:00<00:00,  6.44it/s, loss=0.0227]
                                                                 
[PERF][train] samples(local/global)=8/8, batches(local/global)=4/4, samples/s(local/global)=12.8/12.8, ms/batch(local)=155.7, data_wait=1.8%, compute=98.1%, non_finite_skips(local)=0

val:   0%|          | 0/4 [00:00<?, ?it/s]
val:   0%|          | 0/4 [00:00<?, ?it/s, loss=0.0186]
val:   0%|          | 0/4 [00:00<?, ?it/s, loss=0.0166]
val:   0%|          | 0/4 [00:00<?, ?it/s, loss=0.0189]
val:  75%|███████▌  | 3/4 [00:00<00:00, 21.54it/s, loss=0.0189]
val:  75%|███████▌  | 3/4 [00:00<00:00, 21.54it/s, loss=0.0280]
                                                               
[PERF][val] samples(local/global)=8/8, batches(local/global)=4/4, samples/s(local/global)=43.0/43.0, ms/batch(local)=46.5, data_wait=4.9%, compute=95.0%, non_finite_skips(local)=0
[MEM] epoch=86 RAM(before/after)=1424.7/1424.7MB | GPU mem: gpu0 alloc=24.8MB resv=7092.0MB peak=5388.2MB
Epoch 86: train_loss=0.020488, val_loss=0.020531, lr=0.00030000
Updated best model: /home/nis/jinrui.yang/EaBNet_light/logs_cbam_flat_projection64/overfit8_lr3e4_20260924_161645/best/best_model.pt (val_loss=0.020531)

Epoch 87/200

train:   0%|          | 0/4 [00:00<?, ?it/s]
train:   0%|          | 0/4 [00:00<?, ?it/s, loss=0.0177]
train:  25%|██▌       | 1/4 [00:00<00:00,  6.42it/s, loss=0.0177]
train:  25%|██▌       | 1/4 [00:00<00:00,  6.42it/s, loss=0.0286]
train:  50%|█████     | 2/4 [00:00<00:00,  6.43it/s, loss=0.0286]
train:  50%|█████     | 2/4 [00:00<00:00,  6.43it/s, loss=0.0205]
train:  75%|███████▌  | 3/4 [00:00<00:00,  6.44it/s, loss=0.0205]
train:  75%|███████▌  | 3/4 [00:00<00:00,  6.44it/s, loss=0.0149]
train: 100%|██████████| 4/4 [00:00<00:00,  6.45it/s, loss=0.0149]
                                                                 
[PERF][train] samples(local/global)=8/8, batches(local/global)=4/4, samples/s(local/global)=12.9/12.9, ms/batch(local)=155.3, data_wait=1.8%, compute=98.1%, non_finite_skips(local)=0

val:   0%|          | 0/4 [00:00<?, ?it/s]
val:   0%|          | 0/4 [00:00<?, ?it/s, loss=0.0186]
val:   0%|          | 0/4 [00:00<?, ?it/s, loss=0.0166]
val:   0%|          | 0/4 [00:00<?, ?it/s, loss=0.0189]
val:  75%|███████▌  | 3/4 [00:00<00:00, 21.60it/s, loss=0.0189]
val:  75%|███████▌  | 3/4 [00:00<00:00, 21.60it/s, loss=0.0281]
                                                               
[PERF][val] samples(local/global)=8/8, batches(local/global)=4/4, samples/s(local/global)=43.0/43.0, ms/batch(local)=46.5, data_wait=5.1%, compute=94.9%, non_finite_skips(local)=0
[MEM] epoch=87 RAM(before/after)=1424.7/1424.7MB | GPU mem: gpu0 alloc=24.8MB resv=7092.0MB peak=5388.2MB
Epoch 87: train_loss=0.020439, val_loss=0.020527, lr=0.00030000
Updated best model: /home/nis/jinrui.yang/EaBNet_light/logs_cbam_flat_projection64/overfit8_lr3e4_20260924_161645/best/best_model.pt (val_loss=0.020527)

Epoch 88/200

train:   0%|          | 0/4 [00:00<?, ?it/s]
train:   0%|          | 0/4 [00:00<?, ?it/s, loss=0.0421]
train:  25%|██▌       | 1/4 [00:00<00:00,  6.46it/s, loss=0.0421]
train:  25%|██▌       | 1/4 [00:00<00:00,  6.46it/s, loss=0.0085]
train:  50%|█████     | 2/4 [00:00<00:00,  6.45it/s, loss=0.0085]
train:  50%|█████     | 2/4 [00:00<00:00,  6.45it/s, loss=0.0110]
train:  75%|███████▌  | 3/4 [00:00<00:00,  6.45it/s, loss=0.0110]
train:  75%|███████▌  | 3/4 [00:00<00:00,  6.45it/s, loss=0.0203]
train: 100%|██████████| 4/4 [00:00<00:00,  6.44it/s, loss=0.0203]
                                                                 
[PERF][train] samples(local/global)=8/8, batches(local/global)=4/4, samples/s(local/global)=12.9/12.9, ms/batch(local)=155.3, data_wait=1.7%, compute=98.2%, non_finite_skips(local)=0

val:   0%|          | 0/4 [00:00<?, ?it/s]
val:   0%|          | 0/4 [00:00<?, ?it/s, loss=0.0185]
val:   0%|          | 0/4 [00:00<?, ?it/s, loss=0.0166]
val:   0%|          | 0/4 [00:00<?, ?it/s, loss=0.0189]
val:  75%|███████▌  | 3/4 [00:00<00:00, 21.65it/s, loss=0.0189]
val:  75%|███████▌  | 3/4 [00:00<00:00, 21.65it/s, loss=0.0281]
                                                               
[PERF][val] samples(local/global)=8/8, batches(local/global)=4/4, samples/s(local/global)=43.1/43.1, ms/batch(local)=46.4, data_wait=4.7%, compute=95.2%, non_finite_skips(local)=0
[MEM] epoch=88 RAM(before/after)=1424.7/1424.7MB | GPU mem: gpu0 alloc=24.8MB resv=7092.0MB peak=5388.2MB
Epoch 88: train_loss=0.020461, val_loss=0.020524, lr=0.00030000
Updated best model: /home/nis/jinrui.yang/EaBNet_light/logs_cbam_flat_projection64/overfit8_lr3e4_20260924_161645/best/best_model.pt (val_loss=0.020524)

Epoch 89/200

train:   0%|          | 0/4 [00:00<?, ?it/s]
train:   0%|          | 0/4 [00:00<?, ?it/s, loss=0.0326]
train:  25%|██▌       | 1/4 [00:00<00:00,  6.47it/s, loss=0.0326]
train:  25%|██▌       | 1/4 [00:00<00:00,  6.47it/s, loss=0.0146]
train:  50%|█████     | 2/4 [00:00<00:00,  6.46it/s, loss=0.0146]
train:  50%|█████     | 2/4 [00:00<00:00,  6.46it/s, loss=0.0177]
train:  75%|███████▌  | 3/4 [00:00<00:00,  6.45it/s, loss=0.0177]
train:  75%|███████▌  | 3/4 [00:00<00:00,  6.45it/s, loss=0.0165]
train: 100%|██████████| 4/4 [00:00<00:00,  6.45it/s, loss=0.0165]
                                                                 
[PERF][train] samples(local/global)=8/8, batches(local/global)=4/4, samples/s(local/global)=12.9/12.9, ms/batch(local)=155.0, data_wait=1.7%, compute=98.3%, non_finite_skips(local)=0

val:   0%|          | 0/4 [00:00<?, ?it/s]
val:   0%|          | 0/4 [00:00<?, ?it/s, loss=0.0185]
val:   0%|          | 0/4 [00:00<?, ?it/s, loss=0.0166]
val:   0%|          | 0/4 [00:00<?, ?it/s, loss=0.0188]
val:  75%|███████▌  | 3/4 [00:00<00:00, 21.64it/s, loss=0.0188]
val:  75%|███████▌  | 3/4 [00:00<00:00, 21.64it/s, loss=0.0281]
                                                               
[PERF][val] samples(local/global)=8/8, batches(local/global)=4/4, samples/s(local/global)=43.2/43.2, ms/batch(local)=46.3, data_wait=4.8%, compute=95.2%, non_finite_skips(local)=0
[MEM] epoch=89 RAM(before/after)=1424.7/1424.7MB | GPU mem: gpu0 alloc=24.8MB resv=7092.0MB peak=5388.2MB
Epoch 89: train_loss=0.020364, val_loss=0.020502, lr=0.00030000
Updated best model: /home/nis/jinrui.yang/EaBNet_light/logs_cbam_flat_projection64/overfit8_lr3e4_20260924_161645/best/best_model.pt (val_loss=0.020502)

Epoch 90/200

train:   0%|          | 0/4 [00:00<?, ?it/s]
train:   0%|          | 0/4 [00:00<?, ?it/s, loss=0.0226]
train:  25%|██▌       | 1/4 [00:00<00:00,  6.45it/s, loss=0.0226]
train:  25%|██▌       | 1/4 [00:00<00:00,  6.45it/s, loss=0.0107]
train:  50%|█████     | 2/4 [00:00<00:00,  6.45it/s, loss=0.0107]
train:  50%|█████     | 2/4 [00:00<00:00,  6.45it/s, loss=0.0139]
train:  75%|███████▌  | 3/4 [00:00<00:00,  6.44it/s, loss=0.0139]
train:  75%|███████▌  | 3/4 [00:00<00:00,  6.44it/s, loss=0.0343]
train: 100%|██████████| 4/4 [00:00<00:00,  6.45it/s, loss=0.0343]
                                                                 
[PERF][train] samples(local/global)=8/8, batches(local/global)=4/4, samples/s(local/global)=12.9/12.9, ms/batch(local)=155.3, data_wait=1.7%, compute=98.2%, non_finite_skips(local)=0

val:   0%|          | 0/4 [00:00<?, ?it/s]
val:   0%|          | 0/4 [00:00<?, ?it/s, loss=0.0186]
val:   0%|          | 0/4 [00:00<?, ?it/s, loss=0.0165]
val:   0%|          | 0/4 [00:00<?, ?it/s, loss=0.0188]
val:  75%|███████▌  | 3/4 [00:00<00:00, 21.54it/s, loss=0.0188]
val:  75%|███████▌  | 3/4 [00:00<00:00, 21.54it/s, loss=0.0281]
                                                               
[PERF][val] samples(local/global)=8/8, batches(local/global)=4/4, samples/s(local/global)=43.0/43.0, ms/batch(local)=46.5, data_wait=4.4%, compute=95.2%, non_finite_skips(local)=0
[MEM] epoch=90 RAM(before/after)=1424.7/1415.9MB | GPU mem: gpu0 alloc=24.8MB resv=7092.0MB peak=5388.2MB
Epoch 90: train_loss=0.020355, val_loss=0.020503, lr=0.00030000

Epoch 91/200

train:   0%|          | 0/4 [00:00<?, ?it/s]
train:   0%|          | 0/4 [00:00<?, ?it/s, loss=0.0184]
train:  25%|██▌       | 1/4 [00:00<00:00,  6.45it/s, loss=0.0184]
train:  25%|██▌       | 1/4 [00:00<00:00,  6.45it/s, loss=0.0148]
train:  50%|█████     | 2/4 [00:00<00:00,  6.45it/s, loss=0.0148]
train:  50%|█████     | 2/4 [00:00<00:00,  6.45it/s, loss=0.0103]
train:  75%|███████▌  | 3/4 [00:00<00:00,  6.44it/s, loss=0.0103]
train:  75%|███████▌  | 3/4 [00:00<00:00,  6.44it/s, loss=0.0380]
train: 100%|██████████| 4/4 [00:00<00:00,  6.44it/s, loss=0.0380]
                                                                 
[PERF][train] samples(local/global)=8/8, batches(local/global)=4/4, samples/s(local/global)=12.9/12.9, ms/batch(local)=155.3, data_wait=1.9%, compute=98.1%, non_finite_skips(local)=0

val:   0%|          | 0/4 [00:00<?, ?it/s]
val:   0%|          | 0/4 [00:00<?, ?it/s, loss=0.0186]
val:   0%|          | 0/4 [00:00<?, ?it/s, loss=0.0165]
val:   0%|          | 0/4 [00:00<?, ?it/s, loss=0.0188]
val:  75%|███████▌  | 3/4 [00:00<00:00, 21.57it/s, loss=0.0188]
val:  75%|███████▌  | 3/4 [00:00<00:00, 21.57it/s, loss=0.0280]
                                                               
[PERF][val] samples(local/global)=8/8, batches(local/global)=4/4, samples/s(local/global)=43.1/43.1, ms/batch(local)=46.4, data_wait=4.8%, compute=95.1%, non_finite_skips(local)=0
[MEM] epoch=91 RAM(before/after)=1415.9/1424.7MB | GPU mem: gpu0 alloc=24.8MB resv=7092.0MB peak=5388.2MB
Epoch 91: train_loss=0.020373, val_loss=0.020465, lr=0.00030000
Updated best model: /home/nis/jinrui.yang/EaBNet_light/logs_cbam_flat_projection64/overfit8_lr3e4_20260924_161645/best/best_model.pt (val_loss=0.020465)

Epoch 92/200

train:   0%|          | 0/4 [00:00<?, ?it/s]
train:   0%|          | 0/4 [00:00<?, ?it/s, loss=0.0102]
train:  25%|██▌       | 1/4 [00:00<00:00,  6.43it/s, loss=0.0102]
train:  25%|██▌       | 1/4 [00:00<00:00,  6.43it/s, loss=0.0225]
train:  50%|█████     | 2/4 [00:00<00:00,  6.44it/s, loss=0.0225]
train:  50%|█████     | 2/4 [00:00<00:00,  6.44it/s, loss=0.0284]
train:  75%|███████▌  | 3/4 [00:00<00:00,  6.44it/s, loss=0.0284]
train:  75%|███████▌  | 3/4 [00:00<00:00,  6.44it/s, loss=0.0201]
train: 100%|██████████| 4/4 [00:00<00:00,  6.43it/s, loss=0.0201]
                                                                 
[PERF][train] samples(local/global)=8/8, batches(local/global)=4/4, samples/s(local/global)=12.9/12.9, ms/batch(local)=155.5, data_wait=1.7%, compute=98.2%, non_finite_skips(local)=0

val:   0%|          | 0/4 [00:00<?, ?it/s]
val:   0%|          | 0/4 [00:00<?, ?it/s, loss=0.0185]
val:   0%|          | 0/4 [00:00<?, ?it/s, loss=0.0165]
val:  50%|█████     | 2/4 [00:00<00:00, 19.53it/s, loss=0.0165]
val:  50%|█████     | 2/4 [00:00<00:00, 19.53it/s, loss=0.0187]
val:  50%|█████     | 2/4 [00:00<00:00, 19.53it/s, loss=0.0279]
                                                               
[PERF][val] samples(local/global)=8/8, batches(local/global)=4/4, samples/s(local/global)=41.0/41.0, ms/batch(local)=48.8, data_wait=9.2%, compute=90.7%, non_finite_skips(local)=0
[MEM] epoch=92 RAM(before/after)=1424.7/1424.7MB | GPU mem: gpu0 alloc=24.8MB resv=7092.0MB peak=5388.2MB
Epoch 92: train_loss=0.020299, val_loss=0.020403, lr=0.00030000
Updated best model: /home/nis/jinrui.yang/EaBNet_light/logs_cbam_flat_projection64/overfit8_lr3e4_20260924_161645/best/best_model.pt (val_loss=0.020403)

Epoch 93/200

train:   0%|          | 0/4 [00:00<?, ?it/s]
train:   0%|          | 0/4 [00:00<?, ?it/s, loss=0.0091]
train:  25%|██▌       | 1/4 [00:00<00:00,  6.46it/s, loss=0.0091]
train:  25%|██▌       | 1/4 [00:00<00:00,  6.46it/s, loss=0.0201]
train:  50%|█████     | 2/4 [00:00<00:00,  6.45it/s, loss=0.0201]
train:  50%|█████     | 2/4 [00:00<00:00,  6.45it/s, loss=0.0419]
train:  75%|███████▌  | 3/4 [00:00<00:00,  6.46it/s, loss=0.0419]
train:  75%|███████▌  | 3/4 [00:00<00:00,  6.46it/s, loss=0.0102]
train: 100%|██████████| 4/4 [00:00<00:00,  6.45it/s, loss=0.0102]
                                                                 
[PERF][train] samples(local/global)=8/8, batches(local/global)=4/4, samples/s(local/global)=12.9/12.9, ms/batch(local)=155.1, data_wait=1.6%, compute=98.2%, non_finite_skips(local)=0

val:   0%|          | 0/4 [00:00<?, ?it/s]
val:   0%|          | 0/4 [00:00<?, ?it/s, loss=0.0185]
val:   0%|          | 0/4 [00:00<?, ?it/s, loss=0.0165]
val:   0%|          | 0/4 [00:00<?, ?it/s, loss=0.0187]
val:  75%|███████▌  | 3/4 [00:00<00:00, 21.48it/s, loss=0.0187]
val:  75%|███████▌  | 3/4 [00:00<00:00, 21.48it/s, loss=0.0279]
                                                               
[PERF][val] samples(local/global)=8/8, batches(local/global)=4/4, samples/s(local/global)=42.9/42.9, ms/batch(local)=46.6, data_wait=4.7%, compute=94.9%, non_finite_skips(local)=0
[MEM] epoch=93 RAM(before/after)=1424.7/1415.9MB | GPU mem: gpu0 alloc=24.8MB resv=7092.0MB peak=5388.2MB
Epoch 93: train_loss=0.020311, val_loss=0.020418, lr=0.00030000

Epoch 94/200

train:   0%|          | 0/4 [00:00<?, ?it/s]
train:   0%|          | 0/4 [00:00<?, ?it/s, loss=0.0276]
train:  25%|██▌       | 1/4 [00:00<00:00,  6.45it/s, loss=0.0276]
train:  25%|██▌       | 1/4 [00:00<00:00,  6.45it/s, loss=0.0091]
train:  50%|█████     | 2/4 [00:00<00:00,  6.42it/s, loss=0.0091]
train:  50%|█████     | 2/4 [00:00<00:00,  6.42it/s, loss=0.0242]
train:  75%|███████▌  | 3/4 [00:00<00:00,  6.42it/s, loss=0.0242]
train:  75%|███████▌  | 3/4 [00:00<00:00,  6.42it/s, loss=0.0200]
train: 100%|██████████| 4/4 [00:00<00:00,  6.43it/s, loss=0.0200]
                                                                 
[PERF][train] samples(local/global)=8/8, batches(local/global)=4/4, samples/s(local/global)=12.8/12.8, ms/batch(local)=155.7, data_wait=2.0%, compute=98.0%, non_finite_skips(local)=0

val:   0%|          | 0/4 [00:00<?, ?it/s]
val:   0%|          | 0/4 [00:00<?, ?it/s, loss=0.0185]
val:   0%|          | 0/4 [00:00<?, ?it/s, loss=0.0165]
val:   0%|          | 0/4 [00:00<?, ?it/s, loss=0.0187]
val:  75%|███████▌  | 3/4 [00:00<00:00, 21.49it/s, loss=0.0187]
val:  75%|███████▌  | 3/4 [00:00<00:00, 21.49it/s, loss=0.0281]
                                                               
[PERF][val] samples(local/global)=8/8, batches(local/global)=4/4, samples/s(local/global)=43.0/43.0, ms/batch(local)=46.6, data_wait=4.9%, compute=95.0%, non_finite_skips(local)=0
[MEM] epoch=94 RAM(before/after)=1415.9/1424.7MB | GPU mem: gpu0 alloc=24.8MB resv=7092.0MB peak=5388.2MB
Epoch 94: train_loss=0.020247, val_loss=0.020438, lr=0.00030000

Epoch 95/200

train:   0%|          | 0/4 [00:00<?, ?it/s]
train:   0%|          | 0/4 [00:00<?, ?it/s, loss=0.0200]
train:  25%|██▌       | 1/4 [00:00<00:00,  6.48it/s, loss=0.0200]
train:  25%|██▌       | 1/4 [00:00<00:00,  6.48it/s, loss=0.0242]
train:  50%|█████     | 2/4 [00:00<00:00,  6.45it/s, loss=0.0242]
train:  50%|█████     | 2/4 [00:00<00:00,  6.45it/s, loss=0.0283]
train:  75%|███████▌  | 3/4 [00:00<00:00,  6.44it/s, loss=0.0283]
train:  75%|███████▌  | 3/4 [00:00<00:00,  6.44it/s, loss=0.0084]
train: 100%|██████████| 4/4 [00:00<00:00,  6.45it/s, loss=0.0084]
                                                                 
[PERF][train] samples(local/global)=8/8, batches(local/global)=4/4, samples/s(local/global)=12.9/12.9, ms/batch(local)=155.1, data_wait=1.8%, compute=98.1%, non_finite_skips(local)=0

val:   0%|          | 0/4 [00:00<?, ?it/s]
val:   0%|          | 0/4 [00:00<?, ?it/s, loss=0.0185]
val:   0%|          | 0/4 [00:00<?, ?it/s, loss=0.0164]
val:   0%|          | 0/4 [00:00<?, ?it/s, loss=0.0187]
val:  75%|███████▌  | 3/4 [00:00<00:00, 21.54it/s, loss=0.0187]
val:  75%|███████▌  | 3/4 [00:00<00:00, 21.54it/s, loss=0.0279]
                                                               
[PERF][val] samples(local/global)=8/8, batches(local/global)=4/4, samples/s(local/global)=43.1/43.1, ms/batch(local)=46.4, data_wait=4.8%, compute=95.2%, non_finite_skips(local)=0
[MEM] epoch=95 RAM(before/after)=1424.7/1424.7MB | GPU mem: gpu0 alloc=24.8MB resv=7092.0MB peak=5388.2MB
Epoch 95: train_loss=0.020215, val_loss=0.020365, lr=0.00030000
Updated best model: /home/nis/jinrui.yang/EaBNet_light/logs_cbam_flat_projection64/overfit8_lr3e4_20260924_161645/best/best_model.pt (val_loss=0.020365)

Epoch 96/200

train:   0%|          | 0/4 [00:00<?, ?it/s]
train:   0%|          | 0/4 [00:00<?, ?it/s, loss=0.0148]
train:  25%|██▌       | 1/4 [00:00<00:00,  6.10it/s, loss=0.0148]
train:  25%|██▌       | 1/4 [00:00<00:00,  6.10it/s, loss=0.0275]
train:  50%|█████     | 2/4 [00:00<00:00,  6.29it/s, loss=0.0275]
train:  50%|█████     | 2/4 [00:00<00:00,  6.29it/s, loss=0.0279]
train:  75%|███████▌  | 3/4 [00:00<00:00,  6.36it/s, loss=0.0279]
train:  75%|███████▌  | 3/4 [00:00<00:00,  6.36it/s, loss=0.0106]
train: 100%|██████████| 4/4 [00:00<00:00,  6.38it/s, loss=0.0106]
                                                                 
[PERF][train] samples(local/global)=8/8, batches(local/global)=4/4, samples/s(local/global)=12.7/12.7, ms/batch(local)=157.8, data_wait=2.0%, compute=97.9%, non_finite_skips(local)=0

val:   0%|          | 0/4 [00:00<?, ?it/s]
val:   0%|          | 0/4 [00:00<?, ?it/s, loss=0.0185]
val:   0%|          | 0/4 [00:00<?, ?it/s, loss=0.0164]
val:   0%|          | 0/4 [00:00<?, ?it/s, loss=0.0187]
val:  75%|███████▌  | 3/4 [00:00<00:00, 21.56it/s, loss=0.0187]
val:  75%|███████▌  | 3/4 [00:00<00:00, 21.56it/s, loss=0.0279]
                                                               
[PERF][val] samples(local/global)=8/8, batches(local/global)=4/4, samples/s(local/global)=42.7/42.7, ms/batch(local)=46.8, data_wait=5.3%, compute=94.4%, non_finite_skips(local)=0
[MEM] epoch=96 RAM(before/after)=1424.7/1415.9MB | GPU mem: gpu0 alloc=24.8MB resv=7092.0MB peak=5388.2MB
Epoch 96: train_loss=0.020226, val_loss=0.020354, lr=0.00030000
Updated best model: /home/nis/jinrui.yang/EaBNet_light/logs_cbam_flat_projection64/overfit8_lr3e4_20260924_161645/best/best_model.pt (val_loss=0.020354)

Epoch 97/200

train:   0%|          | 0/4 [00:00<?, ?it/s]
train:   0%|          | 0/4 [00:00<?, ?it/s, loss=0.0275]
train:  25%|██▌       | 1/4 [00:00<00:00,  6.42it/s, loss=0.0275]
train:  25%|██▌       | 1/4 [00:00<00:00,  6.42it/s, loss=0.0147]
train:  50%|█████     | 2/4 [00:00<00:00,  6.41it/s, loss=0.0147]
train:  50%|█████     | 2/4 [00:00<00:00,  6.41it/s, loss=0.0241]
train:  75%|███████▌  | 3/4 [00:00<00:00,  6.43it/s, loss=0.0241]
train:  75%|███████▌  | 3/4 [00:00<00:00,  6.43it/s, loss=0.0144]
train: 100%|██████████| 4/4 [00:00<00:00,  6.44it/s, loss=0.0144]
                                                                 
[PERF][train] samples(local/global)=8/8, batches(local/global)=4/4, samples/s(local/global)=12.9/12.9, ms/batch(local)=155.6, data_wait=1.9%, compute=98.1%, non_finite_skips(local)=0

val:   0%|          | 0/4 [00:00<?, ?it/s]
val:   0%|          | 0/4 [00:00<?, ?it/s, loss=0.0185]
val:   0%|          | 0/4 [00:00<?, ?it/s, loss=0.0164]
val:   0%|          | 0/4 [00:00<?, ?it/s, loss=0.0187]
val:  75%|███████▌  | 3/4 [00:00<00:00, 21.54it/s, loss=0.0187]
val:  75%|███████▌  | 3/4 [00:00<00:00, 21.54it/s, loss=0.0279]
                                                               
[PERF][val] samples(local/global)=8/8, batches(local/global)=4/4, samples/s(local/global)=43.0/43.0, ms/batch(local)=46.5, data_wait=5.0%, compute=94.9%, non_finite_skips(local)=0
[MEM] epoch=97 RAM(before/after)=1415.9/1424.7MB | GPU mem: gpu0 alloc=24.8MB resv=7092.0MB peak=5388.2MB
Epoch 97: train_loss=0.020163, val_loss=0.020356, lr=0.00030000

Epoch 98/200

train:   0%|          | 0/4 [00:00<?, ?it/s]
train:   0%|          | 0/4 [00:00<?, ?it/s, loss=0.0177]
train:  25%|██▌       | 1/4 [00:00<00:00,  6.40it/s, loss=0.0177]
train:  25%|██▌       | 1/4 [00:00<00:00,  6.40it/s, loss=0.0163]
train:  50%|█████     | 2/4 [00:00<00:00,  6.41it/s, loss=0.0163]
train:  50%|█████     | 2/4 [00:00<00:00,  6.41it/s, loss=0.0282]
train:  75%|███████▌  | 3/4 [00:00<00:00,  6.43it/s, loss=0.0282]
train:  75%|███████▌  | 3/4 [00:00<00:00,  6.43it/s, loss=0.0186]
train: 100%|██████████| 4/4 [00:00<00:00,  6.44it/s, loss=0.0186]
                                                                 
[PERF][train] samples(local/global)=8/8, batches(local/global)=4/4, samples/s(local/global)=12.9/12.9, ms/batch(local)=155.6, data_wait=1.6%, compute=98.2%, non_finite_skips(local)=0

val:   0%|          | 0/4 [00:00<?, ?it/s]
val:   0%|          | 0/4 [00:00<?, ?it/s, loss=0.0184]
val:   0%|          | 0/4 [00:00<?, ?it/s, loss=0.0164]
val:   0%|          | 0/4 [00:00<?, ?it/s, loss=0.0186]
val:  75%|███████▌  | 3/4 [00:00<00:00, 21.51it/s, loss=0.0186]
val:  75%|███████▌  | 3/4 [00:00<00:00, 21.51it/s, loss=0.0278]
                                                               
[PERF][val] samples(local/global)=8/8, batches(local/global)=4/4, samples/s(local/global)=42.9/42.9, ms/batch(local)=46.6, data_wait=4.8%, compute=94.8%, non_finite_skips(local)=0
[MEM] epoch=98 RAM(before/after)=1424.7/1417.7MB | GPU mem: gpu0 alloc=24.8MB resv=7092.0MB peak=5388.2MB
Epoch 98: train_loss=0.020184, val_loss=0.020298, lr=0.00030000
Updated best model: /home/nis/jinrui.yang/EaBNet_light/logs_cbam_flat_projection64/overfit8_lr3e4_20260924_161645/best/best_model.pt (val_loss=0.020298)

Epoch 99/200

train:   0%|          | 0/4 [00:00<?, ?it/s]
train:   0%|          | 0/4 [00:00<?, ?it/s, loss=0.0241]
train:  25%|██▌       | 1/4 [00:00<00:00,  6.46it/s, loss=0.0241]
train:  25%|██▌       | 1/4 [00:00<00:00,  6.46it/s, loss=0.0146]
train:  50%|█████     | 2/4 [00:00<00:00,  6.43it/s, loss=0.0146]
train:  50%|█████     | 2/4 [00:00<00:00,  6.43it/s, loss=0.0044]
train:  75%|███████▌  | 3/4 [00:00<00:00,  6.43it/s, loss=0.0044]
train:  75%|███████▌  | 3/4 [00:00<00:00,  6.43it/s, loss=0.0376]
train: 100%|██████████| 4/4 [00:00<00:00,  6.42it/s, loss=0.0376]
                                                                 
[PERF][train] samples(local/global)=8/8, batches(local/global)=4/4, samples/s(local/global)=12.8/12.8, ms/batch(local)=155.7, data_wait=1.9%, compute=98.0%, non_finite_skips(local)=0

val:   0%|          | 0/4 [00:00<?, ?it/s]
val:   0%|          | 0/4 [00:00<?, ?it/s, loss=0.0184]
val:   0%|          | 0/4 [00:00<?, ?it/s, loss=0.0163]
val:   0%|          | 0/4 [00:00<?, ?it/s, loss=0.0186]
val:  75%|███████▌  | 3/4 [00:00<00:00, 21.46it/s, loss=0.0186]
val:  75%|███████▌  | 3/4 [00:00<00:00, 21.46it/s, loss=0.0277]
                                                               
[PERF][val] samples(local/global)=8/8, batches(local/global)=4/4, samples/s(local/global)=42.9/42.9, ms/batch(local)=46.6, data_wait=5.0%, compute=94.7%, non_finite_skips(local)=0
[MEM] epoch=99 RAM(before/after)=1417.7/1417.7MB | GPU mem: gpu0 alloc=24.8MB resv=7092.0MB peak=5388.2MB
Epoch 99: train_loss=0.020180, val_loss=0.020271, lr=0.00030000
Updated best model: /home/nis/jinrui.yang/EaBNet_light/logs_cbam_flat_projection64/overfit8_lr3e4_20260924_161645/best/best_model.pt (val_loss=0.020271)

Epoch 100/200

train:   0%|          | 0/4 [00:00<?, ?it/s]
train:   0%|          | 0/4 [00:00<?, ?it/s, loss=0.0146]
train:  25%|██▌       | 1/4 [00:00<00:00,  6.44it/s, loss=0.0146]
train:  25%|██▌       | 1/4 [00:00<00:00,  6.44it/s, loss=0.0044]
train:  50%|█████     | 2/4 [00:00<00:00,  6.41it/s, loss=0.0044]
train:  50%|█████     | 2/4 [00:00<00:00,  6.41it/s, loss=0.0416]
train:  75%|███████▌  | 3/4 [00:00<00:00,  6.42it/s, loss=0.0416]
train:  75%|███████▌  | 3/4 [00:00<00:00,  6.42it/s, loss=0.0202]
train: 100%|██████████| 4/4 [00:00<00:00,  6.43it/s, loss=0.0202]
                                                                 
[PERF][train] samples(local/global)=8/8, batches(local/global)=4/4, samples/s(local/global)=12.8/12.8, ms/batch(local)=155.7, data_wait=1.9%, compute=98.0%, non_finite_skips(local)=0

val:   0%|          | 0/4 [00:00<?, ?it/s]
val:   0%|          | 0/4 [00:00<?, ?it/s, loss=0.0184]
val:   0%|          | 0/4 [00:00<?, ?it/s, loss=0.0163]
val:   0%|          | 0/4 [00:00<?, ?it/s, loss=0.0186]
val:  75%|███████▌  | 3/4 [00:00<00:00, 21.62it/s, loss=0.0186]
val:  75%|███████▌  | 3/4 [00:00<00:00, 21.62it/s, loss=0.0277]
                                                               
[PERF][val] samples(local/global)=8/8, batches(local/global)=4/4, samples/s(local/global)=43.1/43.1, ms/batch(local)=46.4, data_wait=4.4%, compute=95.3%, non_finite_skips(local)=0
[MEM] epoch=100 RAM(before/after)=1417.7/1415.9MB | GPU mem: gpu0 alloc=24.8MB resv=7092.0MB peak=5388.2MB
Epoch 100: train_loss=0.020194, val_loss=0.020242, lr=0.00030000
Updated best model: /home/nis/jinrui.yang/EaBNet_light/logs_cbam_flat_projection64/overfit8_lr3e4_20260924_161645/best/best_model.pt (val_loss=0.020242)

Epoch 101/200

train:   0%|          | 0/4 [00:00<?, ?it/s]
train:   0%|          | 0/4 [00:00<?, ?it/s, loss=0.0176]
train:  25%|██▌       | 1/4 [00:00<00:00,  6.43it/s, loss=0.0176]
train:  25%|██▌       | 1/4 [00:00<00:00,  6.43it/s, loss=0.0322]
train:  50%|█████     | 2/4 [00:00<00:00,  6.41it/s, loss=0.0322]
train:  50%|█████     | 2/4 [00:00<00:00,  6.41it/s, loss=0.0198]
train:  75%|███████▌  | 3/4 [00:00<00:00,  6.43it/s, loss=0.0198]
train:  75%|███████▌  | 3/4 [00:00<00:00,  6.43it/s, loss=0.0108]
train: 100%|██████████| 4/4 [00:00<00:00,  6.44it/s, loss=0.0108]
                                                                 
[PERF][train] samples(local/global)=8/8, batches(local/global)=4/4, samples/s(local/global)=12.9/12.9, ms/batch(local)=155.6, data_wait=1.8%, compute=98.1%, non_finite_skips(local)=0

val:   0%|          | 0/4 [00:00<?, ?it/s]
val:   0%|          | 0/4 [00:00<?, ?it/s, loss=0.0184]
val:   0%|          | 0/4 [00:00<?, ?it/s, loss=0.0163]
val:   0%|          | 0/4 [00:00<?, ?it/s, loss=0.0186]
val:  75%|███████▌  | 3/4 [00:00<00:00, 21.45it/s, loss=0.0186]
val:  75%|███████▌  | 3/4 [00:00<00:00, 21.45it/s, loss=0.0277]
                                                               
[PERF][val] samples(local/global)=8/8, batches(local/global)=4/4, samples/s(local/global)=42.9/42.9, ms/batch(local)=46.6, data_wait=5.1%, compute=94.8%, non_finite_skips(local)=0
[MEM] epoch=101 RAM(before/after)=1415.9/1424.7MB | GPU mem: gpu0 alloc=24.8MB resv=7092.0MB peak=5388.2MB
Epoch 101: train_loss=0.020111, val_loss=0.020236, lr=0.00030000
Updated best model: /home/nis/jinrui.yang/EaBNet_light/logs_cbam_flat_projection64/overfit8_lr3e4_20260924_161645/best/best_model.pt (val_loss=0.020236)

Epoch 102/200

train:   0%|          | 0/4 [00:00<?, ?it/s]
train:   0%|          | 0/4 [00:00<?, ?it/s, loss=0.0224]
train:  25%|██▌       | 1/4 [00:00<00:00,  6.46it/s, loss=0.0224]
train:  25%|██▌       | 1/4 [00:00<00:00,  6.46it/s, loss=0.0162]
train:  50%|█████     | 2/4 [00:00<00:00,  6.45it/s, loss=0.0162]
train:  50%|█████     | 2/4 [00:00<00:00,  6.45it/s, loss=0.0044]
train:  75%|███████▌  | 3/4 [00:00<00:00,  6.44it/s, loss=0.0044]
train:  75%|███████▌  | 3/4 [00:00<00:00,  6.44it/s, loss=0.0375]
train: 100%|██████████| 4/4 [00:00<00:00,  6.44it/s, loss=0.0375]
                                                                 
[PERF][train] samples(local/global)=8/8, batches(local/global)=4/4, samples/s(local/global)=12.9/12.9, ms/batch(local)=155.2, data_wait=1.8%, compute=98.1%, non_finite_skips(local)=0

val:   0%|          | 0/4 [00:00<?, ?it/s]
val:   0%|          | 0/4 [00:00<?, ?it/s, loss=0.0184]
val:   0%|          | 0/4 [00:00<?, ?it/s, loss=0.0162]
val:   0%|          | 0/4 [00:00<?, ?it/s, loss=0.0185]
val:  75%|███████▌  | 3/4 [00:00<00:00, 21.49it/s, loss=0.0185]
val:  75%|███████▌  | 3/4 [00:00<00:00, 21.49it/s, loss=0.0276]
                                                               
[PERF][val] samples(local/global)=8/8, batches(local/global)=4/4, samples/s(local/global)=43.0/43.0, ms/batch(local)=46.5, data_wait=4.8%, compute=95.1%, non_finite_skips(local)=0
[MEM] epoch=102 RAM(before/after)=1424.7/1424.7MB | GPU mem: gpu0 alloc=24.8MB resv=7092.0MB peak=5388.2MB
Epoch 102: train_loss=0.020138, val_loss=0.020194, lr=0.00030000
Updated best model: /home/nis/jinrui.yang/EaBNet_light/logs_cbam_flat_projection64/overfit8_lr3e4_20260924_161645/best/best_model.pt (val_loss=0.020194)

Epoch 103/200

train:   0%|          | 0/4 [00:00<?, ?it/s]
train:   0%|          | 0/4 [00:00<?, ?it/s, loss=0.0044]
train:  25%|██▌       | 1/4 [00:00<00:00,  6.47it/s, loss=0.0044]
train:  25%|██▌       | 1/4 [00:00<00:00,  6.47it/s, loss=0.0198]
train:  50%|█████     | 2/4 [00:00<00:00,  6.45it/s, loss=0.0198]
train:  50%|█████     | 2/4 [00:00<00:00,  6.45it/s, loss=0.0240]
train:  75%|███████▌  | 3/4 [00:00<00:00,  6.46it/s, loss=0.0240]
train:  75%|███████▌  | 3/4 [00:00<00:00,  6.46it/s, loss=0.0321]
train: 100%|██████████| 4/4 [00:00<00:00,  6.45it/s, loss=0.0321]
                                                                 
[PERF][train] samples(local/global)=8/8, batches(local/global)=4/4, samples/s(local/global)=12.9/12.9, ms/batch(local)=155.0, data_wait=1.7%, compute=98.2%, non_finite_skips(local)=0

val:   0%|          | 0/4 [00:00<?, ?it/s]
val:   0%|          | 0/4 [00:00<?, ?it/s, loss=0.0184]
val:   0%|          | 0/4 [00:00<?, ?it/s, loss=0.0162]
val:   0%|          | 0/4 [00:00<?, ?it/s, loss=0.0184]
val:  75%|███████▌  | 3/4 [00:00<00:00, 21.66it/s, loss=0.0184]
val:  75%|███████▌  | 3/4 [00:00<00:00, 21.66it/s, loss=0.0276]
                                                               
[PERF][val] samples(local/global)=8/8, batches(local/global)=4/4, samples/s(local/global)=43.1/43.1, ms/batch(local)=46.4, data_wait=4.5%, compute=95.2%, non_finite_skips(local)=0
[MEM] epoch=103 RAM(before/after)=1424.7/1415.9MB | GPU mem: gpu0 alloc=24.8MB resv=7092.0MB peak=5388.2MB
Epoch 103: train_loss=0.020071, val_loss=0.020157, lr=0.00030000
Updated best model: /home/nis/jinrui.yang/EaBNet_light/logs_cbam_flat_projection64/overfit8_lr3e4_20260924_161645/best/best_model.pt (val_loss=0.020157)

Epoch 104/200

train:   0%|          | 0/4 [00:00<?, ?it/s]
train:   0%|          | 0/4 [00:00<?, ?it/s, loss=0.0239]
train:  25%|██▌       | 1/4 [00:00<00:00,  6.41it/s, loss=0.0239]
train:  25%|██▌       | 1/4 [00:00<00:00,  6.41it/s, loss=0.0146]
train:  50%|█████     | 2/4 [00:00<00:00,  6.42it/s, loss=0.0146]
train:  50%|█████     | 2/4 [00:00<00:00,  6.42it/s, loss=0.0143]
train:  75%|███████▌  | 3/4 [00:00<00:00,  6.44it/s, loss=0.0143]
train:  75%|███████▌  | 3/4 [00:00<00:00,  6.44it/s, loss=0.0274]
train: 100%|██████████| 4/4 [00:00<00:00,  6.45it/s, loss=0.0274]
                                                                 
[PERF][train] samples(local/global)=8/8, batches(local/global)=4/4, samples/s(local/global)=12.9/12.9, ms/batch(local)=155.4, data_wait=1.6%, compute=98.2%, non_finite_skips(local)=0

val:   0%|          | 0/4 [00:00<?, ?it/s]
val:   0%|          | 0/4 [00:00<?, ?it/s, loss=0.0185]
val:   0%|          | 0/4 [00:00<?, ?it/s, loss=0.0162]
val:   0%|          | 0/4 [00:00<?, ?it/s, loss=0.0184]
val:  75%|███████▌  | 3/4 [00:00<00:00, 21.59it/s, loss=0.0184]
val:  75%|███████▌  | 3/4 [00:00<00:00, 21.59it/s, loss=0.0277]
                                                               
[PERF][val] samples(local/global)=8/8, batches(local/global)=4/4, samples/s(local/global)=43.1/43.1, ms/batch(local)=46.5, data_wait=4.8%, compute=95.0%, non_finite_skips(local)=0
[MEM] epoch=104 RAM(before/after)=1415.9/1415.9MB | GPU mem: gpu0 alloc=24.8MB resv=7092.0MB peak=5388.2MB
Epoch 104: train_loss=0.020056, val_loss=0.020220, lr=0.00030000

Epoch 105/200

train:   0%|          | 0/4 [00:00<?, ?it/s]
train:   0%|          | 0/4 [00:00<?, ?it/s, loss=0.0136]
train:  25%|██▌       | 1/4 [00:00<00:00,  6.41it/s, loss=0.0136]
train:  25%|██▌       | 1/4 [00:00<00:00,  6.41it/s, loss=0.0240]
train:  50%|█████     | 2/4 [00:00<00:00,  6.41it/s, loss=0.0240]
train:  50%|█████     | 2/4 [00:00<00:00,  6.41it/s, loss=0.0090]
train:  75%|███████▌  | 3/4 [00:00<00:00,  6.43it/s, loss=0.0090]
train:  75%|███████▌  | 3/4 [00:00<00:00,  6.43it/s, loss=0.0335]
train: 100%|██████████| 4/4 [00:00<00:00,  6.43it/s, loss=0.0335]
                                                                 
[PERF][train] samples(local/global)=8/8, batches(local/global)=4/4, samples/s(local/global)=12.9/12.9, ms/batch(local)=155.6, data_wait=1.8%, compute=98.1%, non_finite_skips(local)=0

val:   0%|          | 0/4 [00:00<?, ?it/s]
val:   0%|          | 0/4 [00:00<?, ?it/s, loss=0.0185]
val:   0%|          | 0/4 [00:00<?, ?it/s, loss=0.0162]
val:   0%|          | 0/4 [00:00<?, ?it/s, loss=0.0184]
val:  75%|███████▌  | 3/4 [00:00<00:00, 21.54it/s, loss=0.0184]
val:  75%|███████▌  | 3/4 [00:00<00:00, 21.54it/s, loss=0.0275]
                                                               
[PERF][val] samples(local/global)=8/8, batches(local/global)=4/4, samples/s(local/global)=43.1/43.1, ms/batch(local)=46.4, data_wait=4.8%, compute=95.2%, non_finite_skips(local)=0
[MEM] epoch=105 RAM(before/after)=1415.9/1424.7MB | GPU mem: gpu0 alloc=24.8MB resv=7092.0MB peak=5388.2MB
Epoch 105: train_loss=0.020042, val_loss=0.020128, lr=0.00030000
Updated best model: /home/nis/jinrui.yang/EaBNet_light/logs_cbam_flat_projection64/overfit8_lr3e4_20260924_161645/best/best_model.pt (val_loss=0.020128)

Epoch 106/200

train:   0%|          | 0/4 [00:00<?, ?it/s]
train:   0%|          | 0/4 [00:00<?, ?it/s, loss=0.0374]
train:  25%|██▌       | 1/4 [00:00<00:00,  6.41it/s, loss=0.0374]
train:  25%|██▌       | 1/4 [00:00<00:00,  6.41it/s, loss=0.0146]
train:  50%|█████     | 2/4 [00:00<00:00,  6.43it/s, loss=0.0146]
train:  50%|█████     | 2/4 [00:00<00:00,  6.43it/s, loss=0.0105]
train:  75%|███████▌  | 3/4 [00:00<00:00,  6.43it/s, loss=0.0105]
train:  75%|███████▌  | 3/4 [00:00<00:00,  6.43it/s, loss=0.0176]
train: 100%|██████████| 4/4 [00:00<00:00,  6.43it/s, loss=0.0176]
                                                                 
[PERF][train] samples(local/global)=8/8, batches(local/global)=4/4, samples/s(local/global)=12.9/12.9, ms/batch(local)=155.6, data_wait=1.7%, compute=98.2%, non_finite_skips(local)=0

val:   0%|          | 0/4 [00:00<?, ?it/s]
val:   0%|          | 0/4 [00:00<?, ?it/s, loss=0.0184]
val:   0%|          | 0/4 [00:00<?, ?it/s, loss=0.0161]
val:   0%|          | 0/4 [00:00<?, ?it/s, loss=0.0184]
val:  75%|███████▌  | 3/4 [00:00<00:00, 21.56it/s, loss=0.0184]
val:  75%|███████▌  | 3/4 [00:00<00:00, 21.56it/s, loss=0.0275]
                                                               
[PERF][val] samples(local/global)=8/8, batches(local/global)=4/4, samples/s(local/global)=43.1/43.1, ms/batch(local)=46.4, data_wait=4.8%, compute=95.2%, non_finite_skips(local)=0
[MEM] epoch=106 RAM(before/after)=1424.7/1424.7MB | GPU mem: gpu0 alloc=24.8MB resv=7092.0MB peak=5388.2MB
Epoch 106: train_loss=0.020009, val_loss=0.020083, lr=0.00030000
Updated best model: /home/nis/jinrui.yang/EaBNet_light/logs_cbam_flat_projection64/overfit8_lr3e4_20260924_161645/best/best_model.pt (val_loss=0.020083)

Epoch 107/200

train:   0%|          | 0/4 [00:00<?, ?it/s]
train:   0%|          | 0/4 [00:00<?, ?it/s, loss=0.0372]
train:  25%|██▌       | 1/4 [00:00<00:00,  6.44it/s, loss=0.0372]
train:  25%|██▌       | 1/4 [00:00<00:00,  6.44it/s, loss=0.0144]
train:  50%|█████     | 2/4 [00:00<00:00,  6.44it/s, loss=0.0144]
train:  50%|█████     | 2/4 [00:00<00:00,  6.44it/s, loss=0.0239]
train:  75%|███████▌  | 3/4 [00:00<00:00,  6.45it/s, loss=0.0239]
train:  75%|███████▌  | 3/4 [00:00<00:00,  6.45it/s, loss=0.0044]
train: 100%|██████████| 4/4 [00:00<00:00,  6.43it/s, loss=0.0044]
                                                                 
[PERF][train] samples(local/global)=8/8, batches(local/global)=4/4, samples/s(local/global)=12.9/12.9, ms/batch(local)=155.6, data_wait=1.8%, compute=98.0%, non_finite_skips(local)=0

val:   0%|          | 0/4 [00:00<?, ?it/s]
val:   0%|          | 0/4 [00:00<?, ?it/s, loss=0.0184]
val:   0%|          | 0/4 [00:00<?, ?it/s, loss=0.0161]
val:   0%|          | 0/4 [00:00<?, ?it/s, loss=0.0184]
val:  75%|███████▌  | 3/4 [00:00<00:00, 21.47it/s, loss=0.0184]
val:  75%|███████▌  | 3/4 [00:00<00:00, 21.47it/s, loss=0.0275]
                                                               
[PERF][val] samples(local/global)=8/8, batches(local/global)=4/4, samples/s(local/global)=42.6/42.6, ms/batch(local)=47.0, data_wait=5.7%, compute=94.0%, non_finite_skips(local)=0
[MEM] epoch=107 RAM(before/after)=1424.7/1415.9MB | GPU mem: gpu0 alloc=24.8MB resv=7092.0MB peak=5388.2MB
Epoch 107: train_loss=0.019964, val_loss=0.020097, lr=0.00030000

Epoch 108/200

train:   0%|          | 0/4 [00:00<?, ?it/s]
train:   0%|          | 0/4 [00:00<?, ?it/s, loss=0.0196]
train:  25%|██▌       | 1/4 [00:00<00:00,  6.46it/s, loss=0.0196]
train:  25%|██▌       | 1/4 [00:00<00:00,  6.46it/s, loss=0.0238]
train:  50%|█████     | 2/4 [00:00<00:00,  6.44it/s, loss=0.0238]
train:  50%|█████     | 2/4 [00:00<00:00,  6.44it/s, loss=0.0320]
train:  75%|███████▌  | 3/4 [00:00<00:00,  6.43it/s, loss=0.0320]
train:  75%|███████▌  | 3/4 [00:00<00:00,  6.43it/s, loss=0.0044]
train: 100%|██████████| 4/4 [00:00<00:00,  6.45it/s, loss=0.0044]
                                                                 
[PERF][train] samples(local/global)=8/8, batches(local/global)=4/4, samples/s(local/global)=12.9/12.9, ms/batch(local)=155.3, data_wait=1.8%, compute=98.1%, non_finite_skips(local)=0

val:   0%|          | 0/4 [00:00<?, ?it/s]
val:   0%|          | 0/4 [00:00<?, ?it/s, loss=0.0184]
val:   0%|          | 0/4 [00:00<?, ?it/s, loss=0.0161]
val:   0%|          | 0/4 [00:00<?, ?it/s, loss=0.0184]
val:  75%|███████▌  | 3/4 [00:00<00:00, 21.54it/s, loss=0.0184]
val:  75%|███████▌  | 3/4 [00:00<00:00, 21.54it/s, loss=0.0275]
                                                               
[PERF][val] samples(local/global)=8/8, batches(local/global)=4/4, samples/s(local/global)=43.1/43.1, ms/batch(local)=46.4, data_wait=4.7%, compute=95.3%, non_finite_skips(local)=0
[MEM] epoch=108 RAM(before/after)=1415.9/1424.7MB | GPU mem: gpu0 alloc=24.8MB resv=7092.0MB peak=5388.2MB
Epoch 108: train_loss=0.019946, val_loss=0.020082, lr=0.00030000
Updated best model: /home/nis/jinrui.yang/EaBNet_light/logs_cbam_flat_projection64/overfit8_lr3e4_20260924_161645/best/best_model.pt (val_loss=0.020082)

Epoch 109/200

train:   0%|          | 0/4 [00:00<?, ?it/s]
train:   0%|          | 0/4 [00:00<?, ?it/s, loss=0.0222]
train:  25%|██▌       | 1/4 [00:00<00:00,  6.46it/s, loss=0.0222]
train:  25%|██▌       | 1/4 [00:00<00:00,  6.46it/s, loss=0.0280]
train:  50%|█████     | 2/4 [00:00<00:00,  6.43it/s, loss=0.0280]
train:  50%|█████     | 2/4 [00:00<00:00,  6.43it/s, loss=0.0100]
train:  75%|███████▌  | 3/4 [00:00<00:00,  6.44it/s, loss=0.0100]
train:  75%|███████▌  | 3/4 [00:00<00:00,  6.44it/s, loss=0.0195]
train: 100%|██████████| 4/4 [00:00<00:00,  6.45it/s, loss=0.0195]
                                                                 
[PERF][train] samples(local/global)=8/8, batches(local/global)=4/4, samples/s(local/global)=12.9/12.9, ms/batch(local)=155.4, data_wait=1.7%, compute=98.2%, non_finite_skips(local)=0

val:   0%|          | 0/4 [00:00<?, ?it/s]
val:   0%|          | 0/4 [00:00<?, ?it/s, loss=0.0184]
val:   0%|          | 0/4 [00:00<?, ?it/s, loss=0.0161]
val:   0%|          | 0/4 [00:00<?, ?it/s, loss=0.0184]
val:  75%|███████▌  | 3/4 [00:00<00:00, 21.45it/s, loss=0.0184]
val:  75%|███████▌  | 3/4 [00:00<00:00, 21.45it/s, loss=0.0277]
                                                               
[PERF][val] samples(local/global)=8/8, batches(local/global)=4/4, samples/s(local/global)=42.9/42.9, ms/batch(local)=46.6, data_wait=4.7%, compute=95.0%, non_finite_skips(local)=0
[MEM] epoch=109 RAM(before/after)=1424.7/1417.7MB | GPU mem: gpu0 alloc=24.8MB resv=7092.0MB peak=5388.2MB
Epoch 109: train_loss=0.019949, val_loss=0.020117, lr=0.00030000

Epoch 110/200

train:   0%|          | 0/4 [00:00<?, ?it/s]
train:   0%|          | 0/4 [00:00<?, ?it/s, loss=0.0100]
train:  25%|██▌       | 1/4 [00:00<00:00,  6.44it/s, loss=0.0100]
train:  25%|██▌       | 1/4 [00:00<00:00,  6.44it/s, loss=0.0089]
train:  50%|█████     | 2/4 [00:00<00:00,  6.44it/s, loss=0.0089]
train:  50%|█████     | 2/4 [00:00<00:00,  6.44it/s, loss=0.0335]
train:  75%|███████▌  | 3/4 [00:00<00:00,  6.44it/s, loss=0.0335]
train:  75%|███████▌  | 3/4 [00:00<00:00,  6.44it/s, loss=0.0276]
train: 100%|██████████| 4/4 [00:00<00:00,  6.42it/s, loss=0.0276]
                                                                 
[PERF][train] samples(local/global)=8/8, batches(local/global)=4/4, samples/s(local/global)=12.8/12.8, ms/batch(local)=155.7, data_wait=1.9%, compute=97.9%, non_finite_skips(local)=0

val:   0%|          | 0/4 [00:00<?, ?it/s]
val:   0%|          | 0/4 [00:00<?, ?it/s, loss=0.0183]
val:   0%|          | 0/4 [00:00<?, ?it/s, loss=0.0161]
val:   0%|          | 0/4 [00:00<?, ?it/s, loss=0.0183]
val:  75%|███████▌  | 3/4 [00:00<00:00, 21.60it/s, loss=0.0183]
val:  75%|███████▌  | 3/4 [00:00<00:00, 21.60it/s, loss=0.0276]
                                                               
[PERF][val] samples(local/global)=8/8, batches(local/global)=4/4, samples/s(local/global)=42.8/42.8, ms/batch(local)=46.8, data_wait=5.3%, compute=94.5%, non_finite_skips(local)=0
[MEM] epoch=110 RAM(before/after)=1417.7/1417.7MB | GPU mem: gpu0 alloc=24.8MB resv=7092.0MB peak=5388.2MB
Epoch 110: train_loss=0.020005, val_loss=0.020068, lr=0.00030000
Updated best model: /home/nis/jinrui.yang/EaBNet_light/logs_cbam_flat_projection64/overfit8_lr3e4_20260924_161645/best/best_model.pt (val_loss=0.020068)

Epoch 111/200

train:   0%|          | 0/4 [00:00<?, ?it/s]
train:   0%|          | 0/4 [00:00<?, ?it/s, loss=0.0237]
train:  25%|██▌       | 1/4 [00:00<00:00,  6.41it/s, loss=0.0237]
train:  25%|██▌       | 1/4 [00:00<00:00,  6.41it/s, loss=0.0272]
train:  50%|█████     | 2/4 [00:00<00:00,  6.42it/s, loss=0.0272]
train:  50%|█████     | 2/4 [00:00<00:00,  6.42it/s, loss=0.0142]
train:  75%|███████▌  | 3/4 [00:00<00:00,  6.42it/s, loss=0.0142]
train:  75%|███████▌  | 3/4 [00:00<00:00,  6.42it/s, loss=0.0145]
train: 100%|██████████| 4/4 [00:00<00:00,  6.43it/s, loss=0.0145]
                                                                 
[PERF][train] samples(local/global)=8/8, batches(local/global)=4/4, samples/s(local/global)=12.9/12.9, ms/batch(local)=155.6, data_wait=1.8%, compute=98.1%, non_finite_skips(local)=0

val:   0%|          | 0/4 [00:00<?, ?it/s]
val:   0%|          | 0/4 [00:00<?, ?it/s, loss=0.0184]
val:   0%|          | 0/4 [00:00<?, ?it/s, loss=0.0161]
val:   0%|          | 0/4 [00:00<?, ?it/s, loss=0.0183]
val:  75%|███████▌  | 3/4 [00:00<00:00, 21.52it/s, loss=0.0183]
val:  75%|███████▌  | 3/4 [00:00<00:00, 21.52it/s, loss=0.0275]
                                                               
[PERF][val] samples(local/global)=8/8, batches(local/global)=4/4, samples/s(local/global)=43.0/43.0, ms/batch(local)=46.5, data_wait=4.5%, compute=95.2%, non_finite_skips(local)=0
[MEM] epoch=111 RAM(before/after)=1417.7/1415.9MB | GPU mem: gpu0 alloc=24.8MB resv=7092.0MB peak=5388.2MB
Epoch 111: train_loss=0.019887, val_loss=0.020059, lr=0.00030000
Updated best model: /home/nis/jinrui.yang/EaBNet_light/logs_cbam_flat_projection64/overfit8_lr3e4_20260924_161645/best/best_model.pt (val_loss=0.020059)

Epoch 112/200

train:   0%|          | 0/4 [00:00<?, ?it/s]
train:   0%|          | 0/4 [00:00<?, ?it/s, loss=0.0199]
train:  25%|██▌       | 1/4 [00:00<00:00,  6.40it/s, loss=0.0199]
train:  25%|██▌       | 1/4 [00:00<00:00,  6.40it/s, loss=0.0082]
train:  50%|█████     | 2/4 [00:00<00:00,  6.42it/s, loss=0.0082]
train:  50%|█████     | 2/4 [00:00<00:00,  6.42it/s, loss=0.0183]
train:  75%|███████▌  | 3/4 [00:00<00:00,  6.44it/s, loss=0.0183]
train:  75%|███████▌  | 3/4 [00:00<00:00,  6.44it/s, loss=0.0332]
train: 100%|██████████| 4/4 [00:00<00:00,  6.44it/s, loss=0.0332]
                                                                 
[PERF][train] samples(local/global)=8/8, batches(local/global)=4/4, samples/s(local/global)=12.9/12.9, ms/batch(local)=155.6, data_wait=1.7%, compute=98.1%, non_finite_skips(local)=0

val:   0%|          | 0/4 [00:00<?, ?it/s]
val:   0%|          | 0/4 [00:00<?, ?it/s, loss=0.0184]
val:   0%|          | 0/4 [00:00<?, ?it/s, loss=0.0160]
val:   0%|          | 0/4 [00:00<?, ?it/s, loss=0.0182]
val:  75%|███████▌  | 3/4 [00:00<00:00, 21.60it/s, loss=0.0182]
val:  75%|███████▌  | 3/4 [00:00<00:00, 21.60it/s, loss=0.0274]
                                                               
[PERF][val] samples(local/global)=8/8, batches(local/global)=4/4, samples/s(local/global)=43.0/43.0, ms/batch(local)=46.5, data_wait=4.6%, compute=95.0%, non_finite_skips(local)=0
[MEM] epoch=112 RAM(before/after)=1415.9/1415.9MB | GPU mem: gpu0 alloc=24.8MB resv=7092.0MB peak=5388.2MB
Epoch 112: train_loss=0.019886, val_loss=0.020019, lr=0.00030000
Updated best model: /home/nis/jinrui.yang/EaBNet_light/logs_cbam_flat_projection64/overfit8_lr3e4_20260924_161645/best/best_model.pt (val_loss=0.020019)

Epoch 113/200

train:   0%|          | 0/4 [00:00<?, ?it/s]
train:   0%|          | 0/4 [00:00<?, ?it/s, loss=0.0236]
train:  25%|██▌       | 1/4 [00:00<00:00,  6.45it/s, loss=0.0236]
train:  25%|██▌       | 1/4 [00:00<00:00,  6.45it/s, loss=0.0334]
train:  50%|█████     | 2/4 [00:00<00:00,  6.44it/s, loss=0.0334]
train:  50%|█████     | 2/4 [00:00<00:00,  6.44it/s, loss=0.0082]
train:  75%|███████▌  | 3/4 [00:00<00:00,  6.42it/s, loss=0.0082]
train:  75%|███████▌  | 3/4 [00:00<00:00,  6.42it/s, loss=0.0141]
train: 100%|██████████| 4/4 [00:00<00:00,  6.43it/s, loss=0.0141]
                                                                 
[PERF][train] samples(local/global)=8/8, batches(local/global)=4/4, samples/s(local/global)=12.9/12.9, ms/batch(local)=155.5, data_wait=1.9%, compute=98.0%, non_finite_skips(local)=0

val:   0%|          | 0/4 [00:00<?, ?it/s]
val:   0%|          | 0/4 [00:00<?, ?it/s, loss=0.0183]
val:   0%|          | 0/4 [00:00<?, ?it/s, loss=0.0160]
val:   0%|          | 0/4 [00:00<?, ?it/s, loss=0.0182]
val:  75%|███████▌  | 3/4 [00:00<00:00, 21.52it/s, loss=0.0182]
val:  75%|███████▌  | 3/4 [00:00<00:00, 21.52it/s, loss=0.0273]
                                                               
[PERF][val] samples(local/global)=8/8, batches(local/global)=4/4, samples/s(local/global)=42.9/42.9, ms/batch(local)=46.6, data_wait=5.0%, compute=94.9%, non_finite_skips(local)=0
[MEM] epoch=113 RAM(before/after)=1415.9/1424.7MB | GPU mem: gpu0 alloc=24.8MB resv=7092.0MB peak=5388.2MB
Epoch 113: train_loss=0.019855, val_loss=0.019962, lr=0.00030000
Updated best model: /home/nis/jinrui.yang/EaBNet_light/logs_cbam_flat_projection64/overfit8_lr3e4_20260924_161645/best/best_model.pt (val_loss=0.019962)

Epoch 114/200

train:   0%|          | 0/4 [00:00<?, ?it/s]
train:   0%|          | 0/4 [00:00<?, ?it/s, loss=0.0144]
train:  25%|██▌       | 1/4 [00:00<00:00,  6.33it/s, loss=0.0144]
train:  25%|██▌       | 1/4 [00:00<00:00,  6.33it/s, loss=0.0098]
train:  50%|█████     | 2/4 [00:00<00:00,  6.39it/s, loss=0.0098]
train:  50%|█████     | 2/4 [00:00<00:00,  6.39it/s, loss=0.0141]
train:  75%|███████▌  | 3/4 [00:00<00:00,  6.41it/s, loss=0.0141]
train:  75%|███████▌  | 3/4 [00:00<00:00,  6.41it/s, loss=0.0412]
train: 100%|██████████| 4/4 [00:00<00:00,  6.42it/s, loss=0.0412]
                                                                 
[PERF][train] samples(local/global)=8/8, batches(local/global)=4/4, samples/s(local/global)=12.8/12.8, ms/batch(local)=156.2, data_wait=2.1%, compute=97.8%, non_finite_skips(local)=0

val:   0%|          | 0/4 [00:00<?, ?it/s]
val:   0%|          | 0/4 [00:00<?, ?it/s, loss=0.0183]
val:   0%|          | 0/4 [00:00<?, ?it/s, loss=0.0160]
val:   0%|          | 0/4 [00:00<?, ?it/s, loss=0.0182]
val:  75%|███████▌  | 3/4 [00:00<00:00, 21.45it/s, loss=0.0182]
val:  75%|███████▌  | 3/4 [00:00<00:00, 21.45it/s, loss=0.0273]
                                                               
[PERF][val] samples(local/global)=8/8, batches(local/global)=4/4, samples/s(local/global)=42.9/42.9, ms/batch(local)=46.7, data_wait=5.2%, compute=94.7%, non_finite_skips(local)=0
[MEM] epoch=114 RAM(before/after)=1424.7/1424.7MB | GPU mem: gpu0 alloc=24.8MB resv=7092.0MB peak=5388.2MB
Epoch 114: train_loss=0.019878, val_loss=0.019955, lr=0.00030000
Updated best model: /home/nis/jinrui.yang/EaBNet_light/logs_cbam_flat_projection64/overfit8_lr3e4_20260924_161645/best/best_model.pt (val_loss=0.019955)

Epoch 115/200

train:   0%|          | 0/4 [00:00<?, ?it/s]
train:   0%|          | 0/4 [00:00<?, ?it/s, loss=0.0182]
train:  25%|██▌       | 1/4 [00:00<00:00,  6.46it/s, loss=0.0182]
train:  25%|██▌       | 1/4 [00:00<00:00,  6.46it/s, loss=0.0135]
train:  50%|█████     | 2/4 [00:00<00:00,  6.45it/s, loss=0.0135]
train:  50%|█████     | 2/4 [00:00<00:00,  6.45it/s, loss=0.0316]
train:  75%|███████▌  | 3/4 [00:00<00:00,  6.44it/s, loss=0.0316]
train:  75%|███████▌  | 3/4 [00:00<00:00,  6.44it/s, loss=0.0160]
train: 100%|██████████| 4/4 [00:00<00:00,  6.44it/s, loss=0.0160]
                                                                 
[PERF][train] samples(local/global)=8/8, batches(local/global)=4/4, samples/s(local/global)=12.9/12.9, ms/batch(local)=155.3, data_wait=1.6%, compute=98.3%, non_finite_skips(local)=0

val:   0%|          | 0/4 [00:00<?, ?it/s]
val:   0%|          | 0/4 [00:00<?, ?it/s, loss=0.0184]
val:   0%|          | 0/4 [00:00<?, ?it/s, loss=0.0160]
val:   0%|          | 0/4 [00:00<?, ?it/s, loss=0.0182]
val:  75%|███████▌  | 3/4 [00:00<00:00, 21.39it/s, loss=0.0182]
val:  75%|███████▌  | 3/4 [00:00<00:00, 21.39it/s, loss=0.0274]
                                                               
[PERF][val] samples(local/global)=8/8, batches(local/global)=4/4, samples/s(local/global)=42.9/42.9, ms/batch(local)=46.6, data_wait=5.0%, compute=95.0%, non_finite_skips(local)=0
[MEM] epoch=115 RAM(before/after)=1424.7/1424.7MB | GPU mem: gpu0 alloc=24.8MB resv=7092.0MB peak=5388.2MB
Epoch 115: train_loss=0.019834, val_loss=0.019988, lr=0.00030000

Epoch 116/200

train:   0%|          | 0/4 [00:00<?, ?it/s]
train:   0%|          | 0/4 [00:00<?, ?it/s, loss=0.0270]
train:  25%|██▌       | 1/4 [00:00<00:00,  6.44it/s, loss=0.0270]
train:  25%|██▌       | 1/4 [00:00<00:00,  6.44it/s, loss=0.0194]
train:  50%|█████     | 2/4 [00:00<00:00,  6.43it/s, loss=0.0194]
train:  50%|█████     | 2/4 [00:00<00:00,  6.43it/s, loss=0.0089]
train:  75%|███████▌  | 3/4 [00:00<00:00,  6.43it/s, loss=0.0089]
train:  75%|███████▌  | 3/4 [00:00<00:00,  6.43it/s, loss=0.0238]
train: 100%|██████████| 4/4 [00:00<00:00,  6.44it/s, loss=0.0238]
                                                                 
[PERF][train] samples(local/global)=8/8, batches(local/global)=4/4, samples/s(local/global)=12.9/12.9, ms/batch(local)=155.5, data_wait=1.6%, compute=98.3%, non_finite_skips(local)=0

val:   0%|          | 0/4 [00:00<?, ?it/s]
val:   0%|          | 0/4 [00:00<?, ?it/s, loss=0.0184]
val:   0%|          | 0/4 [00:00<?, ?it/s, loss=0.0159]
val:   0%|          | 0/4 [00:00<?, ?it/s, loss=0.0181]
val:  75%|███████▌  | 3/4 [00:00<00:00, 21.57it/s, loss=0.0181]
val:  75%|███████▌  | 3/4 [00:00<00:00, 21.57it/s, loss=0.0272]
                                                               
[PERF][val] samples(local/global)=8/8, batches(local/global)=4/4, samples/s(local/global)=43.1/43.1, ms/batch(local)=46.4, data_wait=4.6%, compute=95.4%, non_finite_skips(local)=0
[MEM] epoch=116 RAM(before/after)=1424.7/1424.7MB | GPU mem: gpu0 alloc=24.8MB resv=7092.0MB peak=5388.2MB
Epoch 116: train_loss=0.019756, val_loss=0.019913, lr=0.00030000
Updated best model: /home/nis/jinrui.yang/EaBNet_light/logs_cbam_flat_projection64/overfit8_lr3e4_20260924_161645/best/best_model.pt (val_loss=0.019913)

Epoch 117/200

train:   0%|          | 0/4 [00:00<?, ?it/s]
train:   0%|          | 0/4 [00:00<?, ?it/s, loss=0.0181]
train:  25%|██▌       | 1/4 [00:00<00:00,  6.45it/s, loss=0.0181]
train:  25%|██▌       | 1/4 [00:00<00:00,  6.45it/s, loss=0.0099]
train:  50%|█████     | 2/4 [00:00<00:00,  6.45it/s, loss=0.0099]
train:  50%|█████     | 2/4 [00:00<00:00,  6.45it/s, loss=0.0411]
train:  75%|███████▌  | 3/4 [00:00<00:00,  6.44it/s, loss=0.0411]
train:  75%|███████▌  | 3/4 [00:00<00:00,  6.44it/s, loss=0.0104]
train: 100%|██████████| 4/4 [00:00<00:00,  6.44it/s, loss=0.0104]
                                                                 
[PERF][train] samples(local/global)=8/8, batches(local/global)=4/4, samples/s(local/global)=12.9/12.9, ms/batch(local)=155.3, data_wait=1.7%, compute=98.2%, non_finite_skips(local)=0

val:   0%|          | 0/4 [00:00<?, ?it/s]
val:   0%|          | 0/4 [00:00<?, ?it/s, loss=0.0183]
val:   0%|          | 0/4 [00:00<?, ?it/s, loss=0.0159]
val:   0%|          | 0/4 [00:00<?, ?it/s, loss=0.0182]
val:  75%|███████▌  | 3/4 [00:00<00:00, 21.60it/s, loss=0.0182]
val:  75%|███████▌  | 3/4 [00:00<00:00, 21.60it/s, loss=0.0272]
                                                               
[PERF][val] samples(local/global)=8/8, batches(local/global)=4/4, samples/s(local/global)=43.1/43.1, ms/batch(local)=46.4, data_wait=4.3%, compute=95.4%, non_finite_skips(local)=0
[MEM] epoch=117 RAM(before/after)=1424.7/1415.9MB | GPU mem: gpu0 alloc=24.8MB resv=7092.0MB peak=5388.2MB
Epoch 117: train_loss=0.019874, val_loss=0.019899, lr=0.00030000
Updated best model: /home/nis/jinrui.yang/EaBNet_light/logs_cbam_flat_projection64/overfit8_lr3e4_20260924_161645/best/best_model.pt (val_loss=0.019899)

Epoch 118/200

train:   0%|          | 0/4 [00:00<?, ?it/s]
train:   0%|          | 0/4 [00:00<?, ?it/s, loss=0.0180]
train:  25%|██▌       | 1/4 [00:00<00:00,  6.44it/s, loss=0.0180]
train:  25%|██▌       | 1/4 [00:00<00:00,  6.44it/s, loss=0.0106]
train:  50%|█████     | 2/4 [00:00<00:00,  6.41it/s, loss=0.0106]
train:  50%|█████     | 2/4 [00:00<00:00,  6.41it/s, loss=0.0410]
train:  75%|███████▌  | 3/4 [00:00<00:00,  6.43it/s, loss=0.0410]
train:  75%|███████▌  | 3/4 [00:00<00:00,  6.43it/s, loss=0.0097]
train: 100%|██████████| 4/4 [00:00<00:00,  6.44it/s, loss=0.0097]
                                                                 
[PERF][train] samples(local/global)=8/8, batches(local/global)=4/4, samples/s(local/global)=12.9/12.9, ms/batch(local)=155.5, data_wait=1.7%, compute=98.2%, non_finite_skips(local)=0

val:   0%|          | 0/4 [00:00<?, ?it/s]
val:   0%|          | 0/4 [00:00<?, ?it/s, loss=0.0183]
val:   0%|          | 0/4 [00:00<?, ?it/s, loss=0.0159]
val:   0%|          | 0/4 [00:00<?, ?it/s, loss=0.0183]
val:  75%|███████▌  | 3/4 [00:00<00:00, 21.48it/s, loss=0.0183]
val:  75%|███████▌  | 3/4 [00:00<00:00, 21.48it/s, loss=0.0273]
                                                               
[PERF][val] samples(local/global)=8/8, batches(local/global)=4/4, samples/s(local/global)=42.9/42.9, ms/batch(local)=46.7, data_wait=4.8%, compute=94.8%, non_finite_skips(local)=0
[MEM] epoch=118 RAM(before/after)=1415.9/1415.9MB | GPU mem: gpu0 alloc=24.8MB resv=7092.0MB peak=5388.2MB
Epoch 118: train_loss=0.019840, val_loss=0.019923, lr=0.00030000

Epoch 119/200

train:   0%|          | 0/4 [00:00<?, ?it/s]
train:   0%|          | 0/4 [00:00<?, ?it/s, loss=0.0088]
train:  25%|██▌       | 1/4 [00:00<00:00,  6.43it/s, loss=0.0088]
train:  25%|██▌       | 1/4 [00:00<00:00,  6.43it/s, loss=0.0332]
train:  50%|█████     | 2/4 [00:00<00:00,  6.42it/s, loss=0.0332]
train:  50%|█████     | 2/4 [00:00<00:00,  6.42it/s, loss=0.0194]
train:  75%|███████▌  | 3/4 [00:00<00:00,  6.43it/s, loss=0.0194]
train:  75%|███████▌  | 3/4 [00:00<00:00,  6.43it/s, loss=0.0175]
train: 100%|██████████| 4/4 [00:00<00:00,  6.43it/s, loss=0.0175]
                                                                 
[PERF][train] samples(local/global)=8/8, batches(local/global)=4/4, samples/s(local/global)=12.9/12.9, ms/batch(local)=155.5, data_wait=1.8%, compute=98.1%, non_finite_skips(local)=0

val:   0%|          | 0/4 [00:00<?, ?it/s]
val:   0%|          | 0/4 [00:00<?, ?it/s, loss=0.0183]
val:   0%|          | 0/4 [00:00<?, ?it/s, loss=0.0159]
val:   0%|          | 0/4 [00:00<?, ?it/s, loss=0.0182]
val:  75%|███████▌  | 3/4 [00:00<00:00, 21.62it/s, loss=0.0182]
val:  75%|███████▌  | 3/4 [00:00<00:00, 21.62it/s, loss=0.0275]
                                                               
[PERF][val] samples(local/global)=8/8, batches(local/global)=4/4, samples/s(local/global)=43.1/43.1, ms/batch(local)=46.4, data_wait=4.3%, compute=95.4%, non_finite_skips(local)=0
[MEM] epoch=119 RAM(before/after)=1415.9/1415.9MB | GPU mem: gpu0 alloc=24.8MB resv=7092.0MB peak=5388.2MB
Epoch 119: train_loss=0.019726, val_loss=0.019980, lr=0.00030000

Epoch 120/200

train:   0%|          | 0/4 [00:00<?, ?it/s]
train:   0%|          | 0/4 [00:00<?, ?it/s, loss=0.0159]
train:  25%|██▌       | 1/4 [00:00<00:00,  6.44it/s, loss=0.0159]
train:  25%|██▌       | 1/4 [00:00<00:00,  6.44it/s, loss=0.0278]
train:  50%|█████     | 2/4 [00:00<00:00,  6.43it/s, loss=0.0278]
train:  50%|█████     | 2/4 [00:00<00:00,  6.43it/s, loss=0.0175]
train:  75%|███████▌  | 3/4 [00:00<00:00,  6.44it/s, loss=0.0175]
train:  75%|███████▌  | 3/4 [00:00<00:00,  6.44it/s, loss=0.0179]
train: 100%|██████████| 4/4 [00:00<00:00,  6.44it/s, loss=0.0179]
                                                                 
[PERF][train] samples(local/global)=8/8, batches(local/global)=4/4, samples/s(local/global)=12.9/12.9, ms/batch(local)=155.4, data_wait=1.7%, compute=98.1%, non_finite_skips(local)=0

val:   0%|          | 0/4 [00:00<?, ?it/s]
val:   0%|          | 0/4 [00:00<?, ?it/s, loss=0.0183]
val:   0%|          | 0/4 [00:00<?, ?it/s, loss=0.0159]
val:   0%|          | 0/4 [00:00<?, ?it/s, loss=0.0181]
val:  75%|███████▌  | 3/4 [00:00<00:00, 21.40it/s, loss=0.0181]
val:  75%|███████▌  | 3/4 [00:00<00:00, 21.40it/s, loss=0.0272]
                                                               
[PERF][val] samples(local/global)=8/8, batches(local/global)=4/4, samples/s(local/global)=42.9/42.9, ms/batch(local)=46.6, data_wait=5.1%, compute=94.9%, non_finite_skips(local)=0
[MEM] epoch=120 RAM(before/after)=1415.9/1424.7MB | GPU mem: gpu0 alloc=24.8MB resv=7092.0MB peak=5388.2MB
Epoch 120: train_loss=0.019765, val_loss=0.019864, lr=0.00030000
Updated best model: /home/nis/jinrui.yang/EaBNet_light/logs_cbam_flat_projection64/overfit8_lr3e4_20260924_161645/best/best_model.pt (val_loss=0.019864)

Epoch 121/200

train:   0%|          | 0/4 [00:00<?, ?it/s]
train:   0%|          | 0/4 [00:00<?, ?it/s, loss=0.0236]
train:  25%|██▌       | 1/4 [00:00<00:00,  6.38it/s, loss=0.0236]
train:  25%|██▌       | 1/4 [00:00<00:00,  6.38it/s, loss=0.0196]
train:  50%|█████     | 2/4 [00:00<00:00,  6.41it/s, loss=0.0196]
train:  50%|█████     | 2/4 [00:00<00:00,  6.41it/s, loss=0.0082]
train:  75%|███████▌  | 3/4 [00:00<00:00,  6.41it/s, loss=0.0082]
train:  75%|███████▌  | 3/4 [00:00<00:00,  6.41it/s, loss=0.0277]
train: 100%|██████████| 4/4 [00:00<00:00,  6.38it/s, loss=0.0277]
                                                                 
[PERF][train] samples(local/global)=8/8, batches(local/global)=4/4, samples/s(local/global)=12.8/12.8, ms/batch(local)=156.5, data_wait=2.0%, compute=97.9%, non_finite_skips(local)=0

val:   0%|          | 0/4 [00:00<?, ?it/s]
val:   0%|          | 0/4 [00:00<?, ?it/s, loss=0.0182]
val:   0%|          | 0/4 [00:00<?, ?it/s, loss=0.0159]
val:   0%|          | 0/4 [00:00<?, ?it/s, loss=0.0181]
val:  75%|███████▌  | 3/4 [00:00<00:00, 21.40it/s, loss=0.0181]
val:  75%|███████▌  | 3/4 [00:00<00:00, 21.40it/s, loss=0.0271]
                                                               
[PERF][val] samples(local/global)=8/8, batches(local/global)=4/4, samples/s(local/global)=42.8/42.8, ms/batch(local)=46.7, data_wait=5.1%, compute=94.9%, non_finite_skips(local)=0
[MEM] epoch=121 RAM(before/after)=1424.7/1424.7MB | GPU mem: gpu0 alloc=24.8MB resv=7092.0MB peak=5388.2MB
Epoch 121: train_loss=0.019783, val_loss=0.019818, lr=0.00030000
Updated best model: /home/nis/jinrui.yang/EaBNet_light/logs_cbam_flat_projection64/overfit8_lr3e4_20260924_161645/best/best_model.pt (val_loss=0.019818)

Epoch 122/200

train:   0%|          | 0/4 [00:00<?, ?it/s]
train:   0%|          | 0/4 [00:00<?, ?it/s, loss=0.0182]
train:  25%|██▌       | 1/4 [00:00<00:00,  6.48it/s, loss=0.0182]
train:  25%|██▌       | 1/4 [00:00<00:00,  6.48it/s, loss=0.0369]
train:  50%|█████     | 2/4 [00:00<00:00,  6.46it/s, loss=0.0369]
train:  50%|█████     | 2/4 [00:00<00:00,  6.46it/s, loss=0.0143]
train:  75%|███████▌  | 3/4 [00:00<00:00,  6.46it/s, loss=0.0143]
train:  75%|███████▌  | 3/4 [00:00<00:00,  6.46it/s, loss=0.0096]
train: 100%|██████████| 4/4 [00:00<00:00,  6.46it/s, loss=0.0096]
                                                                 
[PERF][train] samples(local/global)=8/8, batches(local/global)=4/4, samples/s(local/global)=12.9/12.9, ms/batch(local)=155.0, data_wait=1.5%, compute=98.3%, non_finite_skips(local)=0

val:   0%|          | 0/4 [00:00<?, ?it/s]
val:   0%|          | 0/4 [00:00<?, ?it/s, loss=0.0183]
val:   0%|          | 0/4 [00:00<?, ?it/s, loss=0.0158]
val:   0%|          | 0/4 [00:00<?, ?it/s, loss=0.0181]
val:  75%|███████▌  | 3/4 [00:00<00:00, 21.39it/s, loss=0.0181]
val:  75%|███████▌  | 3/4 [00:00<00:00, 21.39it/s, loss=0.0272]
                                                               
[PERF][val] samples(local/global)=8/8, batches(local/global)=4/4, samples/s(local/global)=42.7/42.7, ms/batch(local)=46.8, data_wait=5.3%, compute=94.6%, non_finite_skips(local)=0
[MEM] epoch=122 RAM(before/after)=1424.7/1424.7MB | GPU mem: gpu0 alloc=24.8MB resv=7092.0MB peak=5388.2MB
Epoch 122: train_loss=0.019737, val_loss=0.019849, lr=0.00030000

Epoch 123/200

train:   0%|          | 0/4 [00:00<?, ?it/s]
train:   0%|          | 0/4 [00:00<?, ?it/s, loss=0.0274]
train:  25%|██▌       | 1/4 [00:00<00:00,  6.36it/s, loss=0.0274]
train:  25%|██▌       | 1/4 [00:00<00:00,  6.36it/s, loss=0.0329]
train:  50%|█████     | 2/4 [00:00<00:00,  6.41it/s, loss=0.0329]
train:  50%|█████     | 2/4 [00:00<00:00,  6.41it/s, loss=0.0044]
train:  75%|███████▌  | 3/4 [00:00<00:00,  6.43it/s, loss=0.0044]
train:  75%|███████▌  | 3/4 [00:00<00:00,  6.43it/s, loss=0.0142]
train: 100%|██████████| 4/4 [00:00<00:00,  6.43it/s, loss=0.0142]
                                                                 
[PERF][train] samples(local/global)=8/8, batches(local/global)=4/4, samples/s(local/global)=12.8/12.8, ms/batch(local)=155.7, data_wait=1.9%, compute=98.0%, non_finite_skips(local)=0

val:   0%|          | 0/4 [00:00<?, ?it/s]
val:   0%|          | 0/4 [00:00<?, ?it/s, loss=0.0183]
val:   0%|          | 0/4 [00:00<?, ?it/s, loss=0.0158]
val:   0%|          | 0/4 [00:00<?, ?it/s, loss=0.0181]
val:  75%|███████▌  | 3/4 [00:00<00:00, 21.52it/s, loss=0.0181]
val:  75%|███████▌  | 3/4 [00:00<00:00, 21.52it/s, loss=0.0272]
                                                               
[PERF][val] samples(local/global)=8/8, batches(local/global)=4/4, samples/s(local/global)=42.8/42.8, ms/batch(local)=46.7, data_wait=5.1%, compute=94.9%, non_finite_skips(local)=0
[MEM] epoch=123 RAM(before/after)=1424.7/1424.7MB | GPU mem: gpu0 alloc=24.8MB resv=7092.0MB peak=5388.2MB
Epoch 123: train_loss=0.019713, val_loss=0.019823, lr=0.00030000

Epoch 124/200

train:   0%|          | 0/4 [00:00<?, ?it/s]
train:   0%|          | 0/4 [00:00<?, ?it/s, loss=0.0158]
train:  25%|██▌       | 1/4 [00:00<00:00,  6.25it/s, loss=0.0158]
train:  25%|██▌       | 1/4 [00:00<00:00,  6.25it/s, loss=0.0409]
train:  50%|█████     | 2/4 [00:00<00:00,  6.34it/s, loss=0.0409]
train:  50%|█████     | 2/4 [00:00<00:00,  6.34it/s, loss=0.0081]
train:  75%|███████▌  | 3/4 [00:00<00:00,  6.38it/s, loss=0.0081]
train:  75%|███████▌  | 3/4 [00:00<00:00,  6.38it/s, loss=0.0140]
train: 100%|██████████| 4/4 [00:00<00:00,  6.41it/s, loss=0.0140]
                                                                 
[PERF][train] samples(local/global)=8/8, batches(local/global)=4/4, samples/s(local/global)=12.8/12.8, ms/batch(local)=156.8, data_wait=1.7%, compute=98.2%, non_finite_skips(local)=0

val:   0%|          | 0/4 [00:00<?, ?it/s]
val:   0%|          | 0/4 [00:00<?, ?it/s, loss=0.0182]
val:   0%|          | 0/4 [00:00<?, ?it/s, loss=0.0158]
val:   0%|          | 0/4 [00:00<?, ?it/s, loss=0.0180]
val:  75%|███████▌  | 3/4 [00:00<00:00, 21.53it/s, loss=0.0180]
val:  75%|███████▌  | 3/4 [00:00<00:00, 21.53it/s, loss=0.0271]
                                                               
[PERF][val] samples(local/global)=8/8, batches(local/global)=4/4, samples/s(local/global)=43.1/43.1, ms/batch(local)=46.4, data_wait=4.5%, compute=95.4%, non_finite_skips(local)=0
[MEM] epoch=124 RAM(before/after)=1424.7/1429.7MB | GPU mem: gpu0 alloc=24.8MB resv=7092.0MB peak=5388.2MB
Epoch 124: train_loss=0.019704, val_loss=0.019760, lr=0.00030000
Updated best model: /home/nis/jinrui.yang/EaBNet_light/logs_cbam_flat_projection64/overfit8_lr3e4_20260924_161645/best/best_model.pt (val_loss=0.019760)

Epoch 125/200

train:   0%|          | 0/4 [00:00<?, ?it/s]
train:   0%|          | 0/4 [00:00<?, ?it/s, loss=0.0140]
train:  25%|██▌       | 1/4 [00:00<00:00,  6.42it/s, loss=0.0140]
train:  25%|██▌       | 1/4 [00:00<00:00,  6.42it/s, loss=0.0081]
train:  50%|█████     | 2/4 [00:00<00:00,  6.42it/s, loss=0.0081]
train:  50%|█████     | 2/4 [00:00<00:00,  6.42it/s, loss=0.0158]
train:  75%|███████▌  | 3/4 [00:00<00:00,  6.43it/s, loss=0.0158]
train:  75%|███████▌  | 3/4 [00:00<00:00,  6.43it/s, loss=0.0409]
train: 100%|██████████| 4/4 [00:00<00:00,  6.41it/s, loss=0.0409]
                                                                 
[PERF][train] samples(local/global)=8/8, batches(local/global)=4/4, samples/s(local/global)=12.8/12.8, ms/batch(local)=156.0, data_wait=2.0%, compute=97.8%, non_finite_skips(local)=0

val:   0%|          | 0/4 [00:00<?, ?it/s]
val:   0%|          | 0/4 [00:00<?, ?it/s, loss=0.0182]
val:   0%|          | 0/4 [00:00<?, ?it/s, loss=0.0158]
val:   0%|          | 0/4 [00:00<?, ?it/s, loss=0.0179]
val:  75%|███████▌  | 3/4 [00:00<00:00, 21.51it/s, loss=0.0179]
val:  75%|███████▌  | 3/4 [00:00<00:00, 21.51it/s, loss=0.0271]
                                                               
[PERF][val] samples(local/global)=8/8, batches(local/global)=4/4, samples/s(local/global)=42.7/42.7, ms/batch(local)=46.8, data_wait=5.5%, compute=94.3%, non_finite_skips(local)=0
[MEM] epoch=125 RAM(before/after)=1415.9/1415.9MB | GPU mem: gpu0 alloc=24.8MB resv=7092.0MB peak=5388.2MB
Epoch 125: train_loss=0.019689, val_loss=0.019768, lr=0.00030000

Epoch 126/200

train:   0%|          | 0/4 [00:00<?, ?it/s]
train:   0%|          | 0/4 [00:00<?, ?it/s, loss=0.0331]
train:  25%|██▌       | 1/4 [00:00<00:00,  6.40it/s, loss=0.0331]
train:  25%|██▌       | 1/4 [00:00<00:00,  6.40it/s, loss=0.0141]
train:  50%|█████     | 2/4 [00:00<00:00,  6.42it/s, loss=0.0141]
train:  50%|█████     | 2/4 [00:00<00:00,  6.42it/s, loss=0.0273]
train:  75%|███████▌  | 3/4 [00:00<00:00,  6.43it/s, loss=0.0273]
train:  75%|███████▌  | 3/4 [00:00<00:00,  6.43it/s, loss=0.0044]
train: 100%|██████████| 4/4 [00:00<00:00,  6.44it/s, loss=0.0044]
                                                                 
[PERF][train] samples(local/global)=8/8, batches(local/global)=4/4, samples/s(local/global)=12.9/12.9, ms/batch(local)=155.6, data_wait=1.8%, compute=98.2%, non_finite_skips(local)=0

val:   0%|          | 0/4 [00:00<?, ?it/s]
val:   0%|          | 0/4 [00:00<?, ?it/s, loss=0.0184]
val:   0%|          | 0/4 [00:00<?, ?it/s, loss=0.0159]
val:   0%|          | 0/4 [00:00<?, ?it/s, loss=0.0181]
val:  75%|███████▌  | 3/4 [00:00<00:00, 21.44it/s, loss=0.0181]
val:  75%|███████▌  | 3/4 [00:00<00:00, 21.44it/s, loss=0.0279]
                                                               
[PERF][val] samples(local/global)=8/8, batches(local/global)=4/4, samples/s(local/global)=42.8/42.8, ms/batch(local)=46.7, data_wait=4.9%, compute=95.1%, non_finite_skips(local)=0
[MEM] epoch=126 RAM(before/after)=1415.9/1424.7MB | GPU mem: gpu0 alloc=24.8MB resv=7092.0MB peak=5388.2MB
Epoch 126: train_loss=0.019739, val_loss=0.020052, lr=0.00030000

Epoch 127/200

train:   0%|          | 0/4 [00:00<?, ?it/s]
train:   0%|          | 0/4 [00:00<?, ?it/s, loss=0.0141]
train:  25%|██▌       | 1/4 [00:00<00:00,  6.48it/s, loss=0.0141]
train:  25%|██▌       | 1/4 [00:00<00:00,  6.48it/s, loss=0.0236]
train:  50%|█████     | 2/4 [00:00<00:00,  6.44it/s, loss=0.0236]
train:  50%|█████     | 2/4 [00:00<00:00,  6.44it/s, loss=0.0081]
train:  75%|███████▌  | 3/4 [00:00<00:00,  6.45it/s, loss=0.0081]
train:  75%|███████▌  | 3/4 [00:00<00:00,  6.45it/s, loss=0.0336]
train: 100%|██████████| 4/4 [00:00<00:00,  6.45it/s, loss=0.0336]
                                                                 
[PERF][train] samples(local/global)=8/8, batches(local/global)=4/4, samples/s(local/global)=12.9/12.9, ms/batch(local)=155.1, data_wait=1.7%, compute=98.2%, non_finite_skips(local)=0

val:   0%|          | 0/4 [00:00<?, ?it/s]
val:   0%|          | 0/4 [00:00<?, ?it/s, loss=0.0183]
val:   0%|          | 0/4 [00:00<?, ?it/s, loss=0.0159]
val:   0%|          | 0/4 [00:00<?, ?it/s, loss=0.0183]
val:  75%|███████▌  | 3/4 [00:00<00:00, 21.47it/s, loss=0.0183]
val:  75%|███████▌  | 3/4 [00:00<00:00, 21.47it/s, loss=0.0273]
                                                               
[PERF][val] samples(local/global)=8/8, batches(local/global)=4/4, samples/s(local/global)=43.0/43.0, ms/batch(local)=46.5, data_wait=4.5%, compute=95.2%, non_finite_skips(local)=0
[MEM] epoch=127 RAM(before/after)=1424.7/1417.7MB | GPU mem: gpu0 alloc=24.8MB resv=7092.0MB peak=5388.2MB
Epoch 127: train_loss=0.019842, val_loss=0.019942, lr=0.00030000

Epoch 128/200

train:   0%|          | 0/4 [00:00<?, ?it/s]
train:   0%|          | 0/4 [00:00<?, ?it/s, loss=0.0409]
train:  25%|██▌       | 1/4 [00:00<00:00,  6.39it/s, loss=0.0409]
train:  25%|██▌       | 1/4 [00:00<00:00,  6.39it/s, loss=0.0144]
train:  50%|█████     | 2/4 [00:00<00:00,  6.43it/s, loss=0.0144]
train:  50%|█████     | 2/4 [00:00<00:00,  6.43it/s, loss=0.0161]
train:  75%|███████▌  | 3/4 [00:00<00:00,  6.43it/s, loss=0.0161]
train:  75%|███████▌  | 3/4 [00:00<00:00,  6.43it/s, loss=0.0083]
train: 100%|██████████| 4/4 [00:00<00:00,  6.42it/s, loss=0.0083]
                                                                 
[PERF][train] samples(local/global)=8/8, batches(local/global)=4/4, samples/s(local/global)=12.8/12.8, ms/batch(local)=155.9, data_wait=1.9%, compute=97.9%, non_finite_skips(local)=0

val:   0%|          | 0/4 [00:00<?, ?it/s]
val:   0%|          | 0/4 [00:00<?, ?it/s, loss=0.0184]
val:   0%|          | 0/4 [00:00<?, ?it/s, loss=0.0159]
val:   0%|          | 0/4 [00:00<?, ?it/s, loss=0.0185]
val:  75%|███████▌  | 3/4 [00:00<00:00, 21.43it/s, loss=0.0185]
val:  75%|███████▌  | 3/4 [00:00<00:00, 21.43it/s, loss=0.0275]
                                                               
[PERF][val] samples(local/global)=8/8, batches(local/global)=4/4, samples/s(local/global)=42.7/42.7, ms/batch(local)=46.8, data_wait=4.9%, compute=94.9%, non_finite_skips(local)=0
[MEM] epoch=128 RAM(before/after)=1417.7/1417.7MB | GPU mem: gpu0 alloc=24.8MB resv=7092.0MB peak=5388.2MB
Epoch 128: train_loss=0.019937, val_loss=0.020076, lr=0.00030000

Epoch 129/200

train:   0%|          | 0/4 [00:00<?, ?it/s]
train:   0%|          | 0/4 [00:00<?, ?it/s, loss=0.0097]
train:  25%|██▌       | 1/4 [00:00<00:00,  6.41it/s, loss=0.0097]
train:  25%|██▌       | 1/4 [00:00<00:00,  6.41it/s, loss=0.0242]
train:  50%|█████     | 2/4 [00:00<00:00,  6.40it/s, loss=0.0242]
train:  50%|█████     | 2/4 [00:00<00:00,  6.40it/s, loss=0.0089]
train:  75%|███████▌  | 3/4 [00:00<00:00,  6.41it/s, loss=0.0089]
train:  75%|███████▌  | 3/4 [00:00<00:00,  6.41it/s, loss=0.0377]
train: 100%|██████████| 4/4 [00:00<00:00,  6.42it/s, loss=0.0377]
                                                                 
[PERF][train] samples(local/global)=8/8, batches(local/global)=4/4, samples/s(local/global)=12.8/12.8, ms/batch(local)=155.9, data_wait=1.9%, compute=98.1%, non_finite_skips(local)=0

val:   0%|          | 0/4 [00:00<?, ?it/s]
val:   0%|          | 0/4 [00:00<?, ?it/s, loss=0.0183]
val:   0%|          | 0/4 [00:00<?, ?it/s, loss=0.0161]
val:   0%|          | 0/4 [00:00<?, ?it/s, loss=0.0182]
val:  75%|███████▌  | 3/4 [00:00<00:00, 21.58it/s, loss=0.0182]
val:  75%|███████▌  | 3/4 [00:00<00:00, 21.58it/s, loss=0.0272]
                                                               
[PERF][val] samples(local/global)=8/8, batches(local/global)=4/4, samples/s(local/global)=43.0/43.0, ms/batch(local)=46.6, data_wait=4.6%, compute=95.1%, non_finite_skips(local)=0
[MEM] epoch=129 RAM(before/after)=1417.7/1415.9MB | GPU mem: gpu0 alloc=24.8MB resv=7092.0MB peak=5388.2MB
Epoch 129: train_loss=0.020108, val_loss=0.019943, lr=0.00030000

Epoch 130/200

train:   0%|          | 0/4 [00:00<?, ?it/s]
train:   0%|          | 0/4 [00:00<?, ?it/s, loss=0.0143]
train:  25%|██▌       | 1/4 [00:00<00:00,  6.26it/s, loss=0.0143]
train:  25%|██▌       | 1/4 [00:00<00:00,  6.26it/s, loss=0.0112]
train:  50%|█████     | 2/4 [00:00<00:00,  6.36it/s, loss=0.0112]
train:  50%|█████     | 2/4 [00:00<00:00,  6.36it/s, loss=0.0178]
train:  75%|███████▌  | 3/4 [00:00<00:00,  6.40it/s, loss=0.0178]
train:  75%|███████▌  | 3/4 [00:00<00:00,  6.40it/s, loss=0.0369]
train: 100%|██████████| 4/4 [00:00<00:00,  6.43it/s, loss=0.0369]
                                                                 
[PERF][train] samples(local/global)=8/8, batches(local/global)=4/4, samples/s(local/global)=12.8/12.8, ms/batch(local)=156.3, data_wait=2.1%, compute=97.8%, non_finite_skips(local)=0

val:   0%|          | 0/4 [00:00<?, ?it/s]
val:   0%|          | 0/4 [00:00<?, ?it/s, loss=0.0187]
val:   0%|          | 0/4 [00:00<?, ?it/s, loss=0.0161]
val:   0%|          | 0/4 [00:00<?, ?it/s, loss=0.0181]
val:  75%|███████▌  | 3/4 [00:00<00:00, 21.47it/s, loss=0.0181]
val:  75%|███████▌  | 3/4 [00:00<00:00, 21.47it/s, loss=0.0272]
                                                               
[PERF][val] samples(local/global)=8/8, batches(local/global)=4/4, samples/s(local/global)=42.8/42.8, ms/batch(local)=46.7, data_wait=4.8%, compute=94.8%, non_finite_skips(local)=0
[MEM] epoch=130 RAM(before/after)=1415.9/1415.9MB | GPU mem: gpu0 alloc=24.8MB resv=7092.0MB peak=5388.2MB
Epoch 130: train_loss=0.020052, val_loss=0.020022, lr=0.00030000

Epoch 131/200

train:   0%|          | 0/4 [00:00<?, ?it/s]
train:   0%|          | 0/4 [00:00<?, ?it/s, loss=0.0268]
train:  25%|██▌       | 1/4 [00:00<00:00,  6.33it/s, loss=0.0268]
train:  25%|██▌       | 1/4 [00:00<00:00,  6.33it/s, loss=0.0183]
train:  50%|█████     | 2/4 [00:00<00:00,  6.37it/s, loss=0.0183]
train:  50%|█████     | 2/4 [00:00<00:00,  6.37it/s, loss=0.0196]
train:  75%|███████▌  | 3/4 [00:00<00:00,  6.39it/s, loss=0.0196]
train:  75%|███████▌  | 3/4 [00:00<00:00,  6.39it/s, loss=0.0143]
train: 100%|██████████| 4/4 [00:00<00:00,  6.41it/s, loss=0.0143]
                                                                 
[PERF][train] samples(local/global)=8/8, batches(local/global)=4/4, samples/s(local/global)=12.8/12.8, ms/batch(local)=156.5, data_wait=2.3%, compute=97.6%, non_finite_skips(local)=0

val:   0%|          | 0/4 [00:00<?, ?it/s]
val:   0%|          | 0/4 [00:00<?, ?it/s, loss=0.0183]
val:   0%|          | 0/4 [00:00<?, ?it/s, loss=0.0159]
val:   0%|          | 0/4 [00:00<?, ?it/s, loss=0.0181]
val:  75%|███████▌  | 3/4 [00:00<00:00, 21.52it/s, loss=0.0181]
val:  75%|███████▌  | 3/4 [00:00<00:00, 21.52it/s, loss=0.0271]
                                                               
[PERF][val] samples(local/global)=8/8, batches(local/global)=4/4, samples/s(local/global)=43.0/43.0, ms/batch(local)=46.5, data_wait=4.9%, compute=95.0%, non_finite_skips(local)=0
[MEM] epoch=131 RAM(before/after)=1415.9/1424.7MB | GPU mem: gpu0 alloc=24.8MB resv=7092.0MB peak=5388.2MB
Epoch 131: train_loss=0.019738, val_loss=0.019851, lr=0.00030000

Epoch 132/200

train:   0%|          | 0/4 [00:00<?, ?it/s]
train:   0%|          | 0/4 [00:00<?, ?it/s, loss=0.0158]
train:  25%|██▌       | 1/4 [00:00<00:00,  6.35it/s, loss=0.0158]
train:  25%|██▌       | 1/4 [00:00<00:00,  6.35it/s, loss=0.0222]
train:  50%|█████     | 2/4 [00:00<00:00,  6.40it/s, loss=0.0222]
train:  50%|█████     | 2/4 [00:00<00:00,  6.40it/s, loss=0.0369]
train:  75%|███████▌  | 3/4 [00:00<00:00,  6.41it/s, loss=0.0369]
train:  75%|███████▌  | 3/4 [00:00<00:00,  6.41it/s, loss=0.0043]
train: 100%|██████████| 4/4 [00:00<00:00,  6.43it/s, loss=0.0043]
                                                                 
[PERF][train] samples(local/global)=8/8, batches(local/global)=4/4, samples/s(local/global)=12.8/12.8, ms/batch(local)=155.9, data_wait=2.0%, compute=98.0%, non_finite_skips(local)=0

val:   0%|          | 0/4 [00:00<?, ?it/s]
val:   0%|          | 0/4 [00:00<?, ?it/s, loss=0.0182]
val:   0%|          | 0/4 [00:00<?, ?it/s, loss=0.0158]
val:   0%|          | 0/4 [00:00<?, ?it/s, loss=0.0181]
val:  75%|███████▌  | 3/4 [00:00<00:00, 21.55it/s, loss=0.0181]
val:  75%|███████▌  | 3/4 [00:00<00:00, 21.55it/s, loss=0.0269]
                                                               
[PERF][val] samples(local/global)=8/8, batches(local/global)=4/4, samples/s(local/global)=43.0/43.0, ms/batch(local)=46.5, data_wait=4.9%, compute=95.1%, non_finite_skips(local)=0
[MEM] epoch=132 RAM(before/after)=1424.7/1424.7MB | GPU mem: gpu0 alloc=24.8MB resv=7092.0MB peak=5388.2MB
Epoch 132: train_loss=0.019805, val_loss=0.019746, lr=0.00030000
Updated best model: /home/nis/jinrui.yang/EaBNet_light/logs_cbam_flat_projection64/overfit8_lr3e4_20260924_161645/best/best_model.pt (val_loss=0.019746)

Epoch 133/200

train:   0%|          | 0/4 [00:00<?, ?it/s]
train:   0%|          | 0/4 [00:00<?, ?it/s, loss=0.0330]
train:  25%|██▌       | 1/4 [00:00<00:00,  6.37it/s, loss=0.0330]
train:  25%|██▌       | 1/4 [00:00<00:00,  6.37it/s, loss=0.0175]
train:  50%|█████     | 2/4 [00:00<00:00,  6.41it/s, loss=0.0175]
train:  50%|█████     | 2/4 [00:00<00:00,  6.41it/s, loss=0.0090]
train:  75%|███████▌  | 3/4 [00:00<00:00,  6.41it/s, loss=0.0090]
train:  75%|███████▌  | 3/4 [00:00<00:00,  6.41it/s, loss=0.0195]
train: 100%|██████████| 4/4 [00:00<00:00,  6.42it/s, loss=0.0195]
                                                                 
[PERF][train] samples(local/global)=8/8, batches(local/global)=4/4, samples/s(local/global)=12.8/12.8, ms/batch(local)=155.9, data_wait=1.8%, compute=98.1%, non_finite_skips(local)=0

val:   0%|          | 0/4 [00:00<?, ?it/s]
val:   0%|          | 0/4 [00:00<?, ?it/s, loss=0.0183]
val:   0%|          | 0/4 [00:00<?, ?it/s, loss=0.0159]
val:   0%|          | 0/4 [00:00<?, ?it/s, loss=0.0183]
val:  75%|███████▌  | 3/4 [00:00<00:00, 21.41it/s, loss=0.0183]
val:  75%|███████▌  | 3/4 [00:00<00:00, 21.41it/s, loss=0.0275]
                                                               
[PERF][val] samples(local/global)=8/8, batches(local/global)=4/4, samples/s(local/global)=42.8/42.8, ms/batch(local)=46.7, data_wait=4.8%, compute=94.9%, non_finite_skips(local)=0
[MEM] epoch=133 RAM(before/after)=1424.7/1415.9MB | GPU mem: gpu0 alloc=24.8MB resv=7092.0MB peak=5388.2MB
Epoch 133: train_loss=0.019765, val_loss=0.020012, lr=0.00030000

Epoch 134/200

train:   0%|          | 0/4 [00:00<?, ?it/s]
train:   0%|          | 0/4 [00:00<?, ?it/s, loss=0.0194]
train:  25%|██▌       | 1/4 [00:00<00:00,  6.44it/s, loss=0.0194]
train:  25%|██▌       | 1/4 [00:00<00:00,  6.44it/s, loss=0.0044]
train:  50%|█████     | 2/4 [00:00<00:00,  6.45it/s, loss=0.0044]
train:  50%|█████     | 2/4 [00:00<00:00,  6.45it/s, loss=0.0334]
train:  75%|███████▌  | 3/4 [00:00<00:00,  6.45it/s, loss=0.0334]
train:  75%|███████▌  | 3/4 [00:00<00:00,  6.45it/s, loss=0.0221]
train: 100%|██████████| 4/4 [00:00<00:00,  6.44it/s, loss=0.0221]
                                                                 
[PERF][train] samples(local/global)=8/8, batches(local/global)=4/4, samples/s(local/global)=12.9/12.9, ms/batch(local)=155.4, data_wait=1.6%, compute=98.2%, non_finite_skips(local)=0

val:   0%|          | 0/4 [00:00<?, ?it/s]
val:   0%|          | 0/4 [00:00<?, ?it/s, loss=0.0184]
val:   0%|          | 0/4 [00:00<?, ?it/s, loss=0.0157]
val:   0%|          | 0/4 [00:00<?, ?it/s, loss=0.0180]
val:  75%|███████▌  | 3/4 [00:00<00:00, 21.38it/s, loss=0.0180]
val:  75%|███████▌  | 3/4 [00:00<00:00, 21.38it/s, loss=0.0272]
                                                               
[PERF][val] samples(local/global)=8/8, batches(local/global)=4/4, samples/s(local/global)=42.7/42.7, ms/batch(local)=46.8, data_wait=5.1%, compute=94.7%, non_finite_skips(local)=0
[MEM] epoch=134 RAM(before/after)=1415.9/1415.9MB | GPU mem: gpu0 alloc=24.8MB resv=7092.0MB peak=5388.2MB
Epoch 134: train_loss=0.019802, val_loss=0.019855, lr=0.00030000

Epoch 135/200

train:   0%|          | 0/4 [00:00<?, ?it/s]
train:   0%|          | 0/4 [00:00<?, ?it/s, loss=0.0274]
train:  25%|██▌       | 1/4 [00:00<00:00,  6.43it/s, loss=0.0274]
train:  25%|██▌       | 1/4 [00:00<00:00,  6.43it/s, loss=0.0142]
train:  50%|█████     | 2/4 [00:00<00:00,  6.43it/s, loss=0.0142]
train:  50%|█████     | 2/4 [00:00<00:00,  6.43it/s, loss=0.0236]
train:  75%|███████▌  | 3/4 [00:00<00:00,  6.43it/s, loss=0.0236]
train:  75%|███████▌  | 3/4 [00:00<00:00,  6.43it/s, loss=0.0140]
train: 100%|██████████| 4/4 [00:00<00:00,  6.44it/s, loss=0.0140]
                                                                 
[PERF][train] samples(local/global)=8/8, batches(local/global)=4/4, samples/s(local/global)=12.9/12.9, ms/batch(local)=155.4, data_wait=1.7%, compute=98.2%, non_finite_skips(local)=0

val:   0%|          | 0/4 [00:00<?, ?it/s]
val:   0%|          | 0/4 [00:00<?, ?it/s, loss=0.0182]
val:   0%|          | 0/4 [00:00<?, ?it/s, loss=0.0158]
val:   0%|          | 0/4 [00:00<?, ?it/s, loss=0.0184]
val:  75%|███████▌  | 3/4 [00:00<00:00, 21.52it/s, loss=0.0184]
val:  75%|███████▌  | 3/4 [00:00<00:00, 21.52it/s, loss=0.0270]
                                                               
[PERF][val] samples(local/global)=8/8, batches(local/global)=4/4, samples/s(local/global)=43.0/43.0, ms/batch(local)=46.6, data_wait=4.7%, compute=95.0%, non_finite_skips(local)=0
[MEM] epoch=135 RAM(before/after)=1415.9/1415.9MB | GPU mem: gpu0 alloc=24.8MB resv=7092.0MB peak=5388.2MB
Epoch 135: train_loss=0.019773, val_loss=0.019848, lr=0.00030000

Epoch 136/200

train:   0%|          | 0/4 [00:00<?, ?it/s]
train:   0%|          | 0/4 [00:00<?, ?it/s, loss=0.0367]
train:  25%|██▌       | 1/4 [00:00<00:00,  6.40it/s, loss=0.0367]
train:  25%|██▌       | 1/4 [00:00<00:00,  6.40it/s, loss=0.0105]
train:  50%|█████     | 2/4 [00:00<00:00,  6.40it/s, loss=0.0105]
train:  50%|█████     | 2/4 [00:00<00:00,  6.40it/s, loss=0.0219]
train:  75%|███████▌  | 3/4 [00:00<00:00,  6.42it/s, loss=0.0219]
train:  75%|███████▌  | 3/4 [00:00<00:00,  6.42it/s, loss=0.0095]
train: 100%|██████████| 4/4 [00:00<00:00,  6.42it/s, loss=0.0095]
                                                                 
[PERF][train] samples(local/global)=8/8, batches(local/global)=4/4, samples/s(local/global)=12.8/12.8, ms/batch(local)=155.9, data_wait=1.9%, compute=98.0%, non_finite_skips(local)=0

val:   0%|          | 0/4 [00:00<?, ?it/s]
val:   0%|          | 0/4 [00:00<?, ?it/s, loss=0.0182]
val:   0%|          | 0/4 [00:00<?, ?it/s, loss=0.0157]
val:   0%|          | 0/4 [00:00<?, ?it/s, loss=0.0180]
val:  75%|███████▌  | 3/4 [00:00<00:00, 21.41it/s, loss=0.0180]
val:  75%|███████▌  | 3/4 [00:00<00:00, 21.41it/s, loss=0.0270]
                                                               
[PERF][val] samples(local/global)=8/8, batches(local/global)=4/4, samples/s(local/global)=42.8/42.8, ms/batch(local)=46.7, data_wait=5.0%, compute=94.9%, non_finite_skips(local)=0
[MEM] epoch=136 RAM(before/after)=1415.9/1424.7MB | GPU mem: gpu0 alloc=24.8MB resv=7092.0MB peak=5388.2MB
Epoch 136: train_loss=0.019675, val_loss=0.019719, lr=0.00030000
Updated best model: /home/nis/jinrui.yang/EaBNet_light/logs_cbam_flat_projection64/overfit8_lr3e4_20260924_161645/best/best_model.pt (val_loss=0.019719)

Epoch 137/200

train:   0%|          | 0/4 [00:00<?, ?it/s]
train:   0%|          | 0/4 [00:00<?, ?it/s, loss=0.0178]
train:  25%|██▌       | 1/4 [00:00<00:00,  6.26it/s, loss=0.0178]
train:  25%|██▌       | 1/4 [00:00<00:00,  6.26it/s, loss=0.0156]
train:  50%|█████     | 2/4 [00:00<00:00,  6.37it/s, loss=0.0156]
train:  50%|█████     | 2/4 [00:00<00:00,  6.37it/s, loss=0.0269]
train:  75%|███████▌  | 3/4 [00:00<00:00,  6.40it/s, loss=0.0269]
train:  75%|███████▌  | 3/4 [00:00<00:00,  6.40it/s, loss=0.0181]
train: 100%|██████████| 4/4 [00:00<00:00,  6.41it/s, loss=0.0181]
                                                                 
[PERF][train] samples(local/global)=8/8, batches(local/global)=4/4, samples/s(local/global)=12.8/12.8, ms/batch(local)=156.4, data_wait=1.8%, compute=98.2%, non_finite_skips(local)=0

val:   0%|          | 0/4 [00:00<?, ?it/s]
val:   0%|          | 0/4 [00:00<?, ?it/s, loss=0.0183]
val:   0%|          | 0/4 [00:00<?, ?it/s, loss=0.0157]
val:   0%|          | 0/4 [00:00<?, ?it/s, loss=0.0182]
val:  75%|███████▌  | 3/4 [00:00<00:00, 21.55it/s, loss=0.0182]
val:  75%|███████▌  | 3/4 [00:00<00:00, 21.55it/s, loss=0.0270]
                                                               
[PERF][val] samples(local/global)=8/8, batches(local/global)=4/4, samples/s(local/global)=43.0/43.0, ms/batch(local)=46.5, data_wait=4.7%, compute=95.2%, non_finite_skips(local)=0
[MEM] epoch=137 RAM(before/after)=1424.7/1424.7MB | GPU mem: gpu0 alloc=24.8MB resv=7092.0MB peak=5388.2MB
Epoch 137: train_loss=0.019618, val_loss=0.019790, lr=0.00030000

Epoch 138/200

train:   0%|          | 0/4 [00:00<?, ?it/s]
train:   0%|          | 0/4 [00:00<?, ?it/s, loss=0.0266]
train:  25%|██▌       | 1/4 [00:00<00:00,  6.44it/s, loss=0.0266]
train:  25%|██▌       | 1/4 [00:00<00:00,  6.44it/s, loss=0.0193]
train:  50%|█████     | 2/4 [00:00<00:00,  6.44it/s, loss=0.0193]
train:  50%|█████     | 2/4 [00:00<00:00,  6.44it/s, loss=0.0106]
train:  75%|███████▌  | 3/4 [00:00<00:00,  6.43it/s, loss=0.0106]
train:  75%|███████▌  | 3/4 [00:00<00:00,  6.43it/s, loss=0.0220]
train: 100%|██████████| 4/4 [00:00<00:00,  6.43it/s, loss=0.0220]
                                                                 
[PERF][train] samples(local/global)=8/8, batches(local/global)=4/4, samples/s(local/global)=12.9/12.9, ms/batch(local)=155.5, data_wait=1.7%, compute=98.3%, non_finite_skips(local)=0

val:   0%|          | 0/4 [00:00<?, ?it/s]
val:   0%|          | 0/4 [00:00<?, ?it/s, loss=0.0183]
val:   0%|          | 0/4 [00:00<?, ?it/s, loss=0.0156]
val:   0%|          | 0/4 [00:00<?, ?it/s, loss=0.0179]
val:  75%|███████▌  | 3/4 [00:00<00:00, 21.57it/s, loss=0.0179]
val:  75%|███████▌  | 3/4 [00:00<00:00, 21.57it/s, loss=0.0270]
                                                               
[PERF][val] samples(local/global)=8/8, batches(local/global)=4/4, samples/s(local/global)=43.1/43.1, ms/batch(local)=46.5, data_wait=4.8%, compute=95.2%, non_finite_skips(local)=0
[MEM] epoch=138 RAM(before/after)=1424.7/1424.7MB | GPU mem: gpu0 alloc=24.8MB resv=7092.0MB peak=5388.2MB
Epoch 138: train_loss=0.019616, val_loss=0.019693, lr=0.00030000
Updated best model: /home/nis/jinrui.yang/EaBNet_light/logs_cbam_flat_projection64/overfit8_lr3e4_20260924_161645/best/best_model.pt (val_loss=0.019693)

Epoch 139/200

train:   0%|          | 0/4 [00:00<?, ?it/s]
train:   0%|          | 0/4 [00:00<?, ?it/s, loss=0.0140]
train:  25%|██▌       | 1/4 [00:00<00:00,  6.48it/s, loss=0.0140]
train:  25%|██▌       | 1/4 [00:00<00:00,  6.48it/s, loss=0.0233]
train:  50%|█████     | 2/4 [00:00<00:00,  6.44it/s, loss=0.0233]
train:  50%|█████     | 2/4 [00:00<00:00,  6.44it/s, loss=0.0312]
train:  75%|███████▌  | 3/4 [00:00<00:00,  6.43it/s, loss=0.0312]
train:  75%|███████▌  | 3/4 [00:00<00:00,  6.43it/s, loss=0.0098]
train: 100%|██████████| 4/4 [00:00<00:00,  6.44it/s, loss=0.0098]
                                                                 
[PERF][train] samples(local/global)=8/8, batches(local/global)=4/4, samples/s(local/global)=12.9/12.9, ms/batch(local)=155.3, data_wait=1.7%, compute=98.2%, non_finite_skips(local)=0

val:   0%|          | 0/4 [00:00<?, ?it/s]
val:   0%|          | 0/4 [00:00<?, ?it/s, loss=0.0182]
val:   0%|          | 0/4 [00:00<?, ?it/s, loss=0.0156]
val:   0%|          | 0/4 [00:00<?, ?it/s, loss=0.0178]
val:  75%|███████▌  | 3/4 [00:00<00:00, 21.58it/s, loss=0.0178]
val:  75%|███████▌  | 3/4 [00:00<00:00, 21.58it/s, loss=0.0269]
                                                               
[PERF][val] samples(local/global)=8/8, batches(local/global)=4/4, samples/s(local/global)=43.1/43.1, ms/batch(local)=46.4, data_wait=4.6%, compute=95.3%, non_finite_skips(local)=0
[MEM] epoch=139 RAM(before/after)=1424.7/1424.7MB | GPU mem: gpu0 alloc=24.8MB resv=7092.0MB peak=5388.2MB
Epoch 139: train_loss=0.019569, val_loss=0.019640, lr=0.00030000
Updated best model: /home/nis/jinrui.yang/EaBNet_light/logs_cbam_flat_projection64/overfit8_lr3e4_20260924_161645/best/best_model.pt (val_loss=0.019640)

Epoch 140/200

train:   0%|          | 0/4 [00:00<?, ?it/s]
train:   0%|          | 0/4 [00:00<?, ?it/s, loss=0.0235]
train:  25%|██▌       | 1/4 [00:00<00:00,  6.47it/s, loss=0.0235]
train:  25%|██▌       | 1/4 [00:00<00:00,  6.47it/s, loss=0.0080]
train:  50%|█████     | 2/4 [00:00<00:00,  6.44it/s, loss=0.0080]
train:  50%|█████     | 2/4 [00:00<00:00,  6.44it/s, loss=0.0193]
train:  75%|███████▌  | 3/4 [00:00<00:00,  6.44it/s, loss=0.0193]
train:  75%|███████▌  | 3/4 [00:00<00:00,  6.44it/s, loss=0.0272]
train: 100%|██████████| 4/4 [00:00<00:00,  6.42it/s, loss=0.0272]
                                                                 
[PERF][train] samples(local/global)=8/8, batches(local/global)=4/4, samples/s(local/global)=12.9/12.9, ms/batch(local)=155.6, data_wait=1.8%, compute=98.1%, non_finite_skips(local)=0

val:   0%|          | 0/4 [00:00<?, ?it/s]
val:   0%|          | 0/4 [00:00<?, ?it/s, loss=0.0181]
val:   0%|          | 0/4 [00:00<?, ?it/s, loss=0.0155]
val:   0%|          | 0/4 [00:00<?, ?it/s, loss=0.0178]
val:  75%|███████▌  | 3/4 [00:00<00:00, 21.49it/s, loss=0.0178]
val:  75%|███████▌  | 3/4 [00:00<00:00, 21.49it/s, loss=0.0268]
                                                               
[PERF][val] samples(local/global)=8/8, batches(local/global)=4/4, samples/s(local/global)=42.6/42.6, ms/batch(local)=47.0, data_wait=5.6%, compute=94.1%, non_finite_skips(local)=0
[MEM] epoch=140 RAM(before/after)=1424.7/1415.9MB | GPU mem: gpu0 alloc=24.8MB resv=7092.0MB peak=5388.2MB
Epoch 140: train_loss=0.019512, val_loss=0.019588, lr=0.00030000
Updated best model: /home/nis/jinrui.yang/EaBNet_light/logs_cbam_flat_projection64/overfit8_lr3e4_20260924_161645/best/best_model.pt (val_loss=0.019588)

Epoch 141/200

train:   0%|          | 0/4 [00:00<?, ?it/s]
train:   0%|          | 0/4 [00:00<?, ?it/s, loss=0.0095]
train:  25%|██▌       | 1/4 [00:00<00:00,  6.43it/s, loss=0.0095]
train:  25%|██▌       | 1/4 [00:00<00:00,  6.43it/s, loss=0.0181]
train:  50%|█████     | 2/4 [00:00<00:00,  6.44it/s, loss=0.0181]
train:  50%|█████     | 2/4 [00:00<00:00,  6.44it/s, loss=0.0176]
train:  75%|███████▌  | 3/4 [00:00<00:00,  6.44it/s, loss=0.0176]
train:  75%|███████▌  | 3/4 [00:00<00:00,  6.44it/s, loss=0.0326]
train: 100%|██████████| 4/4 [00:00<00:00,  6.41it/s, loss=0.0326]
                                                                 
[PERF][train] samples(local/global)=8/8, batches(local/global)=4/4, samples/s(local/global)=12.8/12.8, ms/batch(local)=155.8, data_wait=1.9%, compute=98.0%, non_finite_skips(local)=0

val:   0%|          | 0/4 [00:00<?, ?it/s]
val:   0%|          | 0/4 [00:00<?, ?it/s, loss=0.0182]
val:   0%|          | 0/4 [00:00<?, ?it/s, loss=0.0156]
val:   0%|          | 0/4 [00:00<?, ?it/s, loss=0.0178]
val:  75%|███████▌  | 3/4 [00:00<00:00, 21.45it/s, loss=0.0178]
val:  75%|███████▌  | 3/4 [00:00<00:00, 21.45it/s, loss=0.0270]
                                                               
[PERF][val] samples(local/global)=8/8, batches(local/global)=4/4, samples/s(local/global)=42.6/42.6, ms/batch(local)=46.9, data_wait=5.4%, compute=94.4%, non_finite_skips(local)=0
[MEM] epoch=141 RAM(before/after)=1415.9/1415.9MB | GPU mem: gpu0 alloc=24.8MB resv=7092.0MB peak=5388.2MB
Epoch 141: train_loss=0.019438, val_loss=0.019656, lr=0.00030000

Epoch 142/200

train:   0%|          | 0/4 [00:00<?, ?it/s]
train:   0%|          | 0/4 [00:00<?, ?it/s, loss=0.0193]
train:  25%|██▌       | 1/4 [00:00<00:00,  6.44it/s, loss=0.0193]
train:  25%|██▌       | 1/4 [00:00<00:00,  6.44it/s, loss=0.0139]
train:  50%|█████     | 2/4 [00:00<00:00,  6.43it/s, loss=0.0139]
train:  50%|█████     | 2/4 [00:00<00:00,  6.43it/s, loss=0.0406]
train:  75%|███████▌  | 3/4 [00:00<00:00,  6.44it/s, loss=0.0406]
train:  75%|███████▌  | 3/4 [00:00<00:00,  6.44it/s, loss=0.0043]
train: 100%|██████████| 4/4 [00:00<00:00,  6.42it/s, loss=0.0043]
                                                                 
[PERF][train] samples(local/global)=8/8, batches(local/global)=4/4, samples/s(local/global)=12.8/12.8, ms/batch(local)=155.7, data_wait=1.9%, compute=98.0%, non_finite_skips(local)=0

val:   0%|          | 0/4 [00:00<?, ?it/s]
val:   0%|          | 0/4 [00:00<?, ?it/s, loss=0.0182]
val:   0%|          | 0/4 [00:00<?, ?it/s, loss=0.0155]
val:   0%|          | 0/4 [00:00<?, ?it/s, loss=0.0177]
val:  75%|███████▌  | 3/4 [00:00<00:00, 21.44it/s, loss=0.0177]
val:  75%|███████▌  | 3/4 [00:00<00:00, 21.44it/s, loss=0.0268]
                                                               
[PERF][val] samples(local/global)=8/8, batches(local/global)=4/4, samples/s(local/global)=42.5/42.5, ms/batch(local)=47.1, data_wait=5.8%, compute=94.0%, non_finite_skips(local)=0
[MEM] epoch=142 RAM(before/after)=1415.9/1415.9MB | GPU mem: gpu0 alloc=24.8MB resv=7092.0MB peak=5388.2MB
Epoch 142: train_loss=0.019553, val_loss=0.019541, lr=0.00030000
Updated best model: /home/nis/jinrui.yang/EaBNet_light/logs_cbam_flat_projection64/overfit8_lr3e4_20260924_161645/best/best_model.pt (val_loss=0.019541)

Epoch 143/200

train:   0%|          | 0/4 [00:00<?, ?it/s]
train:   0%|          | 0/4 [00:00<?, ?it/s, loss=0.0191]
train:  25%|██▌       | 1/4 [00:00<00:00,  6.26it/s, loss=0.0191]
train:  25%|██▌       | 1/4 [00:00<00:00,  6.26it/s, loss=0.0217]
train:  50%|█████     | 2/4 [00:00<00:00,  6.35it/s, loss=0.0217]
train:  50%|█████     | 2/4 [00:00<00:00,  6.35it/s, loss=0.0324]
train:  75%|███████▌  | 3/4 [00:00<00:00,  6.39it/s, loss=0.0324]
train:  75%|███████▌  | 3/4 [00:00<00:00,  6.39it/s, loss=0.0043]
train: 100%|██████████| 4/4 [00:00<00:00,  6.41it/s, loss=0.0043]
                                                                 
[PERF][train] samples(local/global)=8/8, batches(local/global)=4/4, samples/s(local/global)=12.8/12.8, ms/batch(local)=156.6, data_wait=2.4%, compute=97.5%, non_finite_skips(local)=0

val:   0%|          | 0/4 [00:00<?, ?it/s]
val:   0%|          | 0/4 [00:00<?, ?it/s, loss=0.0182]
val:   0%|          | 0/4 [00:00<?, ?it/s, loss=0.0155]
val:   0%|          | 0/4 [00:00<?, ?it/s, loss=0.0176]
val:  75%|███████▌  | 3/4 [00:00<00:00, 21.52it/s, loss=0.0176]
val:  75%|███████▌  | 3/4 [00:00<00:00, 21.52it/s, loss=0.0267]
                                                               
[PERF][val] samples(local/global)=8/8, batches(local/global)=4/4, samples/s(local/global)=42.9/42.9, ms/batch(local)=46.6, data_wait=5.0%, compute=94.9%, non_finite_skips(local)=0
[MEM] epoch=143 RAM(before/after)=1415.9/1424.7MB | GPU mem: gpu0 alloc=24.8MB resv=7092.0MB peak=5388.2MB
Epoch 143: train_loss=0.019405, val_loss=0.019511, lr=0.00030000
Updated best model: /home/nis/jinrui.yang/EaBNet_light/logs_cbam_flat_projection64/overfit8_lr3e4_20260924_161645/best/best_model.pt (val_loss=0.019511)

Epoch 144/200

train:   0%|          | 0/4 [00:00<?, ?it/s]
train:   0%|          | 0/4 [00:00<?, ?it/s, loss=0.0271]
train:  25%|██▌       | 1/4 [00:00<00:00,  6.43it/s, loss=0.0271]
train:  25%|██▌       | 1/4 [00:00<00:00,  6.43it/s, loss=0.0270]
train:  50%|█████     | 2/4 [00:00<00:00,  6.44it/s, loss=0.0270]
train:  50%|█████     | 2/4 [00:00<00:00,  6.44it/s, loss=0.0139]
train:  75%|███████▌  | 3/4 [00:00<00:00,  6.45it/s, loss=0.0139]
train:  75%|███████▌  | 3/4 [00:00<00:00,  6.45it/s, loss=0.0094]
train: 100%|██████████| 4/4 [00:00<00:00,  6.44it/s, loss=0.0094]
                                                                 
[PERF][train] samples(local/global)=8/8, batches(local/global)=4/4, samples/s(local/global)=12.9/12.9, ms/batch(local)=155.4, data_wait=1.7%, compute=98.1%, non_finite_skips(local)=0

val:   0%|          | 0/4 [00:00<?, ?it/s]
val:   0%|          | 0/4 [00:00<?, ?it/s, loss=0.0183]
val:   0%|          | 0/4 [00:00<?, ?it/s, loss=0.0154]
val:   0%|          | 0/4 [00:00<?, ?it/s, loss=0.0177]
val:  75%|███████▌  | 3/4 [00:00<00:00, 21.31it/s, loss=0.0177]
val:  75%|███████▌  | 3/4 [00:00<00:00, 21.31it/s, loss=0.0270]
                                                               
[PERF][val] samples(local/global)=8/8, batches(local/global)=4/4, samples/s(local/global)=42.7/42.7, ms/batch(local)=46.8, data_wait=5.1%, compute=94.6%, non_finite_skips(local)=0
[MEM] epoch=144 RAM(before/after)=1424.7/1417.7MB | GPU mem: gpu0 alloc=24.8MB resv=7092.0MB peak=5388.2MB
Epoch 144: train_loss=0.019369, val_loss=0.019583, lr=0.00030000

Epoch 145/200

train:   0%|          | 0/4 [00:00<?, ?it/s]
train:   0%|          | 0/4 [00:00<?, ?it/s, loss=0.0403]
train:  25%|██▌       | 1/4 [00:00<00:00,  6.29it/s, loss=0.0403]
train:  25%|██▌       | 1/4 [00:00<00:00,  6.29it/s, loss=0.0086]
train:  50%|█████     | 2/4 [00:00<00:00,  6.39it/s, loss=0.0086]
train:  50%|█████     | 2/4 [00:00<00:00,  6.39it/s, loss=0.0154]
train:  75%|███████▌  | 3/4 [00:00<00:00,  6.41it/s, loss=0.0154]
train:  75%|███████▌  | 3/4 [00:00<00:00,  6.41it/s, loss=0.0131]
train: 100%|██████████| 4/4 [00:00<00:00,  6.39it/s, loss=0.0131]
                                                                 
[PERF][train] samples(local/global)=8/8, batches(local/global)=4/4, samples/s(local/global)=12.8/12.8, ms/batch(local)=156.6, data_wait=2.4%, compute=97.5%, non_finite_skips(local)=0

val:   0%|          | 0/4 [00:00<?, ?it/s]
val:   0%|          | 0/4 [00:00<?, ?it/s, loss=0.0182]
val:   0%|          | 0/4 [00:00<?, ?it/s, loss=0.0154]
val:   0%|          | 0/4 [00:00<?, ?it/s, loss=0.0176]
val:  75%|███████▌  | 3/4 [00:00<00:00, 21.41it/s, loss=0.0176]
val:  75%|███████▌  | 3/4 [00:00<00:00, 21.41it/s, loss=0.0270]
                                                               
[PERF][val] samples(local/global)=8/8, batches(local/global)=4/4, samples/s(local/global)=42.4/42.4, ms/batch(local)=47.2, data_wait=5.9%, compute=93.9%, non_finite_skips(local)=0
[MEM] epoch=145 RAM(before/after)=1417.7/1417.7MB | GPU mem: gpu0 alloc=24.8MB resv=7092.0MB peak=5388.2MB
Epoch 145: train_loss=0.019365, val_loss=0.019555, lr=0.00030000

Epoch 146/200

train:   0%|          | 0/4 [00:00<?, ?it/s]
train:   0%|          | 0/4 [00:00<?, ?it/s, loss=0.0269]
train:  25%|██▌       | 1/4 [00:00<00:00,  6.42it/s, loss=0.0269]
train:  25%|██▌       | 1/4 [00:00<00:00,  6.42it/s, loss=0.0137]
train:  50%|█████     | 2/4 [00:00<00:00,  6.40it/s, loss=0.0137]
train:  50%|█████     | 2/4 [00:00<00:00,  6.40it/s, loss=0.0096]
train:  75%|███████▌  | 3/4 [00:00<00:00,  6.42it/s, loss=0.0096]
train:  75%|███████▌  | 3/4 [00:00<00:00,  6.42it/s, loss=0.0270]
train: 100%|██████████| 4/4 [00:00<00:00,  6.42it/s, loss=0.0270]
                                                                 
[PERF][train] samples(local/global)=8/8, batches(local/global)=4/4, samples/s(local/global)=12.8/12.8, ms/batch(local)=155.8, data_wait=1.8%, compute=98.1%, non_finite_skips(local)=0

val:   0%|          | 0/4 [00:00<?, ?it/s]
val:   0%|          | 0/4 [00:00<?, ?it/s, loss=0.0182]
val:   0%|          | 0/4 [00:00<?, ?it/s, loss=0.0154]
val:   0%|          | 0/4 [00:00<?, ?it/s, loss=0.0177]
val:  75%|███████▌  | 3/4 [00:00<00:00, 21.50it/s, loss=0.0177]
val:  75%|███████▌  | 3/4 [00:00<00:00, 21.50it/s, loss=0.0268]
                                                               
[PERF][val] samples(local/global)=8/8, batches(local/global)=4/4, samples/s(local/global)=42.9/42.9, ms/batch(local)=46.6, data_wait=5.0%, compute=94.9%, non_finite_skips(local)=0
[MEM] epoch=146 RAM(before/after)=1417.7/1424.7MB | GPU mem: gpu0 alloc=24.8MB resv=7092.0MB peak=5388.2MB
Epoch 146: train_loss=0.019315, val_loss=0.019503, lr=0.00030000
Updated best model: /home/nis/jinrui.yang/EaBNet_light/logs_cbam_flat_projection64/overfit8_lr3e4_20260924_161645/best/best_model.pt (val_loss=0.019503)

Epoch 147/200

train:   0%|          | 0/4 [00:00<?, ?it/s]
train:   0%|          | 0/4 [00:00<?, ?it/s, loss=0.0401]
train:  25%|██▌       | 1/4 [00:00<00:00,  6.47it/s, loss=0.0401]
train:  25%|██▌       | 1/4 [00:00<00:00,  6.47it/s, loss=0.0043]
train:  50%|█████     | 2/4 [00:00<00:00,  6.45it/s, loss=0.0043]
train:  50%|█████     | 2/4 [00:00<00:00,  6.45it/s, loss=0.0175]
train:  75%|███████▌  | 3/4 [00:00<00:00,  6.44it/s, loss=0.0175]
train:  75%|███████▌  | 3/4 [00:00<00:00,  6.44it/s, loss=0.0154]
train: 100%|██████████| 4/4 [00:00<00:00,  6.44it/s, loss=0.0154]
                                                                 
[PERF][train] samples(local/global)=8/8, batches(local/global)=4/4, samples/s(local/global)=12.9/12.9, ms/batch(local)=155.3, data_wait=1.7%, compute=98.2%, non_finite_skips(local)=0

val:   0%|          | 0/4 [00:00<?, ?it/s]
val:   0%|          | 0/4 [00:00<?, ?it/s, loss=0.0182]
val:   0%|          | 0/4 [00:00<?, ?it/s, loss=0.0154]
val:   0%|          | 0/4 [00:00<?, ?it/s, loss=0.0177]
val:  75%|███████▌  | 3/4 [00:00<00:00, 21.52it/s, loss=0.0177]
val:  75%|███████▌  | 3/4 [00:00<00:00, 21.52it/s, loss=0.0267]
                                                               
[PERF][val] samples(local/global)=8/8, batches(local/global)=4/4, samples/s(local/global)=42.9/42.9, ms/batch(local)=46.6, data_wait=5.0%, compute=94.9%, non_finite_skips(local)=0
[MEM] epoch=147 RAM(before/after)=1424.7/1424.7MB | GPU mem: gpu0 alloc=24.8MB resv=7092.0MB peak=5388.2MB
Epoch 147: train_loss=0.019340, val_loss=0.019480, lr=0.00030000
Updated best model: /home/nis/jinrui.yang/EaBNet_light/logs_cbam_flat_projection64/overfit8_lr3e4_20260924_161645/best/best_model.pt (val_loss=0.019480)

Epoch 148/200

train:   0%|          | 0/4 [00:00<?, ?it/s]
train:   0%|          | 0/4 [00:00<?, ?it/s, loss=0.0174]
train:  25%|██▌       | 1/4 [00:00<00:00,  6.36it/s, loss=0.0174]
train:  25%|██▌       | 1/4 [00:00<00:00,  6.36it/s, loss=0.0233]
train:  50%|█████     | 2/4 [00:00<00:00,  6.40it/s, loss=0.0233]
train:  50%|█████     | 2/4 [00:00<00:00,  6.40it/s, loss=0.0321]
train:  75%|███████▌  | 3/4 [00:00<00:00,  6.41it/s, loss=0.0321]
train:  75%|███████▌  | 3/4 [00:00<00:00,  6.41it/s, loss=0.0043]
train: 100%|██████████| 4/4 [00:00<00:00,  6.41it/s, loss=0.0043]
                                                                 
[PERF][train] samples(local/global)=8/8, batches(local/global)=4/4, samples/s(local/global)=12.8/12.8, ms/batch(local)=156.1, data_wait=1.9%, compute=98.0%, non_finite_skips(local)=0

val:   0%|          | 0/4 [00:00<?, ?it/s]
val:   0%|          | 0/4 [00:00<?, ?it/s, loss=0.0182]
val:   0%|          | 0/4 [00:00<?, ?it/s, loss=0.0154]
val:   0%|          | 0/4 [00:00<?, ?it/s, loss=0.0176]
val:  75%|███████▌  | 3/4 [00:00<00:00, 21.61it/s, loss=0.0176]
val:  75%|███████▌  | 3/4 [00:00<00:00, 21.61it/s, loss=0.0267]
                                                               
[PERF][val] samples(local/global)=8/8, batches(local/global)=4/4, samples/s(local/global)=43.1/43.1, ms/batch(local)=46.4, data_wait=4.3%, compute=95.3%, non_finite_skips(local)=0
[MEM] epoch=148 RAM(before/after)=1424.7/1415.9MB | GPU mem: gpu0 alloc=24.8MB resv=7092.0MB peak=5388.2MB
Epoch 148: train_loss=0.019282, val_loss=0.019449, lr=0.00030000
Updated best model: /home/nis/jinrui.yang/EaBNet_light/logs_cbam_flat_projection64/overfit8_lr3e4_20260924_161645/best/best_model.pt (val_loss=0.019449)

Epoch 149/200

train:   0%|          | 0/4 [00:00<?, ?it/s]
train:   0%|          | 0/4 [00:00<?, ?it/s, loss=0.0094]
train:  25%|██▌       | 1/4 [00:00<00:00,  6.34it/s, loss=0.0094]
train:  25%|██▌       | 1/4 [00:00<00:00,  6.34it/s, loss=0.0216]
train:  50%|█████     | 2/4 [00:00<00:00,  6.38it/s, loss=0.0216]
train:  50%|█████     | 2/4 [00:00<00:00,  6.38it/s, loss=0.0190]
train:  75%|███████▌  | 3/4 [00:00<00:00,  6.41it/s, loss=0.0190]
train:  75%|███████▌  | 3/4 [00:00<00:00,  6.41it/s, loss=0.0269]
train: 100%|██████████| 4/4 [00:00<00:00,  6.43it/s, loss=0.0269]
                                                                 
[PERF][train] samples(local/global)=8/8, batches(local/global)=4/4, samples/s(local/global)=12.8/12.8, ms/batch(local)=156.2, data_wait=2.1%, compute=97.8%, non_finite_skips(local)=0

val:   0%|          | 0/4 [00:00<?, ?it/s]
val:   0%|          | 0/4 [00:00<?, ?it/s, loss=0.0181]
val:   0%|          | 0/4 [00:00<?, ?it/s, loss=0.0153]
val:   0%|          | 0/4 [00:00<?, ?it/s, loss=0.0176]
val:  75%|███████▌  | 3/4 [00:00<00:00, 21.47it/s, loss=0.0176]
val:  75%|███████▌  | 3/4 [00:00<00:00, 21.47it/s, loss=0.0266]
                                                               
[PERF][val] samples(local/global)=8/8, batches(local/global)=4/4, samples/s(local/global)=43.0/43.0, ms/batch(local)=46.5, data_wait=4.5%, compute=95.3%, non_finite_skips(local)=0
[MEM] epoch=149 RAM(before/after)=1415.9/1415.9MB | GPU mem: gpu0 alloc=24.8MB resv=7092.0MB peak=5388.2MB
Epoch 149: train_loss=0.019227, val_loss=0.019422, lr=0.00030000
Updated best model: /home/nis/jinrui.yang/EaBNet_light/logs_cbam_flat_projection64/overfit8_lr3e4_20260924_161645/best/best_model.pt (val_loss=0.019422)

Epoch 150/200

train:   0%|          | 0/4 [00:00<?, ?it/s]
train:   0%|          | 0/4 [00:00<?, ?it/s, loss=0.0231]
train:  25%|██▌       | 1/4 [00:00<00:00,  6.45it/s, loss=0.0231]
train:  25%|██▌       | 1/4 [00:00<00:00,  6.45it/s, loss=0.0269]
train:  50%|█████     | 2/4 [00:00<00:00,  6.44it/s, loss=0.0269]
train:  50%|█████     | 2/4 [00:00<00:00,  6.44it/s, loss=0.0130]
train:  75%|███████▌  | 3/4 [00:00<00:00,  6.44it/s, loss=0.0130]
train:  75%|███████▌  | 3/4 [00:00<00:00,  6.44it/s, loss=0.0138]
train: 100%|██████████| 4/4 [00:00<00:00,  6.44it/s, loss=0.0138]
                                                                 
[PERF][train] samples(local/global)=8/8, batches(local/global)=4/4, samples/s(local/global)=12.9/12.9, ms/batch(local)=155.4, data_wait=1.8%, compute=98.1%, non_finite_skips(local)=0

val:   0%|          | 0/4 [00:00<?, ?it/s]
val:   0%|          | 0/4 [00:00<?, ?it/s, loss=0.0182]
val:   0%|          | 0/4 [00:00<?, ?it/s, loss=0.0153]
val:   0%|          | 0/4 [00:00<?, ?it/s, loss=0.0175]
val:  75%|███████▌  | 3/4 [00:00<00:00, 21.63it/s, loss=0.0175]
val:  75%|███████▌  | 3/4 [00:00<00:00, 21.63it/s, loss=0.0267]
                                                               
[PERF][val] samples(local/global)=8/8, batches(local/global)=4/4, samples/s(local/global)=43.0/43.0, ms/batch(local)=46.5, data_wait=4.4%, compute=95.3%, non_finite_skips(local)=0
[MEM] epoch=150 RAM(before/after)=1415.9/1415.9MB | GPU mem: gpu0 alloc=24.8MB resv=7092.0MB peak=5388.2MB
Epoch 150: train_loss=0.019201, val_loss=0.019445, lr=0.00030000

Epoch 151/200

train:   0%|          | 0/4 [00:00<?, ?it/s]
train:   0%|          | 0/4 [00:00<?, ?it/s, loss=0.0268]
train:  25%|██▌       | 1/4 [00:00<00:00,  6.40it/s, loss=0.0268]
train:  25%|██▌       | 1/4 [00:00<00:00,  6.40it/s, loss=0.0079]
train:  50%|█████     | 2/4 [00:00<00:00,  6.41it/s, loss=0.0079]
train:  50%|█████     | 2/4 [00:00<00:00,  6.41it/s, loss=0.0100]
train:  75%|███████▌  | 3/4 [00:00<00:00,  6.43it/s, loss=0.0100]
train:  75%|███████▌  | 3/4 [00:00<00:00,  6.43it/s, loss=0.0322]
train: 100%|██████████| 4/4 [00:00<00:00,  6.44it/s, loss=0.0322]
                                                                 
[PERF][train] samples(local/global)=8/8, batches(local/global)=4/4, samples/s(local/global)=12.9/12.9, ms/batch(local)=155.6, data_wait=1.7%, compute=98.1%, non_finite_skips(local)=0

val:   0%|          | 0/4 [00:00<?, ?it/s]
val:   0%|          | 0/4 [00:00<?, ?it/s, loss=0.0183]
val:   0%|          | 0/4 [00:00<?, ?it/s, loss=0.0153]
val:   0%|          | 0/4 [00:00<?, ?it/s, loss=0.0176]
val:  75%|███████▌  | 3/4 [00:00<00:00, 21.43it/s, loss=0.0176]
val:  75%|███████▌  | 3/4 [00:00<00:00, 21.43it/s, loss=0.0267]
                                                               
[PERF][val] samples(local/global)=8/8, batches(local/global)=4/4, samples/s(local/global)=42.8/42.8, ms/batch(local)=46.7, data_wait=5.4%, compute=94.6%, non_finite_skips(local)=0
[MEM] epoch=151 RAM(before/after)=1415.9/1424.7MB | GPU mem: gpu0 alloc=24.8MB resv=7092.0MB peak=5388.2MB
Epoch 151: train_loss=0.019217, val_loss=0.019459, lr=0.00030000

Epoch 152/200

train:   0%|          | 0/4 [00:00<?, ?it/s]
train:   0%|          | 0/4 [00:00<?, ?it/s, loss=0.0129]
train:  25%|██▌       | 1/4 [00:00<00:00,  6.43it/s, loss=0.0129]
train:  25%|██▌       | 1/4 [00:00<00:00,  6.43it/s, loss=0.0136]
train:  50%|█████     | 2/4 [00:00<00:00,  6.43it/s, loss=0.0136]
train:  50%|█████     | 2/4 [00:00<00:00,  6.43it/s, loss=0.0321]
train:  75%|███████▌  | 3/4 [00:00<00:00,  6.42it/s, loss=0.0321]
train:  75%|███████▌  | 3/4 [00:00<00:00,  6.42it/s, loss=0.0180]
train: 100%|██████████| 4/4 [00:00<00:00,  6.43it/s, loss=0.0180]
                                                                 
[PERF][train] samples(local/global)=8/8, batches(local/global)=4/4, samples/s(local/global)=12.9/12.9, ms/batch(local)=155.6, data_wait=1.7%, compute=98.2%, non_finite_skips(local)=0

val:   0%|          | 0/4 [00:00<?, ?it/s]
val:   0%|          | 0/4 [00:00<?, ?it/s, loss=0.0182]
val:   0%|          | 0/4 [00:00<?, ?it/s, loss=0.0153]
val:   0%|          | 0/4 [00:00<?, ?it/s, loss=0.0176]
val:  75%|███████▌  | 3/4 [00:00<00:00, 21.57it/s, loss=0.0176]
val:  75%|███████▌  | 3/4 [00:00<00:00, 21.57it/s, loss=0.0265]
                                                               
[PERF][val] samples(local/global)=8/8, batches(local/global)=4/4, samples/s(local/global)=43.0/43.0, ms/batch(local)=46.5, data_wait=4.9%, compute=95.1%, non_finite_skips(local)=0
[MEM] epoch=152 RAM(before/after)=1424.7/1424.7MB | GPU mem: gpu0 alloc=24.8MB resv=7092.0MB peak=5388.2MB
Epoch 152: train_loss=0.019158, val_loss=0.019389, lr=0.00030000
Updated best model: /home/nis/jinrui.yang/EaBNet_light/logs_cbam_flat_projection64/overfit8_lr3e4_20260924_161645/best/best_model.pt (val_loss=0.019389)

Epoch 153/200

train:   0%|          | 0/4 [00:00<?, ?it/s]
train:   0%|          | 0/4 [00:00<?, ?it/s, loss=0.0086]
train:  25%|██▌       | 1/4 [00:00<00:00,  6.44it/s, loss=0.0086]
train:  25%|██▌       | 1/4 [00:00<00:00,  6.44it/s, loss=0.0400]
train:  50%|█████     | 2/4 [00:00<00:00,  6.42it/s, loss=0.0400]
train:  50%|█████     | 2/4 [00:00<00:00,  6.42it/s, loss=0.0152]
train:  75%|███████▌  | 3/4 [00:00<00:00,  6.44it/s, loss=0.0152]
train:  75%|███████▌  | 3/4 [00:00<00:00,  6.44it/s, loss=0.0129]
train: 100%|██████████| 4/4 [00:00<00:00,  6.45it/s, loss=0.0129]
                                                                 
[PERF][train] samples(local/global)=8/8, batches(local/global)=4/4, samples/s(local/global)=12.9/12.9, ms/batch(local)=155.4, data_wait=1.6%, compute=98.3%, non_finite_skips(local)=0

val:   0%|          | 0/4 [00:00<?, ?it/s]
val:   0%|          | 0/4 [00:00<?, ?it/s, loss=0.0181]
val:   0%|          | 0/4 [00:00<?, ?it/s, loss=0.0153]
val:   0%|          | 0/4 [00:00<?, ?it/s, loss=0.0175]
val:  75%|███████▌  | 3/4 [00:00<00:00, 21.40it/s, loss=0.0175]
val:  75%|███████▌  | 3/4 [00:00<00:00, 21.40it/s, loss=0.0266]
                                                               
[PERF][val] samples(local/global)=8/8, batches(local/global)=4/4, samples/s(local/global)=42.5/42.5, ms/batch(local)=47.0, data_wait=5.8%, compute=94.0%, non_finite_skips(local)=0
[MEM] epoch=153 RAM(before/after)=1424.7/1415.9MB | GPU mem: gpu0 alloc=24.8MB resv=7092.0MB peak=5388.2MB
Epoch 153: train_loss=0.019161, val_loss=0.019364, lr=0.00030000
Updated best model: /home/nis/jinrui.yang/EaBNet_light/logs_cbam_flat_projection64/overfit8_lr3e4_20260924_161645/best/best_model.pt (val_loss=0.019364)

Epoch 154/200

train:   0%|          | 0/4 [00:00<?, ?it/s]
train:   0%|          | 0/4 [00:00<?, ?it/s, loss=0.0232]
train:  25%|██▌       | 1/4 [00:00<00:00,  6.45it/s, loss=0.0232]
train:  25%|██▌       | 1/4 [00:00<00:00,  6.45it/s, loss=0.0261]
train:  50%|█████     | 2/4 [00:00<00:00,  6.43it/s, loss=0.0261]
train:  50%|█████     | 2/4 [00:00<00:00,  6.43it/s, loss=0.0085]
train:  75%|███████▌  | 3/4 [00:00<00:00,  6.43it/s, loss=0.0085]
train:  75%|███████▌  | 3/4 [00:00<00:00,  6.43it/s, loss=0.0187]
train: 100%|██████████| 4/4 [00:00<00:00,  6.43it/s, loss=0.0187]
                                                                 
[PERF][train] samples(local/global)=8/8, batches(local/global)=4/4, samples/s(local/global)=12.9/12.9, ms/batch(local)=155.5, data_wait=1.8%, compute=98.1%, non_finite_skips(local)=0

val:   0%|          | 0/4 [00:00<?, ?it/s]
val:   0%|          | 0/4 [00:00<?, ?it/s, loss=0.0180]
val:   0%|          | 0/4 [00:00<?, ?it/s, loss=0.0152]
val:   0%|          | 0/4 [00:00<?, ?it/s, loss=0.0174]
val:  75%|███████▌  | 3/4 [00:00<00:00, 21.53it/s, loss=0.0174]
val:  75%|███████▌  | 3/4 [00:00<00:00, 21.53it/s, loss=0.0265]
                                                               
[PERF][val] samples(local/global)=8/8, batches(local/global)=4/4, samples/s(local/global)=43.0/43.0, ms/batch(local)=46.6, data_wait=4.9%, compute=95.1%, non_finite_skips(local)=0
[MEM] epoch=154 RAM(before/after)=1415.9/1424.7MB | GPU mem: gpu0 alloc=24.8MB resv=7092.0MB peak=5388.2MB
Epoch 154: train_loss=0.019136, val_loss=0.019306, lr=0.00030000
Updated best model: /home/nis/jinrui.yang/EaBNet_light/logs_cbam_flat_projection64/overfit8_lr3e4_20260924_161645/best/best_model.pt (val_loss=0.019306)

Epoch 155/200

train:   0%|          | 0/4 [00:00<?, ?it/s]
train:   0%|          | 0/4 [00:00<?, ?it/s, loss=0.0357]
train:  25%|██▌       | 1/4 [00:00<00:00,  6.45it/s, loss=0.0357]
train:  25%|██▌       | 1/4 [00:00<00:00,  6.45it/s, loss=0.0231]
train:  50%|█████     | 2/4 [00:00<00:00,  6.44it/s, loss=0.0231]
train:  50%|█████     | 2/4 [00:00<00:00,  6.44it/s, loss=0.0136]
train:  75%|███████▌  | 3/4 [00:00<00:00,  6.43it/s, loss=0.0136]
train:  75%|███████▌  | 3/4 [00:00<00:00,  6.43it/s, loss=0.0043]
train: 100%|██████████| 4/4 [00:00<00:00,  6.44it/s, loss=0.0043]
                                                                 
[PERF][train] samples(local/global)=8/8, batches(local/global)=4/4, samples/s(local/global)=12.9/12.9, ms/batch(local)=155.4, data_wait=1.6%, compute=98.3%, non_finite_skips(local)=0

val:   0%|          | 0/4 [00:00<?, ?it/s]
val:   0%|          | 0/4 [00:00<?, ?it/s, loss=0.0181]
val:   0%|          | 0/4 [00:00<?, ?it/s, loss=0.0152]
val:   0%|          | 0/4 [00:00<?, ?it/s, loss=0.0174]
val:  75%|███████▌  | 3/4 [00:00<00:00, 21.52it/s, loss=0.0174]
val:  75%|███████▌  | 3/4 [00:00<00:00, 21.52it/s, loss=0.0265]
                                                               
[PERF][val] samples(local/global)=8/8, batches(local/global)=4/4, samples/s(local/global)=43.0/43.0, ms/batch(local)=46.5, data_wait=4.7%, compute=95.3%, non_finite_skips(local)=0
[MEM] epoch=155 RAM(before/after)=1424.7/1424.7MB | GPU mem: gpu0 alloc=24.8MB resv=7092.0MB peak=5388.2MB
Epoch 155: train_loss=0.019189, val_loss=0.019314, lr=0.00030000

Epoch 156/200

train:   0%|          | 0/4 [00:00<?, ?it/s]
train:   0%|          | 0/4 [00:00<?, ?it/s, loss=0.0188]
train:  25%|██▌       | 1/4 [00:00<00:00,  6.45it/s, loss=0.0188]
train:  25%|██▌       | 1/4 [00:00<00:00,  6.45it/s, loss=0.0269]
train:  50%|█████     | 2/4 [00:00<00:00,  6.44it/s, loss=0.0269]
train:  50%|█████     | 2/4 [00:00<00:00,  6.44it/s, loss=0.0093]
train:  75%|███████▌  | 3/4 [00:00<00:00,  6.44it/s, loss=0.0093]
train:  75%|███████▌  | 3/4 [00:00<00:00,  6.44it/s, loss=0.0215]
train: 100%|██████████| 4/4 [00:00<00:00,  6.44it/s, loss=0.0215]
                                                                 
[PERF][train] samples(local/global)=8/8, batches(local/global)=4/4, samples/s(local/global)=12.9/12.9, ms/batch(local)=155.4, data_wait=1.6%, compute=98.3%, non_finite_skips(local)=0

val:   0%|          | 0/4 [00:00<?, ?it/s]
val:   0%|          | 0/4 [00:00<?, ?it/s, loss=0.0181]
val:   0%|          | 0/4 [00:00<?, ?it/s, loss=0.0152]
val:   0%|          | 0/4 [00:00<?, ?it/s, loss=0.0174]
val:  75%|███████▌  | 3/4 [00:00<00:00, 21.54it/s, loss=0.0174]
val:  75%|███████▌  | 3/4 [00:00<00:00, 21.54it/s, loss=0.0265]
                                                               
[PERF][val] samples(local/global)=8/8, batches(local/global)=4/4, samples/s(local/global)=42.9/42.9, ms/batch(local)=46.6, data_wait=4.5%, compute=95.1%, non_finite_skips(local)=0
[MEM] epoch=156 RAM(before/after)=1424.7/1415.9MB | GPU mem: gpu0 alloc=24.8MB resv=7092.0MB peak=5388.2MB
Epoch 156: train_loss=0.019143, val_loss=0.019315, lr=0.00030000

Epoch 157/200

train:   0%|          | 0/4 [00:00<?, ?it/s]
train:   0%|          | 0/4 [00:00<?, ?it/s, loss=0.0305]
train:  25%|██▌       | 1/4 [00:00<00:00,  6.45it/s, loss=0.0305]
train:  25%|██▌       | 1/4 [00:00<00:00,  6.45it/s, loss=0.0172]
train:  50%|█████     | 2/4 [00:00<00:00,  6.43it/s, loss=0.0172]
train:  50%|█████     | 2/4 [00:00<00:00,  6.43it/s, loss=0.0100]
train:  75%|███████▌  | 3/4 [00:00<00:00,  6.44it/s, loss=0.0100]
train:  75%|███████▌  | 3/4 [00:00<00:00,  6.44it/s, loss=0.0188]
train: 100%|██████████| 4/4 [00:00<00:00,  6.44it/s, loss=0.0188]
                                                                 
[PERF][train] samples(local/global)=8/8, batches(local/global)=4/4, samples/s(local/global)=12.9/12.9, ms/batch(local)=155.4, data_wait=1.7%, compute=98.1%, non_finite_skips(local)=0

val:   0%|          | 0/4 [00:00<?, ?it/s]
val:   0%|          | 0/4 [00:00<?, ?it/s, loss=0.0181]
val:   0%|          | 0/4 [00:00<?, ?it/s, loss=0.0152]
val:   0%|          | 0/4 [00:00<?, ?it/s, loss=0.0174]
val:  75%|███████▌  | 3/4 [00:00<00:00, 21.37it/s, loss=0.0174]
val:  75%|███████▌  | 3/4 [00:00<00:00, 21.37it/s, loss=0.0267]
                                                               
[PERF][val] samples(local/global)=8/8, batches(local/global)=4/4, samples/s(local/global)=42.8/42.8, ms/batch(local)=46.7, data_wait=5.1%, compute=94.8%, non_finite_skips(local)=0
[MEM] epoch=157 RAM(before/after)=1415.9/1424.7MB | GPU mem: gpu0 alloc=24.8MB resv=7092.0MB peak=5388.2MB
Epoch 157: train_loss=0.019144, val_loss=0.019354, lr=0.00030000

Epoch 158/200

train:   0%|          | 0/4 [00:00<?, ?it/s]
train:   0%|          | 0/4 [00:00<?, ?it/s, loss=0.0261]
train:  25%|██▌       | 1/4 [00:00<00:00,  6.35it/s, loss=0.0261]
train:  25%|██▌       | 1/4 [00:00<00:00,  6.35it/s, loss=0.0179]
train:  50%|█████     | 2/4 [00:00<00:00,  6.40it/s, loss=0.0179]
train:  50%|█████     | 2/4 [00:00<00:00,  6.40it/s, loss=0.0135]
train:  75%|███████▌  | 3/4 [00:00<00:00,  6.41it/s, loss=0.0135]
train:  75%|███████▌  | 3/4 [00:00<00:00,  6.41it/s, loss=0.0187]
train: 100%|██████████| 4/4 [00:00<00:00,  6.42it/s, loss=0.0187]
                                                                 
[PERF][train] samples(local/global)=8/8, batches(local/global)=4/4, samples/s(local/global)=12.8/12.8, ms/batch(local)=156.0, data_wait=1.6%, compute=98.3%, non_finite_skips(local)=0

val:   0%|          | 0/4 [00:00<?, ?it/s]
val:   0%|          | 0/4 [00:00<?, ?it/s, loss=0.0180]
val:   0%|          | 0/4 [00:00<?, ?it/s, loss=0.0152]
val:   0%|          | 0/4 [00:00<?, ?it/s, loss=0.0173]
val:  75%|███████▌  | 3/4 [00:00<00:00, 21.64it/s, loss=0.0173]
val:  75%|███████▌  | 3/4 [00:00<00:00, 21.64it/s, loss=0.0264]
                                                               
[PERF][val] samples(local/global)=8/8, batches(local/global)=4/4, samples/s(local/global)=43.2/43.2, ms/batch(local)=46.3, data_wait=4.8%, compute=95.1%, non_finite_skips(local)=0
[MEM] epoch=158 RAM(before/after)=1424.7/1424.7MB | GPU mem: gpu0 alloc=24.8MB resv=7092.0MB peak=5388.2MB
Epoch 158: train_loss=0.019047, val_loss=0.019224, lr=0.00030000
Updated best model: /home/nis/jinrui.yang/EaBNet_light/logs_cbam_flat_projection64/overfit8_lr3e4_20260924_161645/best/best_model.pt (val_loss=0.019224)

Epoch 159/200

train:   0%|          | 0/4 [00:00<?, ?it/s]
train:   0%|          | 0/4 [00:00<?, ?it/s, loss=0.0151]
train:  25%|██▌       | 1/4 [00:00<00:00,  6.49it/s, loss=0.0151]
train:  25%|██▌       | 1/4 [00:00<00:00,  6.49it/s, loss=0.0355]
train:  50%|█████     | 2/4 [00:00<00:00,  6.46it/s, loss=0.0355]
train:  50%|█████     | 2/4 [00:00<00:00,  6.46it/s, loss=0.0173]
train:  75%|███████▌  | 3/4 [00:00<00:00,  6.44it/s, loss=0.0173]
train:  75%|███████▌  | 3/4 [00:00<00:00,  6.44it/s, loss=0.0085]
train: 100%|██████████| 4/4 [00:00<00:00,  6.44it/s, loss=0.0085]
                                                                 
[PERF][train] samples(local/global)=8/8, batches(local/global)=4/4, samples/s(local/global)=12.9/12.9, ms/batch(local)=155.2, data_wait=1.6%, compute=98.3%, non_finite_skips(local)=0

val:   0%|          | 0/4 [00:00<?, ?it/s]
val:   0%|          | 0/4 [00:00<?, ?it/s, loss=0.0180]
val:   0%|          | 0/4 [00:00<?, ?it/s, loss=0.0151]
val:   0%|          | 0/4 [00:00<?, ?it/s, loss=0.0173]
val:  75%|███████▌  | 3/4 [00:00<00:00, 21.35it/s, loss=0.0173]
val:  75%|███████▌  | 3/4 [00:00<00:00, 21.35it/s, loss=0.0263]
                                                               
[PERF][val] samples(local/global)=8/8, batches(local/global)=4/4, samples/s(local/global)=42.6/42.6, ms/batch(local)=47.0, data_wait=5.2%, compute=94.4%, non_finite_skips(local)=0
[MEM] epoch=159 RAM(before/after)=1424.7/1415.9MB | GPU mem: gpu0 alloc=24.8MB resv=7092.0MB peak=5388.2MB
Epoch 159: train_loss=0.019097, val_loss=0.019200, lr=0.00030000
Updated best model: /home/nis/jinrui.yang/EaBNet_light/logs_cbam_flat_projection64/overfit8_lr3e4_20260924_161645/best/best_model.pt (val_loss=0.019200)

Epoch 160/200

train:   0%|          | 0/4 [00:00<?, ?it/s]
train:   0%|          | 0/4 [00:00<?, ?it/s, loss=0.0172]
train:  25%|██▌       | 1/4 [00:00<00:00,  6.29it/s, loss=0.0172]
train:  25%|██▌       | 1/4 [00:00<00:00,  6.29it/s, loss=0.0092]
train:  50%|█████     | 2/4 [00:00<00:00,  6.37it/s, loss=0.0092]
train:  50%|█████     | 2/4 [00:00<00:00,  6.37it/s, loss=0.0266]
train:  75%|███████▌  | 3/4 [00:00<00:00,  6.40it/s, loss=0.0266]
train:  75%|███████▌  | 3/4 [00:00<00:00,  6.40it/s, loss=0.0231]
train: 100%|██████████| 4/4 [00:00<00:00,  6.42it/s, loss=0.0231]
                                                                 
[PERF][train] samples(local/global)=8/8, batches(local/global)=4/4, samples/s(local/global)=12.8/12.8, ms/batch(local)=156.3, data_wait=2.2%, compute=97.7%, non_finite_skips(local)=0

val:   0%|          | 0/4 [00:00<?, ?it/s]
val:   0%|          | 0/4 [00:00<?, ?it/s, loss=0.0181]
val:   0%|          | 0/4 [00:00<?, ?it/s, loss=0.0151]
val:   0%|          | 0/4 [00:00<?, ?it/s, loss=0.0174]
val:  75%|███████▌  | 3/4 [00:00<00:00, 21.58it/s, loss=0.0174]
val:  75%|███████▌  | 3/4 [00:00<00:00, 21.58it/s, loss=0.0263]
                                                               
[PERF][val] samples(local/global)=8/8, batches(local/global)=4/4, samples/s(local/global)=43.0/43.0, ms/batch(local)=46.5, data_wait=4.4%, compute=95.3%, non_finite_skips(local)=0
[MEM] epoch=160 RAM(before/after)=1415.9/1415.9MB | GPU mem: gpu0 alloc=24.8MB resv=7092.0MB peak=5388.2MB
Epoch 160: train_loss=0.019030, val_loss=0.019225, lr=0.00030000

Epoch 161/200

train:   0%|          | 0/4 [00:00<?, ?it/s]
train:   0%|          | 0/4 [00:00<?, ?it/s, loss=0.0171]
train:  25%|██▌       | 1/4 [00:00<00:00,  6.19it/s, loss=0.0171]
train:  25%|██▌       | 1/4 [00:00<00:00,  6.19it/s, loss=0.0095]
train:  50%|█████     | 2/4 [00:00<00:00,  6.32it/s, loss=0.0095]
train:  50%|█████     | 2/4 [00:00<00:00,  6.32it/s, loss=0.0179]
train:  75%|███████▌  | 3/4 [00:00<00:00,  6.37it/s, loss=0.0179]
train:  75%|███████▌  | 3/4 [00:00<00:00,  6.37it/s, loss=0.0318]
train: 100%|██████████| 4/4 [00:00<00:00,  6.40it/s, loss=0.0318]
                                                                 
[PERF][train] samples(local/global)=8/8, batches(local/global)=4/4, samples/s(local/global)=12.7/12.7, ms/batch(local)=157.1, data_wait=2.3%, compute=97.6%, non_finite_skips(local)=0

val:   0%|          | 0/4 [00:00<?, ?it/s]
val:   0%|          | 0/4 [00:00<?, ?it/s, loss=0.0181]
val:   0%|          | 0/4 [00:00<?, ?it/s, loss=0.0151]
val:   0%|          | 0/4 [00:00<?, ?it/s, loss=0.0174]
val:  75%|███████▌  | 3/4 [00:00<00:00, 21.55it/s, loss=0.0174]
val:  75%|███████▌  | 3/4 [00:00<00:00, 21.55it/s, loss=0.0263]
                                                               
[PERF][val] samples(local/global)=8/8, batches(local/global)=4/4, samples/s(local/global)=43.1/43.1, ms/batch(local)=46.4, data_wait=4.4%, compute=95.4%, non_finite_skips(local)=0
[MEM] epoch=161 RAM(before/after)=1415.9/1415.9MB | GPU mem: gpu0 alloc=24.8MB resv=7092.0MB peak=5388.2MB
Epoch 161: train_loss=0.019069, val_loss=0.019216, lr=0.00030000

Epoch 162/200

train:   0%|          | 0/4 [00:00<?, ?it/s]
train:   0%|          | 0/4 [00:00<?, ?it/s, loss=0.0186]
train:  25%|██▌       | 1/4 [00:00<00:00,  6.47it/s, loss=0.0186]
train:  25%|██▌       | 1/4 [00:00<00:00,  6.47it/s, loss=0.0319]
train:  50%|█████     | 2/4 [00:00<00:00,  6.45it/s, loss=0.0319]
train:  50%|█████     | 2/4 [00:00<00:00,  6.45it/s, loss=0.0179]
train:  75%|███████▌  | 3/4 [00:00<00:00,  6.45it/s, loss=0.0179]
train:  75%|███████▌  | 3/4 [00:00<00:00,  6.45it/s, loss=0.0079]
train: 100%|██████████| 4/4 [00:00<00:00,  6.45it/s, loss=0.0079]
                                                                 
[PERF][train] samples(local/global)=8/8, batches(local/global)=4/4, samples/s(local/global)=12.9/12.9, ms/batch(local)=155.3, data_wait=1.6%, compute=98.2%, non_finite_skips(local)=0

val:   0%|          | 0/4 [00:00<?, ?it/s]
val:   0%|          | 0/4 [00:00<?, ?it/s, loss=0.0181]
val:   0%|          | 0/4 [00:00<?, ?it/s, loss=0.0151]
val:   0%|          | 0/4 [00:00<?, ?it/s, loss=0.0173]
val:  75%|███████▌  | 3/4 [00:00<00:00, 21.53it/s, loss=0.0173]
val:  75%|███████▌  | 3/4 [00:00<00:00, 21.53it/s, loss=0.0266]
                                                               
[PERF][val] samples(local/global)=8/8, batches(local/global)=4/4, samples/s(local/global)=43.0/43.0, ms/batch(local)=46.5, data_wait=4.6%, compute=95.0%, non_finite_skips(local)=0
[MEM] epoch=162 RAM(before/after)=1415.9/1415.9MB | GPU mem: gpu0 alloc=24.8MB resv=7092.0MB peak=5388.2MB
Epoch 162: train_loss=0.019043, val_loss=0.019292, lr=0.00030000

Epoch 163/200

train:   0%|          | 0/4 [00:00<?, ?it/s]
train:   0%|          | 0/4 [00:00<?, ?it/s, loss=0.0355]
train:  25%|██▌       | 1/4 [00:00<00:00,  6.42it/s, loss=0.0355]
train:  25%|██▌       | 1/4 [00:00<00:00,  6.42it/s, loss=0.0179]
train:  50%|█████     | 2/4 [00:00<00:00,  6.42it/s, loss=0.0179]
train:  50%|█████     | 2/4 [00:00<00:00,  6.42it/s, loss=0.0136]
train:  75%|███████▌  | 3/4 [00:00<00:00,  6.42it/s, loss=0.0136]
train:  75%|███████▌  | 3/4 [00:00<00:00,  6.42it/s, loss=0.0092]
train: 100%|██████████| 4/4 [00:00<00:00,  6.42it/s, loss=0.0092]
                                                                 
[PERF][train] samples(local/global)=8/8, batches(local/global)=4/4, samples/s(local/global)=12.8/12.8, ms/batch(local)=155.7, data_wait=1.9%, compute=98.0%, non_finite_skips(local)=0

val:   0%|          | 0/4 [00:00<?, ?it/s]
val:   0%|          | 0/4 [00:00<?, ?it/s, loss=0.0180]
val:   0%|          | 0/4 [00:00<?, ?it/s, loss=0.0151]
val:   0%|          | 0/4 [00:00<?, ?it/s, loss=0.0173]
val:  75%|███████▌  | 3/4 [00:00<00:00, 21.59it/s, loss=0.0173]
val:  75%|███████▌  | 3/4 [00:00<00:00, 21.59it/s, loss=0.0264]
                                                               
[PERF][val] samples(local/global)=8/8, batches(local/global)=4/4, samples/s(local/global)=43.0/43.0, ms/batch(local)=46.5, data_wait=4.5%, compute=95.2%, non_finite_skips(local)=0
[MEM] epoch=163 RAM(before/after)=1415.9/1415.9MB | GPU mem: gpu0 alloc=24.8MB resv=7092.0MB peak=5388.2MB
Epoch 163: train_loss=0.019044, val_loss=0.019212, lr=0.00030000

Epoch 164/200

train:   0%|          | 0/4 [00:00<?, ?it/s]
train:   0%|          | 0/4 [00:00<?, ?it/s, loss=0.0043]
train:  25%|██▌       | 1/4 [00:00<00:00,  6.42it/s, loss=0.0043]
train:  25%|██▌       | 1/4 [00:00<00:00,  6.42it/s, loss=0.0399]
train:  50%|█████     | 2/4 [00:00<00:00,  6.43it/s, loss=0.0399]
train:  50%|█████     | 2/4 [00:00<00:00,  6.43it/s, loss=0.0170]
train:  75%|███████▌  | 3/4 [00:00<00:00,  6.43it/s, loss=0.0170]
train:  75%|███████▌  | 3/4 [00:00<00:00,  6.43it/s, loss=0.0150]
train: 100%|██████████| 4/4 [00:00<00:00,  6.44it/s, loss=0.0150]
                                                                 
[PERF][train] samples(local/global)=8/8, batches(local/global)=4/4, samples/s(local/global)=12.9/12.9, ms/batch(local)=155.6, data_wait=1.7%, compute=98.2%, non_finite_skips(local)=0

val:   0%|          | 0/4 [00:00<?, ?it/s]
val:   0%|          | 0/4 [00:00<?, ?it/s, loss=0.0180]
val:   0%|          | 0/4 [00:00<?, ?it/s, loss=0.0151]
val:   0%|          | 0/4 [00:00<?, ?it/s, loss=0.0173]
val:  75%|███████▌  | 3/4 [00:00<00:00, 21.48it/s, loss=0.0173]
val:  75%|███████▌  | 3/4 [00:00<00:00, 21.48it/s, loss=0.0264]
                                                               
[PERF][val] samples(local/global)=8/8, batches(local/global)=4/4, samples/s(local/global)=42.8/42.8, ms/batch(local)=46.7, data_wait=4.7%, compute=94.9%, non_finite_skips(local)=0
[MEM] epoch=164 RAM(before/after)=1415.9/1415.9MB | GPU mem: gpu0 alloc=24.8MB resv=7092.0MB peak=5388.2MB
Epoch 164: train_loss=0.019063, val_loss=0.019201, lr=0.00030000

Epoch 165/200

train:   0%|          | 0/4 [00:00<?, ?it/s]
train:   0%|          | 0/4 [00:00<?, ?it/s, loss=0.0091]
train:  25%|██▌       | 1/4 [00:00<00:00,  6.41it/s, loss=0.0091]
train:  25%|██▌       | 1/4 [00:00<00:00,  6.41it/s, loss=0.0266]
train:  50%|█████     | 2/4 [00:00<00:00,  6.40it/s, loss=0.0266]
train:  50%|█████     | 2/4 [00:00<00:00,  6.40it/s, loss=0.0317]
train:  75%|███████▌  | 3/4 [00:00<00:00,  6.41it/s, loss=0.0317]
train:  75%|███████▌  | 3/4 [00:00<00:00,  6.41it/s, loss=0.0085]
train: 100%|██████████| 4/4 [00:00<00:00,  6.42it/s, loss=0.0085]
                                                                 
[PERF][train] samples(local/global)=8/8, batches(local/global)=4/4, samples/s(local/global)=12.8/12.8, ms/batch(local)=155.9, data_wait=1.8%, compute=98.1%, non_finite_skips(local)=0

val:   0%|          | 0/4 [00:00<?, ?it/s]
val:   0%|          | 0/4 [00:00<?, ?it/s, loss=0.0181]
val:   0%|          | 0/4 [00:00<?, ?it/s, loss=0.0151]
val:   0%|          | 0/4 [00:00<?, ?it/s, loss=0.0173]
val:  75%|███████▌  | 3/4 [00:00<00:00, 21.56it/s, loss=0.0173]
val:  75%|███████▌  | 3/4 [00:00<00:00, 21.56it/s, loss=0.0264]
                                                               
[PERF][val] samples(local/global)=8/8, batches(local/global)=4/4, samples/s(local/global)=43.1/43.1, ms/batch(local)=46.4, data_wait=4.2%, compute=95.4%, non_finite_skips(local)=0
[MEM] epoch=165 RAM(before/after)=1415.9/1415.9MB | GPU mem: gpu0 alloc=24.8MB resv=7092.0MB peak=5388.2MB
Epoch 165: train_loss=0.018987, val_loss=0.019208, lr=0.00030000

Epoch 166/200

train:   0%|          | 0/4 [00:00<?, ?it/s]
train:   0%|          | 0/4 [00:00<?, ?it/s, loss=0.0317]
train:  25%|██▌       | 1/4 [00:00<00:00,  6.43it/s, loss=0.0317]
train:  25%|██▌       | 1/4 [00:00<00:00,  6.43it/s, loss=0.0229]
train:  50%|█████     | 2/4 [00:00<00:00,  6.42it/s, loss=0.0229]
train:  50%|█████     | 2/4 [00:00<00:00,  6.42it/s, loss=0.0084]
train:  75%|███████▌  | 3/4 [00:00<00:00,  6.44it/s, loss=0.0084]
train:  75%|███████▌  | 3/4 [00:00<00:00,  6.44it/s, loss=0.0128]
train: 100%|██████████| 4/4 [00:00<00:00,  6.44it/s, loss=0.0128]
                                                                 
[PERF][train] samples(local/global)=8/8, batches(local/global)=4/4, samples/s(local/global)=12.9/12.9, ms/batch(local)=155.5, data_wait=1.7%, compute=98.2%, non_finite_skips(local)=0

val:   0%|          | 0/4 [00:00<?, ?it/s]
val:   0%|          | 0/4 [00:00<?, ?it/s, loss=0.0181]
val:   0%|          | 0/4 [00:00<?, ?it/s, loss=0.0151]
val:   0%|          | 0/4 [00:00<?, ?it/s, loss=0.0172]
val:  75%|███████▌  | 3/4 [00:00<00:00, 21.39it/s, loss=0.0172]
val:  75%|███████▌  | 3/4 [00:00<00:00, 21.39it/s, loss=0.0262]
                                                               
[PERF][val] samples(local/global)=8/8, batches(local/global)=4/4, samples/s(local/global)=42.7/42.7, ms/batch(local)=46.8, data_wait=5.3%, compute=94.7%, non_finite_skips(local)=0
[MEM] epoch=166 RAM(before/after)=1415.9/1424.7MB | GPU mem: gpu0 alloc=24.8MB resv=7092.0MB peak=5388.2MB
Epoch 166: train_loss=0.018950, val_loss=0.019130, lr=0.00030000
Updated best model: /home/nis/jinrui.yang/EaBNet_light/logs_cbam_flat_projection64/overfit8_lr3e4_20260924_161645/best/best_model.pt (val_loss=0.019130)

Epoch 167/200

train:   0%|          | 0/4 [00:00<?, ?it/s]
train:   0%|          | 0/4 [00:00<?, ?it/s, loss=0.0095]
train:  25%|██▌       | 1/4 [00:00<00:00,  6.45it/s, loss=0.0095]
train:  25%|██▌       | 1/4 [00:00<00:00,  6.45it/s, loss=0.0352]
train:  50%|█████     | 2/4 [00:00<00:00,  6.43it/s, loss=0.0352]
train:  50%|█████     | 2/4 [00:00<00:00,  6.43it/s, loss=0.0214]
train:  75%|███████▌  | 3/4 [00:00<00:00,  6.43it/s, loss=0.0214]
train:  75%|███████▌  | 3/4 [00:00<00:00,  6.43it/s, loss=0.0099]
train: 100%|██████████| 4/4 [00:00<00:00,  6.43it/s, loss=0.0099]
                                                                 
[PERF][train] samples(local/global)=8/8, batches(local/global)=4/4, samples/s(local/global)=12.9/12.9, ms/batch(local)=155.5, data_wait=1.7%, compute=98.3%, non_finite_skips(local)=0

val:   0%|          | 0/4 [00:00<?, ?it/s]
val:   0%|          | 0/4 [00:00<?, ?it/s, loss=0.0180]
val:   0%|          | 0/4 [00:00<?, ?it/s, loss=0.0151]
val:   0%|          | 0/4 [00:00<?, ?it/s, loss=0.0172]
val:  75%|███████▌  | 3/4 [00:00<00:00, 21.46it/s, loss=0.0172]
val:  75%|███████▌  | 3/4 [00:00<00:00, 21.46it/s, loss=0.0261]
                                                               
[PERF][val] samples(local/global)=8/8, batches(local/global)=4/4, samples/s(local/global)=42.9/42.9, ms/batch(local)=46.6, data_wait=4.9%, compute=95.1%, non_finite_skips(local)=0
[MEM] epoch=167 RAM(before/after)=1424.7/1424.7MB | GPU mem: gpu0 alloc=24.8MB resv=7092.0MB peak=5388.2MB
Epoch 167: train_loss=0.018989, val_loss=0.019123, lr=0.00030000
Updated best model: /home/nis/jinrui.yang/EaBNet_light/logs_cbam_flat_projection64/overfit8_lr3e4_20260924_161645/best/best_model.pt (val_loss=0.019123)

Epoch 168/200

train:   0%|          | 0/4 [00:00<?, ?it/s]
train:   0%|          | 0/4 [00:00<?, ?it/s, loss=0.0265]
train:  25%|██▌       | 1/4 [00:00<00:00,  6.46it/s, loss=0.0265]
train:  25%|██▌       | 1/4 [00:00<00:00,  6.46it/s, loss=0.0183]
train:  50%|█████     | 2/4 [00:00<00:00,  6.44it/s, loss=0.0183]
train:  50%|█████     | 2/4 [00:00<00:00,  6.44it/s, loss=0.0136]
train:  75%|███████▌  | 3/4 [00:00<00:00,  6.45it/s, loss=0.0136]
train:  75%|███████▌  | 3/4 [00:00<00:00,  6.45it/s, loss=0.0171]
train: 100%|██████████| 4/4 [00:00<00:00,  6.45it/s, loss=0.0171]
                                                                 
[PERF][train] samples(local/global)=8/8, batches(local/global)=4/4, samples/s(local/global)=12.9/12.9, ms/batch(local)=155.2, data_wait=1.6%, compute=98.3%, non_finite_skips(local)=0

val:   0%|          | 0/4 [00:00<?, ?it/s]
val:   0%|          | 0/4 [00:00<?, ?it/s, loss=0.0180]
val:   0%|          | 0/4 [00:00<?, ?it/s, loss=0.0151]
val:   0%|          | 0/4 [00:00<?, ?it/s, loss=0.0173]
val:  75%|███████▌  | 3/4 [00:00<00:00, 21.44it/s, loss=0.0173]
val:  75%|███████▌  | 3/4 [00:00<00:00, 21.44it/s, loss=0.0262]
                                                               
[PERF][val] samples(local/global)=8/8, batches(local/global)=4/4, samples/s(local/global)=42.6/42.6, ms/batch(local)=47.0, data_wait=5.4%, compute=94.4%, non_finite_skips(local)=0
[MEM] epoch=168 RAM(before/after)=1424.7/1417.1MB | GPU mem: gpu0 alloc=24.8MB resv=7092.0MB peak=5388.2MB
Epoch 168: train_loss=0.018881, val_loss=0.019123, lr=0.00030000
Updated best model: /home/nis/jinrui.yang/EaBNet_light/logs_cbam_flat_projection64/overfit8_lr3e4_20260924_161645/best/best_model.pt (val_loss=0.019123)

Epoch 169/200

train:   0%|          | 0/4 [00:00<?, ?it/s]
train:   0%|          | 0/4 [00:00<?, ?it/s, loss=0.0078]
train:  25%|██▌       | 1/4 [00:00<00:00,  6.43it/s, loss=0.0078]
train:  25%|██▌       | 1/4 [00:00<00:00,  6.43it/s, loss=0.0178]
train:  50%|█████     | 2/4 [00:00<00:00,  6.43it/s, loss=0.0178]
train:  50%|█████     | 2/4 [00:00<00:00,  6.43it/s, loss=0.0183]
train:  75%|███████▌  | 3/4 [00:00<00:00,  6.43it/s, loss=0.0183]
train:  75%|███████▌  | 3/4 [00:00<00:00,  6.43it/s, loss=0.0315]
train: 100%|██████████| 4/4 [00:00<00:00,  6.43it/s, loss=0.0315]
                                                                 
[PERF][train] samples(local/global)=8/8, batches(local/global)=4/4, samples/s(local/global)=12.9/12.9, ms/batch(local)=155.6, data_wait=1.7%, compute=98.2%, non_finite_skips(local)=0

val:   0%|          | 0/4 [00:00<?, ?it/s]
val:   0%|          | 0/4 [00:00<?, ?it/s, loss=0.0180]
val:   0%|          | 0/4 [00:00<?, ?it/s, loss=0.0150]
val:   0%|          | 0/4 [00:00<?, ?it/s, loss=0.0172]
val:  75%|███████▌  | 3/4 [00:00<00:00, 21.50it/s, loss=0.0172]
val:  75%|███████▌  | 3/4 [00:00<00:00, 21.50it/s, loss=0.0262]
                                                               
[PERF][val] samples(local/global)=8/8, batches(local/global)=4/4, samples/s(local/global)=42.6/42.6, ms/batch(local)=47.0, data_wait=5.5%, compute=94.2%, non_finite_skips(local)=0
[MEM] epoch=169 RAM(before/after)=1417.1/1417.1MB | GPU mem: gpu0 alloc=24.8MB resv=7092.0MB peak=5388.2MB
Epoch 169: train_loss=0.018848, val_loss=0.019104, lr=0.00030000
Updated best model: /home/nis/jinrui.yang/EaBNet_light/logs_cbam_flat_projection64/overfit8_lr3e4_20260924_161645/best/best_model.pt (val_loss=0.019104)

Epoch 170/200

train:   0%|          | 0/4 [00:00<?, ?it/s]
train:   0%|          | 0/4 [00:00<?, ?it/s, loss=0.0315]
train:  25%|██▌       | 1/4 [00:00<00:00,  6.43it/s, loss=0.0315]
train:  25%|██▌       | 1/4 [00:00<00:00,  6.43it/s, loss=0.0127]
train:  50%|█████     | 2/4 [00:00<00:00,  6.44it/s, loss=0.0127]
train:  50%|█████     | 2/4 [00:00<00:00,  6.44it/s, loss=0.0178]
train:  75%|███████▌  | 3/4 [00:00<00:00,  6.44it/s, loss=0.0178]
train:  75%|███████▌  | 3/4 [00:00<00:00,  6.44it/s, loss=0.0135]
train: 100%|██████████| 4/4 [00:00<00:00,  6.44it/s, loss=0.0135]
                                                                 
[PERF][train] samples(local/global)=8/8, batches(local/global)=4/4, samples/s(local/global)=12.9/12.9, ms/batch(local)=155.3, data_wait=1.7%, compute=98.2%, non_finite_skips(local)=0

val:   0%|          | 0/4 [00:00<?, ?it/s]
val:   0%|          | 0/4 [00:00<?, ?it/s, loss=0.0180]
val:   0%|          | 0/4 [00:00<?, ?it/s, loss=0.0150]
val:   0%|          | 0/4 [00:00<?, ?it/s, loss=0.0171]
val:  75%|███████▌  | 3/4 [00:00<00:00, 21.49it/s, loss=0.0171]
val:  75%|███████▌  | 3/4 [00:00<00:00, 21.49it/s, loss=0.0261]
                                                               
[PERF][val] samples(local/global)=8/8, batches(local/global)=4/4, samples/s(local/global)=42.9/42.9, ms/batch(local)=46.6, data_wait=4.5%, compute=95.2%, non_finite_skips(local)=0
[MEM] epoch=170 RAM(before/after)=1417.1/1415.9MB | GPU mem: gpu0 alloc=24.8MB resv=7092.0MB peak=5388.2MB
Epoch 170: train_loss=0.018877, val_loss=0.019067, lr=0.00030000
Updated best model: /home/nis/jinrui.yang/EaBNet_light/logs_cbam_flat_projection64/overfit8_lr3e4_20260924_161645/best/best_model.pt (val_loss=0.019067)

Epoch 171/200

train:   0%|          | 0/4 [00:00<?, ?it/s]
train:   0%|          | 0/4 [00:00<?, ?it/s, loss=0.0263]
train:  25%|██▌       | 1/4 [00:00<00:00,  6.43it/s, loss=0.0263]
train:  25%|██▌       | 1/4 [00:00<00:00,  6.43it/s, loss=0.0077]
train:  50%|█████     | 2/4 [00:00<00:00,  6.42it/s, loss=0.0077]
train:  50%|█████     | 2/4 [00:00<00:00,  6.42it/s, loss=0.0182]
train:  75%|███████▌  | 3/4 [00:00<00:00,  6.42it/s, loss=0.0182]
train:  75%|███████▌  | 3/4 [00:00<00:00,  6.42it/s, loss=0.0230]
train: 100%|██████████| 4/4 [00:00<00:00,  6.43it/s, loss=0.0230]
                                                                 
[PERF][train] samples(local/global)=8/8, batches(local/global)=4/4, samples/s(local/global)=12.8/12.8, ms/batch(local)=155.7, data_wait=1.8%, compute=98.1%, non_finite_skips(local)=0

val:   0%|          | 0/4 [00:00<?, ?it/s]
val:   0%|          | 0/4 [00:00<?, ?it/s, loss=0.0180]
val:   0%|          | 0/4 [00:00<?, ?it/s, loss=0.0150]
val:   0%|          | 0/4 [00:00<?, ?it/s, loss=0.0171]
val:  75%|███████▌  | 3/4 [00:00<00:00, 21.55it/s, loss=0.0171]
val:  75%|███████▌  | 3/4 [00:00<00:00, 21.55it/s, loss=0.0261]
                                                               
[PERF][val] samples(local/global)=8/8, batches(local/global)=4/4, samples/s(local/global)=43.0/43.0, ms/batch(local)=46.5, data_wait=4.4%, compute=95.4%, non_finite_skips(local)=0
[MEM] epoch=171 RAM(before/after)=1415.9/1415.9MB | GPU mem: gpu0 alloc=24.8MB resv=7092.0MB peak=5388.2MB
Epoch 171: train_loss=0.018820, val_loss=0.019043, lr=0.00030000
Updated best model: /home/nis/jinrui.yang/EaBNet_light/logs_cbam_flat_projection64/overfit8_lr3e4_20260924_161645/best/best_model.pt (val_loss=0.019043)

Epoch 172/200

train:   0%|          | 0/4 [00:00<?, ?it/s]
train:   0%|          | 0/4 [00:00<?, ?it/s, loss=0.0313]
train:  25%|██▌       | 1/4 [00:00<00:00,  6.43it/s, loss=0.0313]
train:  25%|██▌       | 1/4 [00:00<00:00,  6.43it/s, loss=0.0094]
train:  50%|█████     | 2/4 [00:00<00:00,  6.42it/s, loss=0.0094]
train:  50%|█████     | 2/4 [00:00<00:00,  6.42it/s, loss=0.0213]
train:  75%|███████▌  | 3/4 [00:00<00:00,  6.44it/s, loss=0.0213]
train:  75%|███████▌  | 3/4 [00:00<00:00,  6.44it/s, loss=0.0134]
train: 100%|██████████| 4/4 [00:00<00:00,  6.44it/s, loss=0.0134]
                                                                 
[PERF][train] samples(local/global)=8/8, batches(local/global)=4/4, samples/s(local/global)=12.9/12.9, ms/batch(local)=155.5, data_wait=1.7%, compute=98.2%, non_finite_skips(local)=0

val:   0%|          | 0/4 [00:00<?, ?it/s]
val:   0%|          | 0/4 [00:00<?, ?it/s, loss=0.0179]
val:   0%|          | 0/4 [00:00<?, ?it/s, loss=0.0150]
val:   0%|          | 0/4 [00:00<?, ?it/s, loss=0.0171]
val:  75%|███████▌  | 3/4 [00:00<00:00, 21.55it/s, loss=0.0171]
val:  75%|███████▌  | 3/4 [00:00<00:00, 21.55it/s, loss=0.0262]
                                                               
[PERF][val] samples(local/global)=8/8, batches(local/global)=4/4, samples/s(local/global)=43.1/43.1, ms/batch(local)=46.4, data_wait=4.4%, compute=95.3%, non_finite_skips(local)=0
[MEM] epoch=172 RAM(before/after)=1415.9/1415.9MB | GPU mem: gpu0 alloc=24.8MB resv=7092.0MB peak=5388.2MB
Epoch 172: train_loss=0.018856, val_loss=0.019052, lr=0.00030000

Epoch 173/200

train:   0%|          | 0/4 [00:00<?, ?it/s]
train:   0%|          | 0/4 [00:00<?, ?it/s, loss=0.0133]
train:  25%|██▌       | 1/4 [00:00<00:00,  6.44it/s, loss=0.0133]
train:  25%|██▌       | 1/4 [00:00<00:00,  6.44it/s, loss=0.0043]
train:  50%|█████     | 2/4 [00:00<00:00,  6.40it/s, loss=0.0043]
train:  50%|█████     | 2/4 [00:00<00:00,  6.40it/s, loss=0.0265]
train:  75%|███████▌  | 3/4 [00:00<00:00,  6.41it/s, loss=0.0265]
train:  75%|███████▌  | 3/4 [00:00<00:00,  6.41it/s, loss=0.0314]
train: 100%|██████████| 4/4 [00:00<00:00,  6.42it/s, loss=0.0314]
                                                                 
[PERF][train] samples(local/global)=8/8, batches(local/global)=4/4, samples/s(local/global)=12.8/12.8, ms/batch(local)=156.0, data_wait=1.8%, compute=98.1%, non_finite_skips(local)=0

val:   0%|          | 0/4 [00:00<?, ?it/s]
val:   0%|          | 0/4 [00:00<?, ?it/s, loss=0.0179]
val:   0%|          | 0/4 [00:00<?, ?it/s, loss=0.0149]
val:   0%|          | 0/4 [00:00<?, ?it/s, loss=0.0171]
val:  75%|███████▌  | 3/4 [00:00<00:00, 21.48it/s, loss=0.0171]
val:  75%|███████▌  | 3/4 [00:00<00:00, 21.48it/s, loss=0.0261]
                                                               
[PERF][val] samples(local/global)=8/8, batches(local/global)=4/4, samples/s(local/global)=43.0/43.0, ms/batch(local)=46.5, data_wait=4.6%, compute=95.3%, non_finite_skips(local)=0
[MEM] epoch=173 RAM(before/after)=1415.9/1424.7MB | GPU mem: gpu0 alloc=24.8MB resv=7092.0MB peak=5388.2MB
Epoch 173: train_loss=0.018873, val_loss=0.019014, lr=0.00030000
Updated best model: /home/nis/jinrui.yang/EaBNet_light/logs_cbam_flat_projection64/overfit8_lr3e4_20260924_161645/best/best_model.pt (val_loss=0.019014)

Epoch 174/200

train:   0%|          | 0/4 [00:00<?, ?it/s]
train:   0%|          | 0/4 [00:00<?, ?it/s, loss=0.0256]
train:  25%|██▌       | 1/4 [00:00<00:00,  6.41it/s, loss=0.0256]
train:  25%|██▌       | 1/4 [00:00<00:00,  6.41it/s, loss=0.0213]
train:  50%|█████     | 2/4 [00:00<00:00,  6.41it/s, loss=0.0213]
train:  50%|█████     | 2/4 [00:00<00:00,  6.41it/s, loss=0.0185]
train:  75%|███████▌  | 3/4 [00:00<00:00,  6.43it/s, loss=0.0185]
train:  75%|███████▌  | 3/4 [00:00<00:00,  6.43it/s, loss=0.0098]
train: 100%|██████████| 4/4 [00:00<00:00,  6.44it/s, loss=0.0098]
                                                                 
[PERF][train] samples(local/global)=8/8, batches(local/global)=4/4, samples/s(local/global)=12.9/12.9, ms/batch(local)=155.6, data_wait=1.5%, compute=98.3%, non_finite_skips(local)=0

val:   0%|          | 0/4 [00:00<?, ?it/s]
val:   0%|          | 0/4 [00:00<?, ?it/s, loss=0.0180]
val:   0%|          | 0/4 [00:00<?, ?it/s, loss=0.0149]
val:   0%|          | 0/4 [00:00<?, ?it/s, loss=0.0171]
val:  75%|███████▌  | 3/4 [00:00<00:00, 21.48it/s, loss=0.0171]
val:  75%|███████▌  | 3/4 [00:00<00:00, 21.48it/s, loss=0.0262]
                                                               
[PERF][val] samples(local/global)=8/8, batches(local/global)=4/4, samples/s(local/global)=42.9/42.9, ms/batch(local)=46.6, data_wait=4.9%, compute=95.0%, non_finite_skips(local)=0
[MEM] epoch=174 RAM(before/after)=1424.7/1425.9MB | GPU mem: gpu0 alloc=24.8MB resv=7092.0MB peak=5388.2MB
Epoch 174: train_loss=0.018794, val_loss=0.019031, lr=0.00030000

Epoch 175/200

train:   0%|          | 0/4 [00:00<?, ?it/s]
train:   0%|          | 0/4 [00:00<?, ?it/s, loss=0.0313]
train:  25%|██▌       | 1/4 [00:00<00:00,  6.48it/s, loss=0.0313]
train:  25%|██▌       | 1/4 [00:00<00:00,  6.48it/s, loss=0.0126]
train:  50%|█████     | 2/4 [00:00<00:00,  6.45it/s, loss=0.0126]
train:  50%|█████     | 2/4 [00:00<00:00,  6.45it/s, loss=0.0132]
train:  75%|███████▌  | 3/4 [00:00<00:00,  6.44it/s, loss=0.0132]
train:  75%|███████▌  | 3/4 [00:00<00:00,  6.44it/s, loss=0.0178]
train: 100%|██████████| 4/4 [00:00<00:00,  6.44it/s, loss=0.0178]
                                                                 
[PERF][train] samples(local/global)=8/8, batches(local/global)=4/4, samples/s(local/global)=12.9/12.9, ms/batch(local)=155.2, data_wait=1.6%, compute=98.3%, non_finite_skips(local)=0

val:   0%|          | 0/4 [00:00<?, ?it/s]
val:   0%|          | 0/4 [00:00<?, ?it/s, loss=0.0180]
val:   0%|          | 0/4 [00:00<?, ?it/s, loss=0.0149]
val:   0%|          | 0/4 [00:00<?, ?it/s, loss=0.0171]
val:  75%|███████▌  | 3/4 [00:00<00:00, 21.59it/s, loss=0.0171]
val:  75%|███████▌  | 3/4 [00:00<00:00, 21.59it/s, loss=0.0261]
                                                               
[PERF][val] samples(local/global)=8/8, batches(local/global)=4/4, samples/s(local/global)=43.2/43.2, ms/batch(local)=46.3, data_wait=4.4%, compute=95.5%, non_finite_skips(local)=0
[MEM] epoch=175 RAM(before/after)=1425.9/1425.9MB | GPU mem: gpu0 alloc=24.8MB resv=7092.0MB peak=5388.2MB
Epoch 175: train_loss=0.018730, val_loss=0.019016, lr=0.00030000

Epoch 176/200

train:   0%|          | 0/4 [00:00<?, ?it/s]
train:   0%|          | 0/4 [00:00<?, ?it/s, loss=0.0212]
train:  25%|██▌       | 1/4 [00:00<00:00,  6.44it/s, loss=0.0212]
train:  25%|██▌       | 1/4 [00:00<00:00,  6.44it/s, loss=0.0312]
train:  50%|█████     | 2/4 [00:00<00:00,  6.45it/s, loss=0.0312]
train:  50%|█████     | 2/4 [00:00<00:00,  6.45it/s, loss=0.0126]
train:  75%|███████▌  | 3/4 [00:00<00:00,  6.44it/s, loss=0.0126]
train:  75%|███████▌  | 3/4 [00:00<00:00,  6.44it/s, loss=0.0098]
train: 100%|██████████| 4/4 [00:00<00:00,  6.44it/s, loss=0.0098]
                                                                 
[PERF][train] samples(local/global)=8/8, batches(local/global)=4/4, samples/s(local/global)=12.9/12.9, ms/batch(local)=155.3, data_wait=1.7%, compute=98.3%, non_finite_skips(local)=0

val:   0%|          | 0/4 [00:00<?, ?it/s]
val:   0%|          | 0/4 [00:00<?, ?it/s, loss=0.0179]
val:   0%|          | 0/4 [00:00<?, ?it/s, loss=0.0149]
val:   0%|          | 0/4 [00:00<?, ?it/s, loss=0.0171]
val:  75%|███████▌  | 3/4 [00:00<00:00, 21.52it/s, loss=0.0171]
val:  75%|███████▌  | 3/4 [00:00<00:00, 21.52it/s, loss=0.0260]
                                                               
[PERF][val] samples(local/global)=8/8, batches(local/global)=4/4, samples/s(local/global)=43.0/43.0, ms/batch(local)=46.5, data_wait=4.7%, compute=95.3%, non_finite_skips(local)=0
[MEM] epoch=176 RAM(before/after)=1425.9/1424.7MB | GPU mem: gpu0 alloc=24.8MB resv=7092.0MB peak=5388.2MB
Epoch 176: train_loss=0.018692, val_loss=0.018992, lr=0.00030000
Updated best model: /home/nis/jinrui.yang/EaBNet_light/logs_cbam_flat_projection64/overfit8_lr3e4_20260924_161645/best/best_model.pt (val_loss=0.018992)

Epoch 177/200

train:   0%|          | 0/4 [00:00<?, ?it/s]
train:   0%|          | 0/4 [00:00<?, ?it/s, loss=0.0312]
train:  25%|██▌       | 1/4 [00:00<00:00,  6.32it/s, loss=0.0312]
train:  25%|██▌       | 1/4 [00:00<00:00,  6.32it/s, loss=0.0228]
train:  50%|█████     | 2/4 [00:00<00:00,  6.38it/s, loss=0.0228]
train:  50%|█████     | 2/4 [00:00<00:00,  6.38it/s, loss=0.0077]
train:  75%|███████▌  | 3/4 [00:00<00:00,  6.39it/s, loss=0.0077]
train:  75%|███████▌  | 3/4 [00:00<00:00,  6.39it/s, loss=0.0133]
train: 100%|██████████| 4/4 [00:00<00:00,  6.41it/s, loss=0.0133]
                                                                 
[PERF][train] samples(local/global)=8/8, batches(local/global)=4/4, samples/s(local/global)=12.8/12.8, ms/batch(local)=156.4, data_wait=1.9%, compute=98.0%, non_finite_skips(local)=0

val:   0%|          | 0/4 [00:00<?, ?it/s]
val:   0%|          | 0/4 [00:00<?, ?it/s, loss=0.0180]
val:   0%|          | 0/4 [00:00<?, ?it/s, loss=0.0149]
val:   0%|          | 0/4 [00:00<?, ?it/s, loss=0.0170]
val:  75%|███████▌  | 3/4 [00:00<00:00, 21.53it/s, loss=0.0170]
val:  75%|███████▌  | 3/4 [00:00<00:00, 21.53it/s, loss=0.0260]
                                                               
[PERF][val] samples(local/global)=8/8, batches(local/global)=4/4, samples/s(local/global)=43.0/43.0, ms/batch(local)=46.5, data_wait=4.7%, compute=95.2%, non_finite_skips(local)=0
[MEM] epoch=177 RAM(before/after)=1424.7/1424.7MB | GPU mem: gpu0 alloc=24.8MB resv=7092.0MB peak=5388.2MB
Epoch 177: train_loss=0.018742, val_loss=0.018959, lr=0.00030000
Updated best model: /home/nis/jinrui.yang/EaBNet_light/logs_cbam_flat_projection64/overfit8_lr3e4_20260924_161645/best/best_model.pt (val_loss=0.018959)

Epoch 178/200

train:   0%|          | 0/4 [00:00<?, ?it/s]
train:   0%|          | 0/4 [00:00<?, ?it/s, loss=0.0263]
train:  25%|██▌       | 1/4 [00:00<00:00,  6.33it/s, loss=0.0263]
train:  25%|██▌       | 1/4 [00:00<00:00,  6.33it/s, loss=0.0043]
train:  50%|█████     | 2/4 [00:00<00:00,  6.39it/s, loss=0.0043]
train:  50%|█████     | 2/4 [00:00<00:00,  6.39it/s, loss=0.0132]
train:  75%|███████▌  | 3/4 [00:00<00:00,  6.42it/s, loss=0.0132]
train:  75%|███████▌  | 3/4 [00:00<00:00,  6.42it/s, loss=0.0312]
train: 100%|██████████| 4/4 [00:00<00:00,  6.42it/s, loss=0.0312]
                                                                 
[PERF][train] samples(local/global)=8/8, batches(local/global)=4/4, samples/s(local/global)=12.8/12.8, ms/batch(local)=156.2, data_wait=1.9%, compute=98.0%, non_finite_skips(local)=0

val:   0%|          | 0/4 [00:00<?, ?it/s]
val:   0%|          | 0/4 [00:00<?, ?it/s, loss=0.0180]
val:   0%|          | 0/4 [00:00<?, ?it/s, loss=0.0149]
val:   0%|          | 0/4 [00:00<?, ?it/s, loss=0.0171]
val:  75%|███████▌  | 3/4 [00:00<00:00, 21.27it/s, loss=0.0171]
val:  75%|███████▌  | 3/4 [00:00<00:00, 21.27it/s, loss=0.0260]
                                                               
[PERF][val] samples(local/global)=8/8, batches(local/global)=4/4, samples/s(local/global)=42.5/42.5, ms/batch(local)=47.0, data_wait=5.4%, compute=94.6%, non_finite_skips(local)=0
[MEM] epoch=178 RAM(before/after)=1424.7/1424.7MB | GPU mem: gpu0 alloc=24.8MB resv=7092.0MB peak=5388.2MB
Epoch 178: train_loss=0.018738, val_loss=0.018997, lr=0.00030000

Epoch 179/200

train:   0%|          | 0/4 [00:00<?, ?it/s]
train:   0%|          | 0/4 [00:00<?, ?it/s, loss=0.0125]
train:  25%|██▌       | 1/4 [00:00<00:00,  6.34it/s, loss=0.0125]
train:  25%|██▌       | 1/4 [00:00<00:00,  6.34it/s, loss=0.0310]
train:  50%|█████     | 2/4 [00:00<00:00,  6.39it/s, loss=0.0310]
train:  50%|█████     | 2/4 [00:00<00:00,  6.39it/s, loss=0.0212]
train:  75%|███████▌  | 3/4 [00:00<00:00,  6.41it/s, loss=0.0212]
train:  75%|███████▌  | 3/4 [00:00<00:00,  6.41it/s, loss=0.0101]
train: 100%|██████████| 4/4 [00:00<00:00,  6.42it/s, loss=0.0101]
                                                                 
[PERF][train] samples(local/global)=8/8, batches(local/global)=4/4, samples/s(local/global)=12.8/12.8, ms/batch(local)=156.1, data_wait=2.0%, compute=97.9%, non_finite_skips(local)=0

val:   0%|          | 0/4 [00:00<?, ?it/s]
val:   0%|          | 0/4 [00:00<?, ?it/s, loss=0.0180]
val:   0%|          | 0/4 [00:00<?, ?it/s, loss=0.0148]
val:   0%|          | 0/4 [00:00<?, ?it/s, loss=0.0170]
val:  75%|███████▌  | 3/4 [00:00<00:00, 21.47it/s, loss=0.0170]
val:  75%|███████▌  | 3/4 [00:00<00:00, 21.47it/s, loss=0.0260]
                                                               
[PERF][val] samples(local/global)=8/8, batches(local/global)=4/4, samples/s(local/global)=42.9/42.9, ms/batch(local)=46.6, data_wait=5.1%, compute=94.8%, non_finite_skips(local)=0
[MEM] epoch=179 RAM(before/after)=1424.7/1424.7MB | GPU mem: gpu0 alloc=24.8MB resv=7092.0MB peak=5388.2MB
Epoch 179: train_loss=0.018709, val_loss=0.018951, lr=0.00030000
Updated best model: /home/nis/jinrui.yang/EaBNet_light/logs_cbam_flat_projection64/overfit8_lr3e4_20260924_161645/best/best_model.pt (val_loss=0.018951)

Epoch 180/200

train:   0%|          | 0/4 [00:00<?, ?it/s]
train:   0%|          | 0/4 [00:00<?, ?it/s, loss=0.0254]
train:  25%|██▌       | 1/4 [00:00<00:00,  6.49it/s, loss=0.0254]
train:  25%|██▌       | 1/4 [00:00<00:00,  6.49it/s, loss=0.0097]
train:  50%|█████     | 2/4 [00:00<00:00,  6.44it/s, loss=0.0097]
train:  50%|█████     | 2/4 [00:00<00:00,  6.44it/s, loss=0.0134]
train:  75%|███████▌  | 3/4 [00:00<00:00,  6.42it/s, loss=0.0134]
train:  75%|███████▌  | 3/4 [00:00<00:00,  6.42it/s, loss=0.0262]
train: 100%|██████████| 4/4 [00:00<00:00,  6.43it/s, loss=0.0262]
                                                                 
[PERF][train] samples(local/global)=8/8, batches(local/global)=4/4, samples/s(local/global)=12.9/12.9, ms/batch(local)=155.5, data_wait=1.8%, compute=98.1%, non_finite_skips(local)=0

val:   0%|          | 0/4 [00:00<?, ?it/s]
val:   0%|          | 0/4 [00:00<?, ?it/s, loss=0.0179]
val:   0%|          | 0/4 [00:00<?, ?it/s, loss=0.0148]
val:   0%|          | 0/4 [00:00<?, ?it/s, loss=0.0171]
val:  75%|███████▌  | 3/4 [00:00<00:00, 21.50it/s, loss=0.0171]
val:  75%|███████▌  | 3/4 [00:00<00:00, 21.50it/s, loss=0.0259]
                                                               
[PERF][val] samples(local/global)=8/8, batches(local/global)=4/4, samples/s(local/global)=42.8/42.8, ms/batch(local)=46.7, data_wait=4.6%, compute=95.1%, non_finite_skips(local)=0
[MEM] epoch=180 RAM(before/after)=1424.7/1415.9MB | GPU mem: gpu0 alloc=24.8MB resv=7092.0MB peak=5388.2MB
Epoch 180: train_loss=0.018693, val_loss=0.018922, lr=0.00030000
Updated best model: /home/nis/jinrui.yang/EaBNet_light/logs_cbam_flat_projection64/overfit8_lr3e4_20260924_161645/best/best_model.pt (val_loss=0.018922)

Epoch 181/200

train:   0%|          | 0/4 [00:00<?, ?it/s]
train:   0%|          | 0/4 [00:00<?, ?it/s, loss=0.0083]
train:  25%|██▌       | 1/4 [00:00<00:00,  6.34it/s, loss=0.0083]
train:  25%|██▌       | 1/4 [00:00<00:00,  6.34it/s, loss=0.0171]
train:  50%|█████     | 2/4 [00:00<00:00,  6.39it/s, loss=0.0171]
train:  50%|█████     | 2/4 [00:00<00:00,  6.39it/s, loss=0.0148]
train:  75%|███████▌  | 3/4 [00:00<00:00,  6.41it/s, loss=0.0148]
train:  75%|███████▌  | 3/4 [00:00<00:00,  6.41it/s, loss=0.0349]
train: 100%|██████████| 4/4 [00:00<00:00,  6.42it/s, loss=0.0349]
                                                                 
[PERF][train] samples(local/global)=8/8, batches(local/global)=4/4, samples/s(local/global)=12.8/12.8, ms/batch(local)=156.2, data_wait=2.0%, compute=97.8%, non_finite_skips(local)=0

val:   0%|          | 0/4 [00:00<?, ?it/s]
val:   0%|          | 0/4 [00:00<?, ?it/s, loss=0.0179]
val:   0%|          | 0/4 [00:00<?, ?it/s, loss=0.0148]
val:   0%|          | 0/4 [00:00<?, ?it/s, loss=0.0170]
val:  75%|███████▌  | 3/4 [00:00<00:00, 21.38it/s, loss=0.0170]
val:  75%|███████▌  | 3/4 [00:00<00:00, 21.38it/s, loss=0.0259]
                                                               
[PERF][val] samples(local/global)=8/8, batches(local/global)=4/4, samples/s(local/global)=42.8/42.8, ms/batch(local)=46.8, data_wait=5.0%, compute=94.7%, non_finite_skips(local)=0
[MEM] epoch=181 RAM(before/after)=1415.9/1415.9MB | GPU mem: gpu0 alloc=24.8MB resv=7092.0MB peak=5388.2MB
Epoch 181: train_loss=0.018761, val_loss=0.018891, lr=0.00030000
Updated best model: /home/nis/jinrui.yang/EaBNet_light/logs_cbam_flat_projection64/overfit8_lr3e4_20260924_161645/best/best_model.pt (val_loss=0.018891)

Epoch 182/200

train:   0%|          | 0/4 [00:00<?, ?it/s]
train:   0%|          | 0/4 [00:00<?, ?it/s, loss=0.0180]
train:  25%|██▌       | 1/4 [00:00<00:00,  6.35it/s, loss=0.0180]
train:  25%|██▌       | 1/4 [00:00<00:00,  6.35it/s, loss=0.0170]
train:  50%|█████     | 2/4 [00:00<00:00,  6.36it/s, loss=0.0170]
train:  50%|█████     | 2/4 [00:00<00:00,  6.36it/s, loss=0.0083]
train:  75%|███████▌  | 3/4 [00:00<00:00,  6.40it/s, loss=0.0083]
train:  75%|███████▌  | 3/4 [00:00<00:00,  6.40it/s, loss=0.0311]
train: 100%|██████████| 4/4 [00:00<00:00,  6.41it/s, loss=0.0311]
                                                                 
[PERF][train] samples(local/global)=8/8, batches(local/global)=4/4, samples/s(local/global)=12.8/12.8, ms/batch(local)=156.4, data_wait=1.9%, compute=97.9%, non_finite_skips(local)=0

val:   0%|          | 0/4 [00:00<?, ?it/s]
val:   0%|          | 0/4 [00:00<?, ?it/s, loss=0.0179]
val:   0%|          | 0/4 [00:00<?, ?it/s, loss=0.0148]
val:   0%|          | 0/4 [00:00<?, ?it/s, loss=0.0170]
val:  75%|███████▌  | 3/4 [00:00<00:00, 21.30it/s, loss=0.0170]
val:  75%|███████▌  | 3/4 [00:00<00:00, 21.30it/s, loss=0.0258]
                                                               
[PERF][val] samples(local/global)=8/8, batches(local/global)=4/4, samples/s(local/global)=42.6/42.6, ms/batch(local)=47.0, data_wait=5.1%, compute=94.6%, non_finite_skips(local)=0
[MEM] epoch=182 RAM(before/after)=1415.9/1415.9MB | GPU mem: gpu0 alloc=24.8MB resv=7092.0MB peak=5388.2MB
Epoch 182: train_loss=0.018611, val_loss=0.018883, lr=0.00030000
Updated best model: /home/nis/jinrui.yang/EaBNet_light/logs_cbam_flat_projection64/overfit8_lr3e4_20260924_161645/best/best_model.pt (val_loss=0.018883)

Epoch 183/200

train:   0%|          | 0/4 [00:00<?, ?it/s]
train:   0%|          | 0/4 [00:00<?, ?it/s, loss=0.0100]
train:  25%|██▌       | 1/4 [00:00<00:00,  6.42it/s, loss=0.0100]
train:  25%|██▌       | 1/4 [00:00<00:00,  6.42it/s, loss=0.0076]
train:  50%|█████     | 2/4 [00:00<00:00,  6.42it/s, loss=0.0076]
train:  50%|█████     | 2/4 [00:00<00:00,  6.42it/s, loss=0.0309]
train:  75%|███████▌  | 3/4 [00:00<00:00,  6.42it/s, loss=0.0309]
train:  75%|███████▌  | 3/4 [00:00<00:00,  6.42it/s, loss=0.0262]
train: 100%|██████████| 4/4 [00:00<00:00,  6.40it/s, loss=0.0262]
                                                                 
[PERF][train] samples(local/global)=8/8, batches(local/global)=4/4, samples/s(local/global)=12.8/12.8, ms/batch(local)=156.2, data_wait=2.0%, compute=97.9%, non_finite_skips(local)=0

val:   0%|          | 0/4 [00:00<?, ?it/s]
val:   0%|          | 0/4 [00:00<?, ?it/s, loss=0.0179]
val:   0%|          | 0/4 [00:00<?, ?it/s, loss=0.0148]
val:   0%|          | 0/4 [00:00<?, ?it/s, loss=0.0170]
val:  75%|███████▌  | 3/4 [00:00<00:00, 21.44it/s, loss=0.0170]
val:  75%|███████▌  | 3/4 [00:00<00:00, 21.44it/s, loss=0.0259]
                                                               
[PERF][val] samples(local/global)=8/8, batches(local/global)=4/4, samples/s(local/global)=42.5/42.5, ms/batch(local)=47.0, data_wait=5.7%, compute=94.1%, non_finite_skips(local)=0
[MEM] epoch=183 RAM(before/after)=1415.9/1415.9MB | GPU mem: gpu0 alloc=24.8MB resv=7092.0MB peak=5388.2MB
Epoch 183: train_loss=0.018687, val_loss=0.018884, lr=0.00030000

Epoch 184/200

train:   0%|          | 0/4 [00:00<?, ?it/s]
train:   0%|          | 0/4 [00:00<?, ?it/s, loss=0.0125]
train:  25%|██▌       | 1/4 [00:00<00:00,  6.43it/s, loss=0.0125]
train:  25%|██▌       | 1/4 [00:00<00:00,  6.43it/s, loss=0.0228]
train:  50%|█████     | 2/4 [00:00<00:00,  6.42it/s, loss=0.0228]
train:  50%|█████     | 2/4 [00:00<00:00,  6.42it/s, loss=0.0308]
train:  75%|███████▌  | 3/4 [00:00<00:00,  6.43it/s, loss=0.0308]
train:  75%|███████▌  | 3/4 [00:00<00:00,  6.43it/s, loss=0.0083]
train: 100%|██████████| 4/4 [00:00<00:00,  6.41it/s, loss=0.0083]
                                                                 
[PERF][train] samples(local/global)=8/8, batches(local/global)=4/4, samples/s(local/global)=12.8/12.8, ms/batch(local)=156.0, data_wait=2.0%, compute=97.8%, non_finite_skips(local)=0

val:   0%|          | 0/4 [00:00<?, ?it/s]
val:   0%|          | 0/4 [00:00<?, ?it/s, loss=0.0179]
val:   0%|          | 0/4 [00:00<?, ?it/s, loss=0.0147]
val:   0%|          | 0/4 [00:00<?, ?it/s, loss=0.0169]
val:  75%|███████▌  | 3/4 [00:00<00:00, 21.34it/s, loss=0.0169]
val:  75%|███████▌  | 3/4 [00:00<00:00, 21.34it/s, loss=0.0258]
                                                               
[PERF][val] samples(local/global)=8/8, batches(local/global)=4/4, samples/s(local/global)=42.3/42.3, ms/batch(local)=47.3, data_wait=6.1%, compute=93.6%, non_finite_skips(local)=0
[MEM] epoch=184 RAM(before/after)=1415.9/1415.9MB | GPU mem: gpu0 alloc=24.8MB resv=7092.0MB peak=5388.2MB
Epoch 184: train_loss=0.018594, val_loss=0.018846, lr=0.00030000
Updated best model: /home/nis/jinrui.yang/EaBNet_light/logs_cbam_flat_projection64/overfit8_lr3e4_20260924_161645/best/best_model.pt (val_loss=0.018846)

Epoch 185/200

train:   0%|          | 0/4 [00:00<?, ?it/s]
train:   0%|          | 0/4 [00:00<?, ?it/s, loss=0.0179]
train:  25%|██▌       | 1/4 [00:00<00:00,  6.31it/s, loss=0.0179]
train:  25%|██▌       | 1/4 [00:00<00:00,  6.31it/s, loss=0.0170]
train:  50%|█████     | 2/4 [00:00<00:00,  6.34it/s, loss=0.0170]
train:  50%|█████     | 2/4 [00:00<00:00,  6.34it/s, loss=0.0083]
train:  75%|███████▌  | 3/4 [00:00<00:00,  6.38it/s, loss=0.0083]
train:  75%|███████▌  | 3/4 [00:00<00:00,  6.38it/s, loss=0.0310]
train: 100%|██████████| 4/4 [00:00<00:00,  6.40it/s, loss=0.0310]
                                                                 
[PERF][train] samples(local/global)=8/8, batches(local/global)=4/4, samples/s(local/global)=12.8/12.8, ms/batch(local)=156.7, data_wait=2.3%, compute=97.6%, non_finite_skips(local)=0

val:   0%|          | 0/4 [00:00<?, ?it/s]
val:   0%|          | 0/4 [00:00<?, ?it/s, loss=0.0179]
val:   0%|          | 0/4 [00:00<?, ?it/s, loss=0.0147]
val:   0%|          | 0/4 [00:00<?, ?it/s, loss=0.0170]
val:  75%|███████▌  | 3/4 [00:00<00:00, 21.53it/s, loss=0.0170]
val:  75%|███████▌  | 3/4 [00:00<00:00, 21.53it/s, loss=0.0257]
                                                               
[PERF][val] samples(local/global)=8/8, batches(local/global)=4/4, samples/s(local/global)=42.9/42.9, ms/batch(local)=46.7, data_wait=5.1%, compute=94.8%, non_finite_skips(local)=0
[MEM] epoch=185 RAM(before/after)=1415.9/1424.7MB | GPU mem: gpu0 alloc=24.8MB resv=7092.0MB peak=5388.2MB
Epoch 185: train_loss=0.018547, val_loss=0.018819, lr=0.00030000
Updated best model: /home/nis/jinrui.yang/EaBNet_light/logs_cbam_flat_projection64/overfit8_lr3e4_20260924_161645/best/best_model.pt (val_loss=0.018819)

Epoch 186/200

train:   0%|          | 0/4 [00:00<?, ?it/s]
train:   0%|          | 0/4 [00:00<?, ?it/s, loss=0.0167]
train:  25%|██▌       | 1/4 [00:00<00:00,  6.44it/s, loss=0.0167]
train:  25%|██▌       | 1/4 [00:00<00:00,  6.44it/s, loss=0.0043]
train:  50%|█████     | 2/4 [00:00<00:00,  6.43it/s, loss=0.0043]
train:  50%|█████     | 2/4 [00:00<00:00,  6.43it/s, loss=0.0393]
train:  75%|███████▌  | 3/4 [00:00<00:00,  6.44it/s, loss=0.0393]
train:  75%|███████▌  | 3/4 [00:00<00:00,  6.44it/s, loss=0.0147]
train: 100%|██████████| 4/4 [00:00<00:00,  6.44it/s, loss=0.0147]
                                                                 
[PERF][train] samples(local/global)=8/8, batches(local/global)=4/4, samples/s(local/global)=12.9/12.9, ms/batch(local)=155.5, data_wait=1.6%, compute=98.3%, non_finite_skips(local)=0

val:   0%|          | 0/4 [00:00<?, ?it/s]
val:   0%|          | 0/4 [00:00<?, ?it/s, loss=0.0179]
val:   0%|          | 0/4 [00:00<?, ?it/s, loss=0.0147]
val:   0%|          | 0/4 [00:00<?, ?it/s, loss=0.0170]
val:  75%|███████▌  | 3/4 [00:00<00:00, 21.35it/s, loss=0.0170]
val:  75%|███████▌  | 3/4 [00:00<00:00, 21.35it/s, loss=0.0258]
                                                               
[PERF][val] samples(local/global)=8/8, batches(local/global)=4/4, samples/s(local/global)=42.7/42.7, ms/batch(local)=46.8, data_wait=5.1%, compute=94.5%, non_finite_skips(local)=0
[MEM] epoch=186 RAM(before/after)=1424.7/1417.7MB | GPU mem: gpu0 alloc=24.8MB resv=7092.0MB peak=5388.2MB
Epoch 186: train_loss=0.018742, val_loss=0.018828, lr=0.00030000

Epoch 187/200

train:   0%|          | 0/4 [00:00<?, ?it/s]
train:   0%|          | 0/4 [00:00<?, ?it/s, loss=0.0090]
train:  25%|██▌       | 1/4 [00:00<00:00,  6.33it/s, loss=0.0090]
train:  25%|██▌       | 1/4 [00:00<00:00,  6.33it/s, loss=0.0166]
train:  50%|█████     | 2/4 [00:00<00:00,  6.39it/s, loss=0.0166]
train:  50%|█████     | 2/4 [00:00<00:00,  6.39it/s, loss=0.0100]
train:  75%|███████▌  | 3/4 [00:00<00:00,  6.41it/s, loss=0.0100]
train:  75%|███████▌  | 3/4 [00:00<00:00,  6.41it/s, loss=0.0392]
train: 100%|██████████| 4/4 [00:00<00:00,  6.40it/s, loss=0.0392]
                                                                 
[PERF][train] samples(local/global)=8/8, batches(local/global)=4/4, samples/s(local/global)=12.8/12.8, ms/batch(local)=156.6, data_wait=2.4%, compute=97.5%, non_finite_skips(local)=0

val:   0%|          | 0/4 [00:00<?, ?it/s]
val:   0%|          | 0/4 [00:00<?, ?it/s, loss=0.0179]
val:   0%|          | 0/4 [00:00<?, ?it/s, loss=0.0147]
val:   0%|          | 0/4 [00:00<?, ?it/s, loss=0.0170]
val:  75%|███████▌  | 3/4 [00:00<00:00, 21.44it/s, loss=0.0170]
val:  75%|███████▌  | 3/4 [00:00<00:00, 21.44it/s, loss=0.0258]
                                                               
[PERF][val] samples(local/global)=8/8, batches(local/global)=4/4, samples/s(local/global)=42.8/42.8, ms/batch(local)=46.8, data_wait=5.0%, compute=94.7%, non_finite_skips(local)=0
[MEM] epoch=187 RAM(before/after)=1417.7/1417.7MB | GPU mem: gpu0 alloc=24.8MB resv=7092.0MB peak=5388.2MB
Epoch 187: train_loss=0.018689, val_loss=0.018841, lr=0.00030000

Epoch 188/200

train:   0%|          | 0/4 [00:00<?, ?it/s]
train:   0%|          | 0/4 [00:00<?, ?it/s, loss=0.0130]
train:  25%|██▌       | 1/4 [00:00<00:00,  6.45it/s, loss=0.0130]
train:  25%|██▌       | 1/4 [00:00<00:00,  6.45it/s, loss=0.0227]
train:  50%|█████     | 2/4 [00:00<00:00,  6.43it/s, loss=0.0227]
train:  50%|█████     | 2/4 [00:00<00:00,  6.43it/s, loss=0.0253]
train:  75%|███████▌  | 3/4 [00:00<00:00,  6.43it/s, loss=0.0253]
train:  75%|███████▌  | 3/4 [00:00<00:00,  6.43it/s, loss=0.0132]
train: 100%|██████████| 4/4 [00:00<00:00,  6.41it/s, loss=0.0132]
                                                                 
[PERF][train] samples(local/global)=8/8, batches(local/global)=4/4, samples/s(local/global)=12.8/12.8, ms/batch(local)=155.9, data_wait=2.0%, compute=97.9%, non_finite_skips(local)=0

val:   0%|          | 0/4 [00:00<?, ?it/s]
val:   0%|          | 0/4 [00:00<?, ?it/s, loss=0.0179]
val:   0%|          | 0/4 [00:00<?, ?it/s, loss=0.0147]
val:   0%|          | 0/4 [00:00<?, ?it/s, loss=0.0170]
val:  75%|███████▌  | 3/4 [00:00<00:00, 21.44it/s, loss=0.0170]
val:  75%|███████▌  | 3/4 [00:00<00:00, 21.44it/s, loss=0.0259]
                                                               
[PERF][val] samples(local/global)=8/8, batches(local/global)=4/4, samples/s(local/global)=42.6/42.6, ms/batch(local)=47.0, data_wait=5.7%, compute=94.2%, non_finite_skips(local)=0
[MEM] epoch=188 RAM(before/after)=1417.7/1428.2MB | GPU mem: gpu0 alloc=24.8MB resv=7092.0MB peak=5388.2MB
Epoch 188: train_loss=0.018560, val_loss=0.018873, lr=0.00030000

Epoch 189/200

train:   0%|          | 0/4 [00:00<?, ?it/s]
train:   0%|          | 0/4 [00:00<?, ?it/s, loss=0.0177]
train:  25%|██▌       | 1/4 [00:00<00:00,  6.44it/s, loss=0.0177]
train:  25%|██▌       | 1/4 [00:00<00:00,  6.44it/s, loss=0.0346]
train:  50%|█████     | 2/4 [00:00<00:00,  6.43it/s, loss=0.0346]
train:  50%|█████     | 2/4 [00:00<00:00,  6.43it/s, loss=0.0146]
train:  75%|███████▌  | 3/4 [00:00<00:00,  6.41it/s, loss=0.0146]
train:  75%|███████▌  | 3/4 [00:00<00:00,  6.41it/s, loss=0.0076]
train: 100%|██████████| 4/4 [00:00<00:00,  6.40it/s, loss=0.0076]
                                                                 
[PERF][train] samples(local/global)=8/8, batches(local/global)=4/4, samples/s(local/global)=12.8/12.8, ms/batch(local)=156.1, data_wait=1.9%, compute=98.0%, non_finite_skips(local)=0

val:   0%|          | 0/4 [00:00<?, ?it/s]
val:   0%|          | 0/4 [00:00<?, ?it/s, loss=0.0180]
val:   0%|          | 0/4 [00:00<?, ?it/s, loss=0.0147]
val:   0%|          | 0/4 [00:00<?, ?it/s, loss=0.0169]
val:  75%|███████▌  | 3/4 [00:00<00:00, 21.56it/s, loss=0.0169]
val:  75%|███████▌  | 3/4 [00:00<00:00, 21.56it/s, loss=0.0258]
                                                               
[PERF][val] samples(local/global)=8/8, batches(local/global)=4/4, samples/s(local/global)=43.0/43.0, ms/batch(local)=46.5, data_wait=4.4%, compute=95.3%, non_finite_skips(local)=0
[MEM] epoch=189 RAM(before/after)=1428.2/1415.9MB | GPU mem: gpu0 alloc=24.8MB resv=7092.0MB peak=5388.2MB
Epoch 189: train_loss=0.018640, val_loss=0.018836, lr=0.00030000

Epoch 190/200

train:   0%|          | 0/4 [00:00<?, ?it/s]
train:   0%|          | 0/4 [00:00<?, ?it/s, loss=0.0165]
train:  25%|██▌       | 1/4 [00:00<00:00,  6.46it/s, loss=0.0165]
train:  25%|██▌       | 1/4 [00:00<00:00,  6.46it/s, loss=0.0093]
train:  50%|█████     | 2/4 [00:00<00:00,  6.45it/s, loss=0.0093]
train:  50%|█████     | 2/4 [00:00<00:00,  6.45it/s, loss=0.0226]
train:  75%|███████▌  | 3/4 [00:00<00:00,  6.33it/s, loss=0.0226]
train:  75%|███████▌  | 3/4 [00:00<00:00,  6.33it/s, loss=0.0260]
train: 100%|██████████| 4/4 [00:00<00:00,  6.37it/s, loss=0.0260]
                                                                 
[PERF][train] samples(local/global)=8/8, batches(local/global)=4/4, samples/s(local/global)=12.7/12.7, ms/batch(local)=156.9, data_wait=2.6%, compute=97.3%, non_finite_skips(local)=0

val:   0%|          | 0/4 [00:00<?, ?it/s]
val:   0%|          | 0/4 [00:00<?, ?it/s, loss=0.0179]
val:   0%|          | 0/4 [00:00<?, ?it/s, loss=0.0146]
val:   0%|          | 0/4 [00:00<?, ?it/s, loss=0.0170]
val:  75%|███████▌  | 3/4 [00:00<00:00, 21.38it/s, loss=0.0170]
val:  75%|███████▌  | 3/4 [00:00<00:00, 21.38it/s, loss=0.0257]
                                                               
[PERF][val] samples(local/global)=8/8, batches(local/global)=4/4, samples/s(local/global)=42.7/42.7, ms/batch(local)=46.8, data_wait=4.9%, compute=94.8%, non_finite_skips(local)=0
[MEM] epoch=190 RAM(before/after)=1415.9/1415.9MB | GPU mem: gpu0 alloc=24.8MB resv=7092.0MB peak=5388.2MB
Epoch 190: train_loss=0.018600, val_loss=0.018802, lr=0.00030000
Updated best model: /home/nis/jinrui.yang/EaBNet_light/logs_cbam_flat_projection64/overfit8_lr3e4_20260924_161645/best/best_model.pt (val_loss=0.018802)

Epoch 191/200

train:   0%|          | 0/4 [00:00<?, ?it/s]
train:   0%|          | 0/4 [00:00<?, ?it/s, loss=0.0082]
train:  25%|██▌       | 1/4 [00:00<00:00,  6.41it/s, loss=0.0082]
train:  25%|██▌       | 1/4 [00:00<00:00,  6.41it/s, loss=0.0227]
train:  50%|█████     | 2/4 [00:00<00:00,  6.39it/s, loss=0.0227]
train:  50%|█████     | 2/4 [00:00<00:00,  6.39it/s, loss=0.0179]
train:  75%|███████▌  | 3/4 [00:00<00:00,  6.40it/s, loss=0.0179]
train:  75%|███████▌  | 3/4 [00:00<00:00,  6.40it/s, loss=0.0252]
train: 100%|██████████| 4/4 [00:00<00:00,  6.42it/s, loss=0.0252]
                                                                 
[PERF][train] samples(local/global)=8/8, batches(local/global)=4/4, samples/s(local/global)=12.8/12.8, ms/batch(local)=156.1, data_wait=2.0%, compute=98.0%, non_finite_skips(local)=0

val:   0%|          | 0/4 [00:00<?, ?it/s]
val:   0%|          | 0/4 [00:00<?, ?it/s, loss=0.0179]
val:   0%|          | 0/4 [00:00<?, ?it/s, loss=0.0147]
val:   0%|          | 0/4 [00:00<?, ?it/s, loss=0.0169]
val:  75%|███████▌  | 3/4 [00:00<00:00, 21.57it/s, loss=0.0169]
val:  75%|███████▌  | 3/4 [00:00<00:00, 21.57it/s, loss=0.0256]
                                                               
[PERF][val] samples(local/global)=8/8, batches(local/global)=4/4, samples/s(local/global)=43.0/43.0, ms/batch(local)=46.5, data_wait=4.4%, compute=95.3%, non_finite_skips(local)=0
[MEM] epoch=191 RAM(before/after)=1415.9/1415.9MB | GPU mem: gpu0 alloc=24.8MB resv=7092.0MB peak=5388.2MB
Epoch 191: train_loss=0.018497, val_loss=0.018750, lr=0.00030000
Updated best model: /home/nis/jinrui.yang/EaBNet_light/logs_cbam_flat_projection64/overfit8_lr3e4_20260924_161645/best/best_model.pt (val_loss=0.018750)

Epoch 192/200

train:   0%|          | 0/4 [00:00<?, ?it/s]
train:   0%|          | 0/4 [00:00<?, ?it/s, loss=0.0090]
train:  25%|██▌       | 1/4 [00:00<00:00,  6.34it/s, loss=0.0090]
train:  25%|██▌       | 1/4 [00:00<00:00,  6.34it/s, loss=0.0182]
train:  50%|█████     | 2/4 [00:00<00:00,  6.39it/s, loss=0.0182]
train:  50%|█████     | 2/4 [00:00<00:00,  6.39it/s, loss=0.0082]
train:  75%|███████▌  | 3/4 [00:00<00:00,  6.41it/s, loss=0.0082]
train:  75%|███████▌  | 3/4 [00:00<00:00,  6.41it/s, loss=0.0390]
train: 100%|██████████| 4/4 [00:00<00:00,  6.42it/s, loss=0.0390]
                                                                 
[PERF][train] samples(local/global)=8/8, batches(local/global)=4/4, samples/s(local/global)=12.8/12.8, ms/batch(local)=156.2, data_wait=1.7%, compute=98.1%, non_finite_skips(local)=0

val:   0%|          | 0/4 [00:00<?, ?it/s]
val:   0%|          | 0/4 [00:00<?, ?it/s, loss=0.0179]
val:   0%|          | 0/4 [00:00<?, ?it/s, loss=0.0147]
val:   0%|          | 0/4 [00:00<?, ?it/s, loss=0.0168]
val:  75%|███████▌  | 3/4 [00:00<00:00, 21.34it/s, loss=0.0168]
val:  75%|███████▌  | 3/4 [00:00<00:00, 21.34it/s, loss=0.0256]
                                                               
[PERF][val] samples(local/global)=8/8, batches(local/global)=4/4, samples/s(local/global)=42.8/42.8, ms/batch(local)=46.7, data_wait=5.0%, compute=94.9%, non_finite_skips(local)=0
[MEM] epoch=192 RAM(before/after)=1415.9/1429.7MB | GPU mem: gpu0 alloc=24.8MB resv=7092.0MB peak=5388.2MB
Epoch 192: train_loss=0.018585, val_loss=0.018753, lr=0.00030000

Epoch 193/200

train:   0%|          | 0/4 [00:00<?, ?it/s]
train:   0%|          | 0/4 [00:00<?, ?it/s, loss=0.0082]
train:  25%|██▌       | 1/4 [00:00<00:00,  6.44it/s, loss=0.0082]
train:  25%|██▌       | 1/4 [00:00<00:00,  6.44it/s, loss=0.0170]
train:  50%|█████     | 2/4 [00:00<00:00,  6.44it/s, loss=0.0170]
train:  50%|█████     | 2/4 [00:00<00:00,  6.44it/s, loss=0.0307]
train:  75%|███████▌  | 3/4 [00:00<00:00,  6.43it/s, loss=0.0307]
train:  75%|███████▌  | 3/4 [00:00<00:00,  6.43it/s, loss=0.0181]
train: 100%|██████████| 4/4 [00:00<00:00,  6.42it/s, loss=0.0181]
                                                                 
[PERF][train] samples(local/global)=8/8, batches(local/global)=4/4, samples/s(local/global)=12.9/12.9, ms/batch(local)=155.6, data_wait=1.7%, compute=98.2%, non_finite_skips(local)=0

val:   0%|          | 0/4 [00:00<?, ?it/s]
val:   0%|          | 0/4 [00:00<?, ?it/s, loss=0.0178]
val:   0%|          | 0/4 [00:00<?, ?it/s, loss=0.0146]
val:   0%|          | 0/4 [00:00<?, ?it/s, loss=0.0167]
val:  75%|███████▌  | 3/4 [00:00<00:00, 21.53it/s, loss=0.0167]
val:  75%|███████▌  | 3/4 [00:00<00:00, 21.53it/s, loss=0.0256]
                                                               
[PERF][val] samples(local/global)=8/8, batches(local/global)=4/4, samples/s(local/global)=43.0/43.0, ms/batch(local)=46.5, data_wait=4.8%, compute=95.1%, non_finite_skips(local)=0
[MEM] epoch=193 RAM(before/after)=1429.7/1424.7MB | GPU mem: gpu0 alloc=24.8MB resv=7092.0MB peak=5388.2MB
Epoch 193: train_loss=0.018490, val_loss=0.018695, lr=0.00030000
Updated best model: /home/nis/jinrui.yang/EaBNet_light/logs_cbam_flat_projection64/overfit8_lr3e4_20260924_161645/best/best_model.pt (val_loss=0.018695)

Epoch 194/200

train:   0%|          | 0/4 [00:00<?, ?it/s]
train:   0%|          | 0/4 [00:00<?, ?it/s, loss=0.0130]
train:  25%|██▌       | 1/4 [00:00<00:00,  6.45it/s, loss=0.0130]
train:  25%|██▌       | 1/4 [00:00<00:00,  6.45it/s, loss=0.0043]
train:  50%|█████     | 2/4 [00:00<00:00,  6.44it/s, loss=0.0043]
train:  50%|█████     | 2/4 [00:00<00:00,  6.44it/s, loss=0.0226]
train:  75%|███████▌  | 3/4 [00:00<00:00,  6.43it/s, loss=0.0226]
train:  75%|███████▌  | 3/4 [00:00<00:00,  6.43it/s, loss=0.0344]
train: 100%|██████████| 4/4 [00:00<00:00,  6.43it/s, loss=0.0344]
                                                                 
[PERF][train] samples(local/global)=8/8, batches(local/global)=4/4, samples/s(local/global)=12.9/12.9, ms/batch(local)=155.4, data_wait=1.7%, compute=98.2%, non_finite_skips(local)=0

val:   0%|          | 0/4 [00:00<?, ?it/s]
val:   0%|          | 0/4 [00:00<?, ?it/s, loss=0.0178]
val:   0%|          | 0/4 [00:00<?, ?it/s, loss=0.0146]
val:   0%|          | 0/4 [00:00<?, ?it/s, loss=0.0167]
val:  75%|███████▌  | 3/4 [00:00<00:00, 21.46it/s, loss=0.0167]
val:  75%|███████▌  | 3/4 [00:00<00:00, 21.46it/s, loss=0.0257]
                                                               
[PERF][val] samples(local/global)=8/8, batches(local/global)=4/4, samples/s(local/global)=42.9/42.9, ms/batch(local)=46.6, data_wait=4.9%, compute=95.1%, non_finite_skips(local)=0
[MEM] epoch=194 RAM(before/after)=1424.7/1424.7MB | GPU mem: gpu0 alloc=24.8MB resv=7092.0MB peak=5388.2MB
Epoch 194: train_loss=0.018559, val_loss=0.018694, lr=0.00030000
Updated best model: /home/nis/jinrui.yang/EaBNet_light/logs_cbam_flat_projection64/overfit8_lr3e4_20260924_161645/best/best_model.pt (val_loss=0.018694)

Epoch 195/200

train:   0%|          | 0/4 [00:00<?, ?it/s]
train:   0%|          | 0/4 [00:00<?, ?it/s, loss=0.0389]
train:  25%|██▌       | 1/4 [00:00<00:00,  6.40it/s, loss=0.0389]
train:  25%|██▌       | 1/4 [00:00<00:00,  6.40it/s, loss=0.0124]
train:  50%|█████     | 2/4 [00:00<00:00,  6.40it/s, loss=0.0124]
train:  50%|█████     | 2/4 [00:00<00:00,  6.40it/s, loss=0.0096]
train:  75%|███████▌  | 3/4 [00:00<00:00,  6.41it/s, loss=0.0096]
train:  75%|███████▌  | 3/4 [00:00<00:00,  6.41it/s, loss=0.0132]
train: 100%|██████████| 4/4 [00:00<00:00,  6.42it/s, loss=0.0132]
                                                                 
[PERF][train] samples(local/global)=8/8, batches(local/global)=4/4, samples/s(local/global)=12.8/12.8, ms/batch(local)=156.0, data_wait=1.9%, compute=98.1%, non_finite_skips(local)=0

val:   0%|          | 0/4 [00:00<?, ?it/s]
val:   0%|          | 0/4 [00:00<?, ?it/s, loss=0.0180]
val:   0%|          | 0/4 [00:00<?, ?it/s, loss=0.0146]
val:   0%|          | 0/4 [00:00<?, ?it/s, loss=0.0168]
val:  75%|███████▌  | 3/4 [00:00<00:00, 21.48it/s, loss=0.0168]
val:  75%|███████▌  | 3/4 [00:00<00:00, 21.48it/s, loss=0.0258]
                                                               
[PERF][val] samples(local/global)=8/8, batches(local/global)=4/4, samples/s(local/global)=42.8/42.8, ms/batch(local)=46.7, data_wait=5.0%, compute=95.0%, non_finite_skips(local)=0
[MEM] epoch=195 RAM(before/after)=1424.7/1424.7MB | GPU mem: gpu0 alloc=24.8MB resv=7092.0MB peak=5388.2MB
Epoch 195: train_loss=0.018522, val_loss=0.018782, lr=0.00030000

Epoch 196/200

train:   0%|          | 0/4 [00:00<?, ?it/s]
train:   0%|          | 0/4 [00:00<?, ?it/s, loss=0.0165]
train:  25%|██▌       | 1/4 [00:00<00:00,  6.47it/s, loss=0.0165]
train:  25%|██▌       | 1/4 [00:00<00:00,  6.47it/s, loss=0.0042]
train:  50%|█████     | 2/4 [00:00<00:00,  6.44it/s, loss=0.0042]
train:  50%|█████     | 2/4 [00:00<00:00,  6.44it/s, loss=0.0226]
train:  75%|███████▌  | 3/4 [00:00<00:00,  6.43it/s, loss=0.0226]
train:  75%|███████▌  | 3/4 [00:00<00:00,  6.43it/s, loss=0.0308]
train: 100%|██████████| 4/4 [00:00<00:00,  6.43it/s, loss=0.0308]
                                                                 
[PERF][train] samples(local/global)=8/8, batches(local/global)=4/4, samples/s(local/global)=12.9/12.9, ms/batch(local)=155.6, data_wait=1.6%, compute=98.2%, non_finite_skips(local)=0

val:   0%|          | 0/4 [00:00<?, ?it/s]
val:   0%|          | 0/4 [00:00<?, ?it/s, loss=0.0179]
val:   0%|          | 0/4 [00:00<?, ?it/s, loss=0.0145]
val:   0%|          | 0/4 [00:00<?, ?it/s, loss=0.0168]
val:  75%|███████▌  | 3/4 [00:00<00:00, 21.42it/s, loss=0.0168]
val:  75%|███████▌  | 3/4 [00:00<00:00, 21.42it/s, loss=0.0256]
                                                               
[PERF][val] samples(local/global)=8/8, batches(local/global)=4/4, samples/s(local/global)=42.7/42.7, ms/batch(local)=46.8, data_wait=5.0%, compute=94.6%, non_finite_skips(local)=0
[MEM] epoch=196 RAM(before/after)=1424.7/1417.7MB | GPU mem: gpu0 alloc=24.8MB resv=7092.0MB peak=5388.2MB
Epoch 196: train_loss=0.018519, val_loss=0.018720, lr=0.00030000

Epoch 197/200

train:   0%|          | 0/4 [00:00<?, ?it/s]
train:   0%|          | 0/4 [00:00<?, ?it/s, loss=0.0096]
train:  25%|██▌       | 1/4 [00:00<00:00,  6.42it/s, loss=0.0096]
train:  25%|██▌       | 1/4 [00:00<00:00,  6.42it/s, loss=0.0262]
train:  50%|█████     | 2/4 [00:00<00:00,  6.42it/s, loss=0.0262]
train:  50%|█████     | 2/4 [00:00<00:00,  6.42it/s, loss=0.0132]
train:  75%|███████▌  | 3/4 [00:00<00:00,  6.42it/s, loss=0.0132]
train:  75%|███████▌  | 3/4 [00:00<00:00,  6.42it/s, loss=0.0251]
train: 100%|██████████| 4/4 [00:00<00:00,  6.40it/s, loss=0.0251]
                                                                 
[PERF][train] samples(local/global)=8/8, batches(local/global)=4/4, samples/s(local/global)=12.8/12.8, ms/batch(local)=156.1, data_wait=1.9%, compute=97.9%, non_finite_skips(local)=0

val:   0%|          | 0/4 [00:00<?, ?it/s]
val:   0%|          | 0/4 [00:00<?, ?it/s, loss=0.0179]
val:   0%|          | 0/4 [00:00<?, ?it/s, loss=0.0146]
val:   0%|          | 0/4 [00:00<?, ?it/s, loss=0.0169]
val:  75%|███████▌  | 3/4 [00:00<00:00, 21.40it/s, loss=0.0169]
val:  75%|███████▌  | 3/4 [00:00<00:00, 21.40it/s, loss=0.0255]
                                                               
[PERF][val] samples(local/global)=8/8, batches(local/global)=4/4, samples/s(local/global)=42.8/42.8, ms/batch(local)=46.7, data_wait=4.9%, compute=94.8%, non_finite_skips(local)=0
[MEM] epoch=197 RAM(before/after)=1417.7/1417.7MB | GPU mem: gpu0 alloc=24.8MB resv=7092.0MB peak=5388.2MB
Epoch 197: train_loss=0.018509, val_loss=0.018718, lr=0.00030000

Epoch 198/200

train:   0%|          | 0/4 [00:00<?, ?it/s]
train:   0%|          | 0/4 [00:00<?, ?it/s, loss=0.0093]
train:  25%|██▌       | 1/4 [00:00<00:00,  6.44it/s, loss=0.0093]
train:  25%|██▌       | 1/4 [00:00<00:00,  6.44it/s, loss=0.0225]
train:  50%|█████     | 2/4 [00:00<00:00,  6.41it/s, loss=0.0225]
train:  50%|█████     | 2/4 [00:00<00:00,  6.41it/s, loss=0.0131]
train:  75%|███████▌  | 3/4 [00:00<00:00,  6.41it/s, loss=0.0131]
train:  75%|███████▌  | 3/4 [00:00<00:00,  6.41it/s, loss=0.0294]
train: 100%|██████████| 4/4 [00:00<00:00,  6.40it/s, loss=0.0294]
                                                                 
[PERF][train] samples(local/global)=8/8, batches(local/global)=4/4, samples/s(local/global)=12.8/12.8, ms/batch(local)=156.2, data_wait=1.9%, compute=97.9%, non_finite_skips(local)=0

val:   0%|          | 0/4 [00:00<?, ?it/s]
val:   0%|          | 0/4 [00:00<?, ?it/s, loss=0.0179]
val:   0%|          | 0/4 [00:00<?, ?it/s, loss=0.0146]
val:   0%|          | 0/4 [00:00<?, ?it/s, loss=0.0168]
val:  75%|███████▌  | 3/4 [00:00<00:00, 21.40it/s, loss=0.0168]
val:  75%|███████▌  | 3/4 [00:00<00:00, 21.40it/s, loss=0.0257]
                                                               
[PERF][val] samples(local/global)=8/8, batches(local/global)=4/4, samples/s(local/global)=42.5/42.5, ms/batch(local)=47.1, data_wait=5.7%, compute=94.0%, non_finite_skips(local)=0
[MEM] epoch=198 RAM(before/after)=1417.7/1415.9MB | GPU mem: gpu0 alloc=24.8MB resv=7092.0MB peak=5388.2MB
Epoch 198: train_loss=0.018581, val_loss=0.018769, lr=0.00030000

Epoch 199/200

train:   0%|          | 0/4 [00:00<?, ?it/s]
train:   0%|          | 0/4 [00:00<?, ?it/s, loss=0.0260]
train:  25%|██▌       | 1/4 [00:00<00:00,  6.45it/s, loss=0.0260]
train:  25%|██▌       | 1/4 [00:00<00:00,  6.45it/s, loss=0.0293]
train:  50%|█████     | 2/4 [00:00<00:00,  6.43it/s, loss=0.0293]
train:  50%|█████     | 2/4 [00:00<00:00,  6.43it/s, loss=0.0145]
train:  75%|███████▌  | 3/4 [00:00<00:00,  6.41it/s, loss=0.0145]
train:  75%|███████▌  | 3/4 [00:00<00:00,  6.41it/s, loss=0.0042]
train: 100%|██████████| 4/4 [00:00<00:00,  6.40it/s, loss=0.0042]
                                                                 
[PERF][train] samples(local/global)=8/8, batches(local/global)=4/4, samples/s(local/global)=12.8/12.8, ms/batch(local)=156.1, data_wait=2.0%, compute=97.9%, non_finite_skips(local)=0

val:   0%|          | 0/4 [00:00<?, ?it/s]
val:   0%|          | 0/4 [00:00<?, ?it/s, loss=0.0179]
val:   0%|          | 0/4 [00:00<?, ?it/s, loss=0.0145]
val:   0%|          | 0/4 [00:00<?, ?it/s, loss=0.0170]
val:  75%|███████▌  | 3/4 [00:00<00:00, 21.30it/s, loss=0.0170]
val:  75%|███████▌  | 3/4 [00:00<00:00, 21.30it/s, loss=0.0257]
                                                               
[PERF][val] samples(local/global)=8/8, batches(local/global)=4/4, samples/s(local/global)=42.3/42.3, ms/batch(local)=47.3, data_wait=6.1%, compute=93.7%, non_finite_skips(local)=0
[MEM] epoch=199 RAM(before/after)=1415.9/1415.9MB | GPU mem: gpu0 alloc=24.8MB resv=7092.0MB peak=5388.2MB
Epoch 199: train_loss=0.018520, val_loss=0.018772, lr=0.00030000

Epoch 200/200

train:   0%|          | 0/4 [00:00<?, ?it/s]
train:   0%|          | 0/4 [00:00<?, ?it/s, loss=0.0304]
train:  25%|██▌       | 1/4 [00:00<00:00,  6.46it/s, loss=0.0304]
train:  25%|██▌       | 1/4 [00:00<00:00,  6.46it/s, loss=0.0099]
train:  50%|█████     | 2/4 [00:00<00:00,  6.43it/s, loss=0.0099]
train:  50%|█████     | 2/4 [00:00<00:00,  6.43it/s, loss=0.0126]
train:  75%|███████▌  | 3/4 [00:00<00:00,  6.43it/s, loss=0.0126]
train:  75%|███████▌  | 3/4 [00:00<00:00,  6.43it/s, loss=0.0211]
train: 100%|██████████| 4/4 [00:00<00:00,  6.44it/s, loss=0.0211]
                                                                 
[PERF][train] samples(local/global)=8/8, batches(local/global)=4/4, samples/s(local/global)=12.9/12.9, ms/batch(local)=155.5, data_wait=1.7%, compute=98.2%, non_finite_skips(local)=0

val:   0%|          | 0/4 [00:00<?, ?it/s]
val:   0%|          | 0/4 [00:00<?, ?it/s, loss=0.0178]
val:   0%|          | 0/4 [00:00<?, ?it/s, loss=0.0145]
val:   0%|          | 0/4 [00:00<?, ?it/s, loss=0.0169]
val:  75%|███████▌  | 3/4 [00:00<00:00, 21.46it/s, loss=0.0169]
val:  75%|███████▌  | 3/4 [00:00<00:00, 21.46it/s, loss=0.0257]
                                                               
[PERF][val] samples(local/global)=8/8, batches(local/global)=4/4, samples/s(local/global)=42.9/42.9, ms/batch(local)=46.6, data_wait=4.6%, compute=95.1%, non_finite_skips(local)=0
[MEM] epoch=200 RAM(before/after)=1415.9/1415.9MB | GPU mem: gpu0 alloc=24.8MB resv=7092.0MB peak=5388.2MB
Epoch 200: train_loss=0.018522, val_loss=0.018723, lr=0.00030000

Training finished.
