nohup: ignoring input
Resuming saved epoch 25 (100 updates) to 200; reusing fixed data and baseline.
Structure hypothesis: cbam_flat_projection64; author equivalence is unverified.
Device: cuda:0
GPU IDs: [0]
CPU threads (intra/inter-op): 2/1
TF32/cudnn_benchmark: no/no
MALLOC_ARENA_MAX env: <unset> | mallopt target: 2
Train dir: /home/nis/jinrui.yang/EaBNet_light/logs_cbam_flat_projection64/overfit8_epoch40_v2/dataset
Val dir: /home/nis/jinrui.yang/EaBNet_light/logs_cbam_flat_projection64/overfit8_epoch40_v2/dataset
Checkpoint dir: /home/nis/jinrui.yang/EaBNet_light/logs_cbam_flat_projection64/overfit8_epoch40_v2/checkpoints
Best model dir: /home/nis/jinrui.yang/EaBNet_light/logs_cbam_flat_projection64/overfit8_epoch40_v2/best
TensorBoard log dir: /home/nis/jinrui.yang/EaBNet_light/logs_cbam_flat_projection64/overfit8_epoch40_v2/logs
DataLoader config: workers=0, pin_memory=False, persistent_workers=False, prefetch_factor=N/A, strict_memory=yes, segment_samples=0, parallel_mode=none
/home/nis/jinrui.yang/EaBNet_light/train_light.py:777: FutureWarning: You are using `torch.load` with `weights_only=False` (the current default value), which uses the default pickle module implicitly. It is possible to construct malicious pickle data which will execute arbitrary code during unpickling (See https://github.com/pytorch/pytorch/blob/main/SECURITY.md#untrusted-models for more details). In a future release, the default value for `weights_only` will be flipped to `True`. This limits the functions that could be executed during unpickling. Arbitrary objects will no longer be allowed to be loaded via this mode unless they are explicitly allowlisted by the user via `torch.serialization.add_safe_globals`. We recommend you start setting `weights_only=True` for any use case where you don't have full control of the loaded file. Please open an issue on GitHub for any issues related to this experimental feature.
  checkpoint = torch.load(checkpoint_path, map_location=device)
Resumed from /home/nis/jinrui.yang/EaBNet_light/logs_cbam_flat_projection64/overfit8_epoch40_v2/checkpoints/checkpoint_latest.pt at epoch 25, best_val_loss=0.023349
Training samples: 8
Validation samples: 8

Epoch 26/200

train:   0%|          | 0/4 [00:00<?, ?it/s]
train:   0%|          | 0/4 [00:00<?, ?it/s, loss=0.0193]
train:  25%|██▌       | 1/4 [00:00<00:01,  2.12it/s, loss=0.0193]
train:  25%|██▌       | 1/4 [00:00<00:01,  2.12it/s, loss=0.0239]
train:  50%|█████     | 2/4 [00:00<00:00,  3.47it/s, loss=0.0239]
train:  50%|█████     | 2/4 [00:00<00:00,  3.47it/s, loss=0.0181]
train:  75%|███████▌  | 3/4 [00:00<00:00,  4.39it/s, loss=0.0181]
train:  75%|███████▌  | 3/4 [00:00<00:00,  4.39it/s, loss=0.0318]
train: 100%|██████████| 4/4 [00:00<00:00,  5.02it/s, loss=0.0318]
                                                                 
[PERF][train] samples(local/global)=8/8, batches(local/global)=4/4, samples/s(local/global)=8.5/8.5, ms/batch(local)=235.9, data_wait=1.5%, compute=98.4%, non_finite_skips(local)=0

val:   0%|          | 0/4 [00:00<?, ?it/s]
val:   0%|          | 0/4 [00:00<?, ?it/s, loss=0.0199]
val:   0%|          | 0/4 [00:00<?, ?it/s, loss=0.0197]
val:   0%|          | 0/4 [00:00<?, ?it/s, loss=0.0223]
val:  75%|███████▌  | 3/4 [00:00<00:00, 21.78it/s, loss=0.0223]
val:  75%|███████▌  | 3/4 [00:00<00:00, 21.78it/s, loss=0.0313]
                                                               
[PERF][val] samples(local/global)=8/8, batches(local/global)=4/4, samples/s(local/global)=43.7/43.7, ms/batch(local)=45.8, data_wait=5.3%, compute=94.7%, non_finite_skips(local)=0
[MEM] epoch=26 RAM(before/after)=589.9/1429.9MB | GPU mem: gpu0 alloc=24.9MB resv=7092.0MB peak=5388.3MB
Epoch 26: train_loss=0.023301, val_loss=0.023293, lr=0.00010000
Updated best model: /home/nis/jinrui.yang/EaBNet_light/logs_cbam_flat_projection64/overfit8_epoch40_v2/best/best_model.pt (val_loss=0.023293)

Epoch 27/200

train:   0%|          | 0/4 [00:00<?, ?it/s]
train:   0%|          | 0/4 [00:00<?, ?it/s, loss=0.0253]
train:  25%|██▌       | 1/4 [00:00<00:00,  6.08it/s, loss=0.0253]
train:  25%|██▌       | 1/4 [00:00<00:00,  6.08it/s, loss=0.0312]
train:  50%|█████     | 2/4 [00:00<00:00,  6.25it/s, loss=0.0312]
train:  50%|█████     | 2/4 [00:00<00:00,  6.25it/s, loss=0.0199]
train:  75%|███████▌  | 3/4 [00:00<00:00,  6.32it/s, loss=0.0199]
train:  75%|███████▌  | 3/4 [00:00<00:00,  6.32it/s, loss=0.0168]
train: 100%|██████████| 4/4 [00:00<00:00,  6.35it/s, loss=0.0168]
                                                                 
[PERF][train] samples(local/global)=8/8, batches(local/global)=4/4, samples/s(local/global)=12.6/12.6, ms/batch(local)=158.6, data_wait=2.1%, compute=97.8%, non_finite_skips(local)=0

val:   0%|          | 0/4 [00:00<?, ?it/s]
val:   0%|          | 0/4 [00:00<?, ?it/s, loss=0.0198]
val:   0%|          | 0/4 [00:00<?, ?it/s, loss=0.0197]
val:   0%|          | 0/4 [00:00<?, ?it/s, loss=0.0223]
val:  75%|███████▌  | 3/4 [00:00<00:00, 21.96it/s, loss=0.0223]
val:  75%|███████▌  | 3/4 [00:00<00:00, 21.96it/s, loss=0.0312]
                                                               
[PERF][val] samples(local/global)=8/8, batches(local/global)=4/4, samples/s(local/global)=43.6/43.6, ms/batch(local)=45.9, data_wait=5.3%, compute=94.5%, non_finite_skips(local)=0
[MEM] epoch=27 RAM(before/after)=1430.3/1423.7MB | GPU mem: gpu0 alloc=24.9MB resv=7092.0MB peak=5388.3MB
Epoch 27: train_loss=0.023310, val_loss=0.023251, lr=0.00010000
Updated best model: /home/nis/jinrui.yang/EaBNet_light/logs_cbam_flat_projection64/overfit8_epoch40_v2/best/best_model.pt (val_loss=0.023251)

Epoch 28/200

train:   0%|          | 0/4 [00:00<?, ?it/s]
train:   0%|          | 0/4 [00:00<?, ?it/s, loss=0.0392]
train:  25%|██▌       | 1/4 [00:00<00:00,  6.23it/s, loss=0.0392]
train:  25%|██▌       | 1/4 [00:00<00:00,  6.23it/s, loss=0.0238]
train:  50%|█████     | 2/4 [00:00<00:00,  6.33it/s, loss=0.0238]
train:  50%|█████     | 2/4 [00:00<00:00,  6.33it/s, loss=0.0199]
train:  75%|███████▌  | 3/4 [00:00<00:00,  6.36it/s, loss=0.0199]
train:  75%|███████▌  | 3/4 [00:00<00:00,  6.36it/s, loss=0.0102]
train: 100%|██████████| 4/4 [00:00<00:00,  6.37it/s, loss=0.0102]
                                                                 
[PERF][train] samples(local/global)=8/8, batches(local/global)=4/4, samples/s(local/global)=12.7/12.7, ms/batch(local)=157.6, data_wait=2.2%, compute=97.7%, non_finite_skips(local)=0

val:   0%|          | 0/4 [00:00<?, ?it/s]
val:   0%|          | 0/4 [00:00<?, ?it/s, loss=0.0198]
val:   0%|          | 0/4 [00:00<?, ?it/s, loss=0.0196]
val:   0%|          | 0/4 [00:00<?, ?it/s, loss=0.0222]
val:  75%|███████▌  | 3/4 [00:00<00:00, 21.84it/s, loss=0.0222]
val:  75%|███████▌  | 3/4 [00:00<00:00, 21.84it/s, loss=0.0312]
                                                               
[PERF][val] samples(local/global)=8/8, batches(local/global)=4/4, samples/s(local/global)=43.5/43.5, ms/batch(local)=46.0, data_wait=5.5%, compute=94.3%, non_finite_skips(local)=0
[MEM] epoch=28 RAM(before/after)=1423.8/1423.8MB | GPU mem: gpu0 alloc=24.9MB resv=7092.0MB peak=5388.3MB
Epoch 28: train_loss=0.023253, val_loss=0.023216, lr=0.00010000
Updated best model: /home/nis/jinrui.yang/EaBNet_light/logs_cbam_flat_projection64/overfit8_epoch40_v2/best/best_model.pt (val_loss=0.023216)

Epoch 29/200

train:   0%|          | 0/4 [00:00<?, ?it/s]
train:   0%|          | 0/4 [00:00<?, ?it/s, loss=0.0123]
train:  25%|██▌       | 1/4 [00:00<00:00,  6.16it/s, loss=0.0123]
train:  25%|██▌       | 1/4 [00:00<00:00,  6.16it/s, loss=0.0162]
train:  50%|█████     | 2/4 [00:00<00:00,  6.30it/s, loss=0.0162]
train:  50%|█████     | 2/4 [00:00<00:00,  6.30it/s, loss=0.0463]
train:  75%|███████▌  | 3/4 [00:00<00:00,  6.36it/s, loss=0.0463]
train:  75%|███████▌  | 3/4 [00:00<00:00,  6.36it/s, loss=0.0179]
train: 100%|██████████| 4/4 [00:00<00:00,  6.38it/s, loss=0.0179]
                                                                 
[PERF][train] samples(local/global)=8/8, batches(local/global)=4/4, samples/s(local/global)=12.7/12.7, ms/batch(local)=157.7, data_wait=2.3%, compute=97.6%, non_finite_skips(local)=0

val:   0%|          | 0/4 [00:00<?, ?it/s]
val:   0%|          | 0/4 [00:00<?, ?it/s, loss=0.0198]
val:   0%|          | 0/4 [00:00<?, ?it/s, loss=0.0196]
val:   0%|          | 0/4 [00:00<?, ?it/s, loss=0.0222]
val:  75%|███████▌  | 3/4 [00:00<00:00, 21.82it/s, loss=0.0222]
val:  75%|███████▌  | 3/4 [00:00<00:00, 21.82it/s, loss=0.0311]
                                                               
[PERF][val] samples(local/global)=8/8, batches(local/global)=4/4, samples/s(local/global)=43.4/43.4, ms/batch(local)=46.1, data_wait=5.5%, compute=94.3%, non_finite_skips(local)=0
[MEM] epoch=29 RAM(before/after)=1423.8/1423.8MB | GPU mem: gpu0 alloc=24.9MB resv=7092.0MB peak=5388.3MB
Epoch 29: train_loss=0.023186, val_loss=0.023175, lr=0.00010000
Updated best model: /home/nis/jinrui.yang/EaBNet_light/logs_cbam_flat_projection64/overfit8_epoch40_v2/best/best_model.pt (val_loss=0.023175)

Epoch 30/200

train:   0%|          | 0/4 [00:00<?, ?it/s]
train:   0%|          | 0/4 [00:00<?, ?it/s, loss=0.0122]
train:  25%|██▌       | 1/4 [00:00<00:00,  6.18it/s, loss=0.0122]
train:  25%|██▌       | 1/4 [00:00<00:00,  6.18it/s, loss=0.0432]
train:  50%|█████     | 2/4 [00:00<00:00,  6.32it/s, loss=0.0432]
train:  50%|█████     | 2/4 [00:00<00:00,  6.32it/s, loss=0.0107]
train:  75%|███████▌  | 3/4 [00:00<00:00,  6.36it/s, loss=0.0107]
train:  75%|███████▌  | 3/4 [00:00<00:00,  6.36it/s, loss=0.0267]
train: 100%|██████████| 4/4 [00:00<00:00,  6.38it/s, loss=0.0267]
                                                                 
[PERF][train] samples(local/global)=8/8, batches(local/global)=4/4, samples/s(local/global)=12.7/12.7, ms/batch(local)=157.5, data_wait=2.2%, compute=97.6%, non_finite_skips(local)=0

val:   0%|          | 0/4 [00:00<?, ?it/s]
val:   0%|          | 0/4 [00:00<?, ?it/s, loss=0.0198]
val:   0%|          | 0/4 [00:00<?, ?it/s, loss=0.0195]
val:   0%|          | 0/4 [00:00<?, ?it/s, loss=0.0222]
val:  75%|███████▌  | 3/4 [00:00<00:00, 21.84it/s, loss=0.0222]
val:  75%|███████▌  | 3/4 [00:00<00:00, 21.84it/s, loss=0.0311]
                                                               
[PERF][val] samples(local/global)=8/8, batches(local/global)=4/4, samples/s(local/global)=43.4/43.4, ms/batch(local)=46.1, data_wait=5.5%, compute=94.3%, non_finite_skips(local)=0
[MEM] epoch=30 RAM(before/after)=1423.8/1423.8MB | GPU mem: gpu0 alloc=24.9MB resv=7092.0MB peak=5388.3MB
Epoch 30: train_loss=0.023213, val_loss=0.023141, lr=0.00010000
Updated best model: /home/nis/jinrui.yang/EaBNet_light/logs_cbam_flat_projection64/overfit8_epoch40_v2/best/best_model.pt (val_loss=0.023141)

Epoch 31/200

train:   0%|          | 0/4 [00:00<?, ?it/s]
train:   0%|          | 0/4 [00:00<?, ?it/s, loss=0.0117]
train:  25%|██▌       | 1/4 [00:00<00:00,  5.92it/s, loss=0.0117]
train:  25%|██▌       | 1/4 [00:00<00:00,  5.92it/s, loss=0.0128]
train:  50%|█████     | 2/4 [00:00<00:00,  6.17it/s, loss=0.0128]
train:  50%|█████     | 2/4 [00:00<00:00,  6.17it/s, loss=0.0431]
train:  75%|███████▌  | 3/4 [00:00<00:00,  6.26it/s, loss=0.0431]
train:  75%|███████▌  | 3/4 [00:00<00:00,  6.26it/s, loss=0.0252]
train: 100%|██████████| 4/4 [00:00<00:00,  6.30it/s, loss=0.0252]
                                                                 
[PERF][train] samples(local/global)=8/8, batches(local/global)=4/4, samples/s(local/global)=12.5/12.5, ms/batch(local)=160.2, data_wait=2.5%, compute=97.4%, non_finite_skips(local)=0

val:   0%|          | 0/4 [00:00<?, ?it/s]
val:   0%|          | 0/4 [00:00<?, ?it/s, loss=0.0198]
val:   0%|          | 0/4 [00:00<?, ?it/s, loss=0.0195]
val:   0%|          | 0/4 [00:00<?, ?it/s, loss=0.0221]
val:  75%|███████▌  | 3/4 [00:00<00:00, 21.92it/s, loss=0.0221]
val:  75%|███████▌  | 3/4 [00:00<00:00, 21.92it/s, loss=0.0310]
                                                               
[PERF][val] samples(local/global)=8/8, batches(local/global)=4/4, samples/s(local/global)=43.5/43.5, ms/batch(local)=46.0, data_wait=5.3%, compute=94.5%, non_finite_skips(local)=0
[MEM] epoch=31 RAM(before/after)=1423.9/1423.9MB | GPU mem: gpu0 alloc=24.9MB resv=7092.0MB peak=5388.3MB
Epoch 31: train_loss=0.023173, val_loss=0.023106, lr=0.00010000
Updated best model: /home/nis/jinrui.yang/EaBNet_light/logs_cbam_flat_projection64/overfit8_epoch40_v2/best/best_model.pt (val_loss=0.023106)

Epoch 32/200

train:   0%|          | 0/4 [00:00<?, ?it/s]
train:   0%|          | 0/4 [00:00<?, ?it/s, loss=0.0196]
train:  25%|██▌       | 1/4 [00:00<00:00,  6.07it/s, loss=0.0196]
train:  25%|██▌       | 1/4 [00:00<00:00,  6.07it/s, loss=0.0101]
train:  50%|█████     | 2/4 [00:00<00:00,  6.23it/s, loss=0.0101]
train:  50%|█████     | 2/4 [00:00<00:00,  6.23it/s, loss=0.0313]
train:  75%|███████▌  | 3/4 [00:00<00:00,  6.32it/s, loss=0.0313]
train:  75%|███████▌  | 3/4 [00:00<00:00,  6.32it/s, loss=0.0316]
train: 100%|██████████| 4/4 [00:00<00:00,  6.36it/s, loss=0.0316]
                                                                 
[PERF][train] samples(local/global)=8/8, batches(local/global)=4/4, samples/s(local/global)=12.6/12.6, ms/batch(local)=158.5, data_wait=2.4%, compute=97.5%, non_finite_skips(local)=0

val:   0%|          | 0/4 [00:00<?, ?it/s]
val:   0%|          | 0/4 [00:00<?, ?it/s, loss=0.0198]
val:   0%|          | 0/4 [00:00<?, ?it/s, loss=0.0195]
val:   0%|          | 0/4 [00:00<?, ?it/s, loss=0.0221]
val:  75%|███████▌  | 3/4 [00:00<00:00, 21.85it/s, loss=0.0221]
val:  75%|███████▌  | 3/4 [00:00<00:00, 21.85it/s, loss=0.0310]
                                                               
[PERF][val] samples(local/global)=8/8, batches(local/global)=4/4, samples/s(local/global)=43.7/43.7, ms/batch(local)=45.8, data_wait=5.0%, compute=94.9%, non_finite_skips(local)=0
[MEM] epoch=32 RAM(before/after)=1423.9/1429.7MB | GPU mem: gpu0 alloc=24.9MB resv=7092.0MB peak=5388.3MB
Epoch 32: train_loss=0.023158, val_loss=0.023080, lr=0.00010000
Updated best model: /home/nis/jinrui.yang/EaBNet_light/logs_cbam_flat_projection64/overfit8_epoch40_v2/best/best_model.pt (val_loss=0.023080)

Epoch 33/200

train:   0%|          | 0/4 [00:00<?, ?it/s]
train:   0%|          | 0/4 [00:00<?, ?it/s, loss=0.0429]
train:  25%|██▌       | 1/4 [00:00<00:00,  6.20it/s, loss=0.0429]
train:  25%|██▌       | 1/4 [00:00<00:00,  6.20it/s, loss=0.0107]
train:  50%|█████     | 2/4 [00:00<00:00,  6.33it/s, loss=0.0107]
train:  50%|█████     | 2/4 [00:00<00:00,  6.33it/s, loss=0.0121]
train:  75%|███████▌  | 3/4 [00:00<00:00,  6.36it/s, loss=0.0121]
train:  75%|███████▌  | 3/4 [00:00<00:00,  6.36it/s, loss=0.0266]
train: 100%|██████████| 4/4 [00:00<00:00,  6.37it/s, loss=0.0266]
                                                                 
[PERF][train] samples(local/global)=8/8, batches(local/global)=4/4, samples/s(local/global)=12.7/12.7, ms/batch(local)=157.6, data_wait=2.2%, compute=97.7%, non_finite_skips(local)=0

val:   0%|          | 0/4 [00:00<?, ?it/s]
val:   0%|          | 0/4 [00:00<?, ?it/s, loss=0.0198]
val:   0%|          | 0/4 [00:00<?, ?it/s, loss=0.0194]
val:   0%|          | 0/4 [00:00<?, ?it/s, loss=0.0221]
val:  75%|███████▌  | 3/4 [00:00<00:00, 21.81it/s, loss=0.0221]
val:  75%|███████▌  | 3/4 [00:00<00:00, 21.81it/s, loss=0.0310]
                                                               
[PERF][val] samples(local/global)=8/8, batches(local/global)=4/4, samples/s(local/global)=43.3/43.3, ms/batch(local)=46.2, data_wait=5.6%, compute=94.1%, non_finite_skips(local)=0
[MEM] epoch=33 RAM(before/after)=1429.7/1423.9MB | GPU mem: gpu0 alloc=24.9MB resv=7092.0MB peak=5388.3MB
Epoch 33: train_loss=0.023080, val_loss=0.023054, lr=0.00010000
Updated best model: /home/nis/jinrui.yang/EaBNet_light/logs_cbam_flat_projection64/overfit8_epoch40_v2/best/best_model.pt (val_loss=0.023054)

Epoch 34/200

train:   0%|          | 0/4 [00:00<?, ?it/s]
train:   0%|          | 0/4 [00:00<?, ?it/s, loss=0.0388]
train:  25%|██▌       | 1/4 [00:00<00:00,  6.16it/s, loss=0.0388]
train:  25%|██▌       | 1/4 [00:00<00:00,  6.16it/s, loss=0.0266]
train:  50%|█████     | 2/4 [00:00<00:00,  6.31it/s, loss=0.0266]
train:  50%|█████     | 2/4 [00:00<00:00,  6.31it/s, loss=0.0106]
train:  75%|███████▌  | 3/4 [00:00<00:00,  6.35it/s, loss=0.0106]
train:  75%|███████▌  | 3/4 [00:00<00:00,  6.35it/s, loss=0.0161]
train: 100%|██████████| 4/4 [00:00<00:00,  6.35it/s, loss=0.0161]
                                                                 
[PERF][train] samples(local/global)=8/8, batches(local/global)=4/4, samples/s(local/global)=12.7/12.7, ms/batch(local)=158.1, data_wait=2.5%, compute=97.4%, non_finite_skips(local)=0

val:   0%|          | 0/4 [00:00<?, ?it/s]
val:   0%|          | 0/4 [00:00<?, ?it/s, loss=0.0197]
val:   0%|          | 0/4 [00:00<?, ?it/s, loss=0.0194]
val:   0%|          | 0/4 [00:00<?, ?it/s, loss=0.0220]
val:  75%|███████▌  | 3/4 [00:00<00:00, 21.81it/s, loss=0.0220]
val:  75%|███████▌  | 3/4 [00:00<00:00, 21.81it/s, loss=0.0309]
                                                               
[PERF][val] samples(local/global)=8/8, batches(local/global)=4/4, samples/s(local/global)=43.3/43.3, ms/batch(local)=46.1, data_wait=5.4%, compute=94.4%, non_finite_skips(local)=0
[MEM] epoch=34 RAM(before/after)=1423.9/1423.9MB | GPU mem: gpu0 alloc=24.9MB resv=7092.0MB peak=5388.3MB
Epoch 34: train_loss=0.023017, val_loss=0.023012, lr=0.00010000
Updated best model: /home/nis/jinrui.yang/EaBNet_light/logs_cbam_flat_projection64/overfit8_epoch40_v2/best/best_model.pt (val_loss=0.023012)

Epoch 35/200

train:   0%|          | 0/4 [00:00<?, ?it/s]
train:   0%|          | 0/4 [00:00<?, ?it/s, loss=0.0116]
train:  25%|██▌       | 1/4 [00:00<00:00,  6.20it/s, loss=0.0116]
train:  25%|██▌       | 1/4 [00:00<00:00,  6.20it/s, loss=0.0166]
train:  50%|█████     | 2/4 [00:00<00:00,  6.31it/s, loss=0.0166]
train:  50%|█████     | 2/4 [00:00<00:00,  6.31it/s, loss=0.0367]
train:  75%|███████▌  | 3/4 [00:00<00:00,  6.36it/s, loss=0.0367]
train:  75%|███████▌  | 3/4 [00:00<00:00,  6.36it/s, loss=0.0270]
train: 100%|██████████| 4/4 [00:00<00:00,  6.38it/s, loss=0.0270]
                                                                 
[PERF][train] samples(local/global)=8/8, batches(local/global)=4/4, samples/s(local/global)=12.7/12.7, ms/batch(local)=157.6, data_wait=2.0%, compute=97.9%, non_finite_skips(local)=0

val:   0%|          | 0/4 [00:00<?, ?it/s]
val:   0%|          | 0/4 [00:00<?, ?it/s, loss=0.0197]
val:   0%|          | 0/4 [00:00<?, ?it/s, loss=0.0193]
val:   0%|          | 0/4 [00:00<?, ?it/s, loss=0.0220]
val:  75%|███████▌  | 3/4 [00:00<00:00, 21.75it/s, loss=0.0220]
val:  75%|███████▌  | 3/4 [00:00<00:00, 21.75it/s, loss=0.0309]
                                                               
[PERF][val] samples(local/global)=8/8, batches(local/global)=4/4, samples/s(local/global)=43.3/43.3, ms/batch(local)=46.2, data_wait=5.6%, compute=94.2%, non_finite_skips(local)=0
[MEM] epoch=35 RAM(before/after)=1423.9/1423.9MB | GPU mem: gpu0 alloc=24.9MB resv=7092.0MB peak=5388.3MB
Epoch 35: train_loss=0.022980, val_loss=0.022971, lr=0.00010000
Updated best model: /home/nis/jinrui.yang/EaBNet_light/logs_cbam_flat_projection64/overfit8_epoch40_v2/best/best_model.pt (val_loss=0.022971)

Epoch 36/200

train:   0%|          | 0/4 [00:00<?, ?it/s]
train:   0%|          | 0/4 [00:00<?, ?it/s, loss=0.0314]
train:  25%|██▌       | 1/4 [00:00<00:00,  6.10it/s, loss=0.0314]
train:  25%|██▌       | 1/4 [00:00<00:00,  6.10it/s, loss=0.0270]
train:  50%|█████     | 2/4 [00:00<00:00,  6.27it/s, loss=0.0270]
train:  50%|█████     | 2/4 [00:00<00:00,  6.27it/s, loss=0.0221]
train:  75%|███████▌  | 3/4 [00:00<00:00,  6.33it/s, loss=0.0221]
train:  75%|███████▌  | 3/4 [00:00<00:00,  6.33it/s, loss=0.0115]
train: 100%|██████████| 4/4 [00:00<00:00,  6.36it/s, loss=0.0115]
                                                                 
[PERF][train] samples(local/global)=8/8, batches(local/global)=4/4, samples/s(local/global)=12.6/12.6, ms/batch(local)=158.3, data_wait=2.4%, compute=97.4%, non_finite_skips(local)=0

val:   0%|          | 0/4 [00:00<?, ?it/s]
val:   0%|          | 0/4 [00:00<?, ?it/s, loss=0.0197]
val:   0%|          | 0/4 [00:00<?, ?it/s, loss=0.0193]
val:   0%|          | 0/4 [00:00<?, ?it/s, loss=0.0219]
val:  75%|███████▌  | 3/4 [00:00<00:00, 21.84it/s, loss=0.0219]
val:  75%|███████▌  | 3/4 [00:00<00:00, 21.84it/s, loss=0.0308]
                                                               
[PERF][val] samples(local/global)=8/8, batches(local/global)=4/4, samples/s(local/global)=43.5/43.5, ms/batch(local)=46.0, data_wait=4.8%, compute=94.8%, non_finite_skips(local)=0
[MEM] epoch=36 RAM(before/after)=1423.9/1423.9MB | GPU mem: gpu0 alloc=24.9MB resv=7092.0MB peak=5388.3MB
Epoch 36: train_loss=0.023004, val_loss=0.022940, lr=0.00010000
Updated best model: /home/nis/jinrui.yang/EaBNet_light/logs_cbam_flat_projection64/overfit8_epoch40_v2/best/best_model.pt (val_loss=0.022940)

Epoch 37/200

train:   0%|          | 0/4 [00:00<?, ?it/s]
train:   0%|          | 0/4 [00:00<?, ?it/s, loss=0.0234]
train:  25%|██▌       | 1/4 [00:00<00:00,  6.21it/s, loss=0.0234]
train:  25%|██▌       | 1/4 [00:00<00:00,  6.21it/s, loss=0.0048]
train:  50%|█████     | 2/4 [00:00<00:00,  6.33it/s, loss=0.0048]
train:  50%|█████     | 2/4 [00:00<00:00,  6.33it/s, loss=0.0269]
train:  75%|███████▌  | 3/4 [00:00<00:00,  6.36it/s, loss=0.0269]
train:  75%|███████▌  | 3/4 [00:00<00:00,  6.36it/s, loss=0.0366]
train: 100%|██████████| 4/4 [00:00<00:00,  6.36it/s, loss=0.0366]
                                                                 
[PERF][train] samples(local/global)=8/8, batches(local/global)=4/4, samples/s(local/global)=12.7/12.7, ms/batch(local)=157.7, data_wait=2.6%, compute=97.3%, non_finite_skips(local)=0

val:   0%|          | 0/4 [00:00<?, ?it/s]
val:   0%|          | 0/4 [00:00<?, ?it/s, loss=0.0197]
val:   0%|          | 0/4 [00:00<?, ?it/s, loss=0.0192]
val:   0%|          | 0/4 [00:00<?, ?it/s, loss=0.0219]
val:  75%|███████▌  | 3/4 [00:00<00:00, 21.85it/s, loss=0.0219]
val:  75%|███████▌  | 3/4 [00:00<00:00, 21.85it/s, loss=0.0308]
                                                               
[PERF][val] samples(local/global)=8/8, batches(local/global)=4/4, samples/s(local/global)=43.4/43.4, ms/batch(local)=46.1, data_wait=5.4%, compute=94.4%, non_finite_skips(local)=0
[MEM] epoch=37 RAM(before/after)=1423.9/1423.9MB | GPU mem: gpu0 alloc=24.9MB resv=7092.0MB peak=5388.3MB
Epoch 37: train_loss=0.022930, val_loss=0.022905, lr=0.00010000
Updated best model: /home/nis/jinrui.yang/EaBNet_light/logs_cbam_flat_projection64/overfit8_epoch40_v2/best/best_model.pt (val_loss=0.022905)

Epoch 38/200

train:   0%|          | 0/4 [00:00<?, ?it/s]
train:   0%|          | 0/4 [00:00<?, ?it/s, loss=0.0426]
train:  25%|██▌       | 1/4 [00:00<00:00,  6.14it/s, loss=0.0426]
train:  25%|██▌       | 1/4 [00:00<00:00,  6.14it/s, loss=0.0115]
train:  50%|█████     | 2/4 [00:00<00:00,  6.28it/s, loss=0.0115]
train:  50%|█████     | 2/4 [00:00<00:00,  6.28it/s, loss=0.0197]
train:  75%|███████▌  | 3/4 [00:00<00:00,  6.33it/s, loss=0.0197]
train:  75%|███████▌  | 3/4 [00:00<00:00,  6.33it/s, loss=0.0176]
train: 100%|██████████| 4/4 [00:00<00:00,  6.34it/s, loss=0.0176]
                                                                 
[PERF][train] samples(local/global)=8/8, batches(local/global)=4/4, samples/s(local/global)=12.6/12.6, ms/batch(local)=158.4, data_wait=2.5%, compute=97.4%, non_finite_skips(local)=0

val:   0%|          | 0/4 [00:00<?, ?it/s]
val:   0%|          | 0/4 [00:00<?, ?it/s, loss=0.0197]
val:   0%|          | 0/4 [00:00<?, ?it/s, loss=0.0192]
val:   0%|          | 0/4 [00:00<?, ?it/s, loss=0.0219]
val:  75%|███████▌  | 3/4 [00:00<00:00, 21.75it/s, loss=0.0219]
val:  75%|███████▌  | 3/4 [00:00<00:00, 21.75it/s, loss=0.0308]
                                                               
[PERF][val] samples(local/global)=8/8, batches(local/global)=4/4, samples/s(local/global)=43.3/43.3, ms/batch(local)=46.2, data_wait=5.7%, compute=94.2%, non_finite_skips(local)=0
[MEM] epoch=38 RAM(before/after)=1423.9/1436.2MB | GPU mem: gpu0 alloc=24.9MB resv=7092.0MB peak=5388.3MB
Epoch 38: train_loss=0.022861, val_loss=0.022892, lr=0.00010000
Updated best model: /home/nis/jinrui.yang/EaBNet_light/logs_cbam_flat_projection64/overfit8_epoch40_v2/best/best_model.pt (val_loss=0.022892)

Epoch 39/200

train:   0%|          | 0/4 [00:00<?, ?it/s]
train:   0%|          | 0/4 [00:00<?, ?it/s, loss=0.0160]
train:  25%|██▌       | 1/4 [00:00<00:00,  6.34it/s, loss=0.0160]
train:  25%|██▌       | 1/4 [00:00<00:00,  6.34it/s, loss=0.0176]
train:  50%|█████     | 2/4 [00:00<00:00,  6.40it/s, loss=0.0176]
train:  50%|█████     | 2/4 [00:00<00:00,  6.40it/s, loss=0.0458]
train:  75%|███████▌  | 3/4 [00:00<00:00,  6.40it/s, loss=0.0458]
train:  75%|███████▌  | 3/4 [00:00<00:00,  6.40it/s, loss=0.0121]
train: 100%|██████████| 4/4 [00:00<00:00,  6.38it/s, loss=0.0121]
                                                                 
[PERF][train] samples(local/global)=8/8, batches(local/global)=4/4, samples/s(local/global)=12.8/12.8, ms/batch(local)=156.8, data_wait=1.8%, compute=98.1%, non_finite_skips(local)=0

val:   0%|          | 0/4 [00:00<?, ?it/s]
val:   0%|          | 0/4 [00:00<?, ?it/s, loss=0.0197]
val:   0%|          | 0/4 [00:00<?, ?it/s, loss=0.0192]
val:   0%|          | 0/4 [00:00<?, ?it/s, loss=0.0218]
val:  75%|███████▌  | 3/4 [00:00<00:00, 21.81it/s, loss=0.0218]
val:  75%|███████▌  | 3/4 [00:00<00:00, 21.81it/s, loss=0.0308]
                                                               
[PERF][val] samples(local/global)=8/8, batches(local/global)=4/4, samples/s(local/global)=43.2/43.2, ms/batch(local)=46.2, data_wait=5.6%, compute=94.1%, non_finite_skips(local)=0
[MEM] epoch=39 RAM(before/after)=1436.2/1423.9MB | GPU mem: gpu0 alloc=24.9MB resv=7092.0MB peak=5388.3MB
Epoch 39: train_loss=0.022865, val_loss=0.022871, lr=0.00010000
Updated best model: /home/nis/jinrui.yang/EaBNet_light/logs_cbam_flat_projection64/overfit8_epoch40_v2/best/best_model.pt (val_loss=0.022871)

Epoch 40/200

train:   0%|          | 0/4 [00:00<?, ?it/s]
train:   0%|          | 0/4 [00:00<?, ?it/s, loss=0.0115]
train:  25%|██▌       | 1/4 [00:00<00:00,  6.12it/s, loss=0.0115]
train:  25%|██▌       | 1/4 [00:00<00:00,  6.12it/s, loss=0.0310]
train:  50%|█████     | 2/4 [00:00<00:00,  6.28it/s, loss=0.0310]
train:  50%|█████     | 2/4 [00:00<00:00,  6.28it/s, loss=0.0175]
train:  75%|███████▌  | 3/4 [00:00<00:00,  6.33it/s, loss=0.0175]
train:  75%|███████▌  | 3/4 [00:00<00:00,  6.33it/s, loss=0.0313]
train: 100%|██████████| 4/4 [00:00<00:00,  6.33it/s, loss=0.0313]
                                                                 
[PERF][train] samples(local/global)=8/8, batches(local/global)=4/4, samples/s(local/global)=12.6/12.6, ms/batch(local)=158.7, data_wait=2.5%, compute=97.4%, non_finite_skips(local)=0

val:   0%|          | 0/4 [00:00<?, ?it/s]
val:   0%|          | 0/4 [00:00<?, ?it/s, loss=0.0196]
val:   0%|          | 0/4 [00:00<?, ?it/s, loss=0.0192]
val:   0%|          | 0/4 [00:00<?, ?it/s, loss=0.0218]
val:  75%|███████▌  | 3/4 [00:00<00:00, 21.86it/s, loss=0.0218]
val:  75%|███████▌  | 3/4 [00:00<00:00, 21.86it/s, loss=0.0307]
                                                               
[PERF][val] samples(local/global)=8/8, batches(local/global)=4/4, samples/s(local/global)=43.3/43.3, ms/batch(local)=46.2, data_wait=5.4%, compute=94.4%, non_finite_skips(local)=0
[MEM] epoch=40 RAM(before/after)=1423.9/1423.9MB | GPU mem: gpu0 alloc=24.9MB resv=7092.0MB peak=5388.3MB
Epoch 40: train_loss=0.022835, val_loss=0.022846, lr=0.00010000
Updated best model: /home/nis/jinrui.yang/EaBNet_light/logs_cbam_flat_projection64/overfit8_epoch40_v2/best/best_model.pt (val_loss=0.022846)

Epoch 41/200

train:   0%|          | 0/4 [00:00<?, ?it/s]
train:   0%|          | 0/4 [00:00<?, ?it/s, loss=0.0105]
train:  25%|██▌       | 1/4 [00:00<00:00,  5.98it/s, loss=0.0105]
train:  25%|██▌       | 1/4 [00:00<00:00,  5.98it/s, loss=0.0425]
train:  50%|█████     | 2/4 [00:00<00:00,  6.23it/s, loss=0.0425]
train:  50%|█████     | 2/4 [00:00<00:00,  6.23it/s, loss=0.0119]
train:  75%|███████▌  | 3/4 [00:00<00:00,  6.30it/s, loss=0.0119]
train:  75%|███████▌  | 3/4 [00:00<00:00,  6.30it/s, loss=0.0264]
train: 100%|██████████| 4/4 [00:00<00:00,  6.32it/s, loss=0.0264]
                                                                 
[PERF][train] samples(local/global)=8/8, batches(local/global)=4/4, samples/s(local/global)=12.6/12.6, ms/batch(local)=159.4, data_wait=2.5%, compute=97.4%, non_finite_skips(local)=0

val:   0%|          | 0/4 [00:00<?, ?it/s]
val:   0%|          | 0/4 [00:00<?, ?it/s, loss=0.0196]
val:   0%|          | 0/4 [00:00<?, ?it/s, loss=0.0191]
val:   0%|          | 0/4 [00:00<?, ?it/s, loss=0.0218]
val:  75%|███████▌  | 3/4 [00:00<00:00, 21.75it/s, loss=0.0218]
val:  75%|███████▌  | 3/4 [00:00<00:00, 21.75it/s, loss=0.0307]
                                                               
[PERF][val] samples(local/global)=8/8, batches(local/global)=4/4, samples/s(local/global)=43.2/43.2, ms/batch(local)=46.3, data_wait=5.6%, compute=94.2%, non_finite_skips(local)=0
[MEM] epoch=41 RAM(before/after)=1423.9/1423.9MB | GPU mem: gpu0 alloc=24.9MB resv=7092.0MB peak=5388.3MB
Epoch 41: train_loss=0.022822, val_loss=0.022807, lr=0.00010000
Updated best model: /home/nis/jinrui.yang/EaBNet_light/logs_cbam_flat_projection64/overfit8_epoch40_v2/best/best_model.pt (val_loss=0.022807)

Epoch 42/200

train:   0%|          | 0/4 [00:00<?, ?it/s]
train:   0%|          | 0/4 [00:00<?, ?it/s, loss=0.0193]
train:  25%|██▌       | 1/4 [00:00<00:00,  6.12it/s, loss=0.0193]
train:  25%|██▌       | 1/4 [00:00<00:00,  6.12it/s, loss=0.0048]
train:  50%|█████     | 2/4 [00:00<00:00,  6.26it/s, loss=0.0048]
train:  50%|█████     | 2/4 [00:00<00:00,  6.26it/s, loss=0.0309]
train:  75%|███████▌  | 3/4 [00:00<00:00,  6.32it/s, loss=0.0309]
train:  75%|███████▌  | 3/4 [00:00<00:00,  6.32it/s, loss=0.0364]
train: 100%|██████████| 4/4 [00:00<00:00,  6.33it/s, loss=0.0364]
                                                                 
[PERF][train] samples(local/global)=8/8, batches(local/global)=4/4, samples/s(local/global)=12.6/12.6, ms/batch(local)=158.8, data_wait=2.5%, compute=97.4%, non_finite_skips(local)=0

val:   0%|          | 0/4 [00:00<?, ?it/s]
val:   0%|          | 0/4 [00:00<?, ?it/s, loss=0.0196]
val:   0%|          | 0/4 [00:00<?, ?it/s, loss=0.0191]
val:   0%|          | 0/4 [00:00<?, ?it/s, loss=0.0218]
val:  75%|███████▌  | 3/4 [00:00<00:00, 21.81it/s, loss=0.0218]
val:  75%|███████▌  | 3/4 [00:00<00:00, 21.81it/s, loss=0.0306]
                                                               
[PERF][val] samples(local/global)=8/8, batches(local/global)=4/4, samples/s(local/global)=43.2/43.2, ms/batch(local)=46.3, data_wait=5.6%, compute=94.2%, non_finite_skips(local)=0
[MEM] epoch=42 RAM(before/after)=1423.9/1423.9MB | GPU mem: gpu0 alloc=24.9MB resv=7092.0MB peak=5388.3MB
Epoch 42: train_loss=0.022842, val_loss=0.022775, lr=0.00010000
Updated best model: /home/nis/jinrui.yang/EaBNet_light/logs_cbam_flat_projection64/overfit8_epoch40_v2/best/best_model.pt (val_loss=0.022775)

Epoch 43/200

train:   0%|          | 0/4 [00:00<?, ?it/s]
train:   0%|          | 0/4 [00:00<?, ?it/s, loss=0.0263]
train:  25%|██▌       | 1/4 [00:00<00:00,  6.28it/s, loss=0.0263]
train:  25%|██▌       | 1/4 [00:00<00:00,  6.28it/s, loss=0.0423]
train:  50%|█████     | 2/4 [00:00<00:00,  6.33it/s, loss=0.0423]
train:  50%|█████     | 2/4 [00:00<00:00,  6.33it/s, loss=0.0125]
train:  75%|███████▌  | 3/4 [00:00<00:00,  6.35it/s, loss=0.0125]
train:  75%|███████▌  | 3/4 [00:00<00:00,  6.35it/s, loss=0.0099]
train: 100%|██████████| 4/4 [00:00<00:00,  6.35it/s, loss=0.0099]
                                                                 
[PERF][train] samples(local/global)=8/8, batches(local/global)=4/4, samples/s(local/global)=12.7/12.7, ms/batch(local)=157.8, data_wait=2.4%, compute=97.5%, non_finite_skips(local)=0

val:   0%|          | 0/4 [00:00<?, ?it/s]
val:   0%|          | 0/4 [00:00<?, ?it/s, loss=0.0196]
val:   0%|          | 0/4 [00:00<?, ?it/s, loss=0.0191]
val:   0%|          | 0/4 [00:00<?, ?it/s, loss=0.0218]
val:  75%|███████▌  | 3/4 [00:00<00:00, 21.74it/s, loss=0.0218]
val:  75%|███████▌  | 3/4 [00:00<00:00, 21.74it/s, loss=0.0306]
                                                               
[PERF][val] samples(local/global)=8/8, batches(local/global)=4/4, samples/s(local/global)=43.2/43.2, ms/batch(local)=46.2, data_wait=5.4%, compute=94.4%, non_finite_skips(local)=0
[MEM] epoch=43 RAM(before/after)=1423.9/1423.9MB | GPU mem: gpu0 alloc=24.9MB resv=7092.0MB peak=5388.3MB
Epoch 43: train_loss=0.022771, val_loss=0.022763, lr=0.00010000
Updated best model: /home/nis/jinrui.yang/EaBNet_light/logs_cbam_flat_projection64/overfit8_epoch40_v2/best/best_model.pt (val_loss=0.022763)

Epoch 44/200

train:   0%|          | 0/4 [00:00<?, ?it/s]
train:   0%|          | 0/4 [00:00<?, ?it/s, loss=0.0105]
train:  25%|██▌       | 1/4 [00:00<00:00,  6.10it/s, loss=0.0105]
train:  25%|██▌       | 1/4 [00:00<00:00,  6.10it/s, loss=0.0305]
train:  50%|█████     | 2/4 [00:00<00:00,  6.28it/s, loss=0.0305]
train:  50%|█████     | 2/4 [00:00<00:00,  6.28it/s, loss=0.0232]
train:  75%|███████▌  | 3/4 [00:00<00:00,  6.33it/s, loss=0.0232]
train:  75%|███████▌  | 3/4 [00:00<00:00,  6.33it/s, loss=0.0267]
train: 100%|██████████| 4/4 [00:00<00:00,  6.33it/s, loss=0.0267]
                                                                 
[PERF][train] samples(local/global)=8/8, batches(local/global)=4/4, samples/s(local/global)=12.6/12.6, ms/batch(local)=158.7, data_wait=2.6%, compute=97.3%, non_finite_skips(local)=0

val:   0%|          | 0/4 [00:00<?, ?it/s]
val:   0%|          | 0/4 [00:00<?, ?it/s, loss=0.0196]
val:   0%|          | 0/4 [00:00<?, ?it/s, loss=0.0190]
val:   0%|          | 0/4 [00:00<?, ?it/s, loss=0.0217]
val:  75%|███████▌  | 3/4 [00:00<00:00, 21.71it/s, loss=0.0217]
val:  75%|███████▌  | 3/4 [00:00<00:00, 21.71it/s, loss=0.0306]
                                                               
[PERF][val] samples(local/global)=8/8, batches(local/global)=4/4, samples/s(local/global)=43.1/43.1, ms/batch(local)=46.4, data_wait=5.8%, compute=94.0%, non_finite_skips(local)=0
[MEM] epoch=44 RAM(before/after)=1423.9/1423.9MB | GPU mem: gpu0 alloc=24.9MB resv=7092.0MB peak=5388.3MB
Epoch 44: train_loss=0.022707, val_loss=0.022721, lr=0.00010000
Updated best model: /home/nis/jinrui.yang/EaBNet_light/logs_cbam_flat_projection64/overfit8_epoch40_v2/best/best_model.pt (val_loss=0.022721)

Epoch 45/200

train:   0%|          | 0/4 [00:00<?, ?it/s]
train:   0%|          | 0/4 [00:00<?, ?it/s, loss=0.0362]
train:  25%|██▌       | 1/4 [00:00<00:00,  6.00it/s, loss=0.0362]
train:  25%|██▌       | 1/4 [00:00<00:00,  6.00it/s, loss=0.0114]
train:  50%|█████     | 2/4 [00:00<00:00,  6.24it/s, loss=0.0114]
train:  50%|█████     | 2/4 [00:00<00:00,  6.24it/s, loss=0.0236]
train:  75%|███████▌  | 3/4 [00:00<00:00,  6.30it/s, loss=0.0236]
train:  75%|███████▌  | 3/4 [00:00<00:00,  6.30it/s, loss=0.0196]
train: 100%|██████████| 4/4 [00:00<00:00,  6.32it/s, loss=0.0196]
                                                                 
[PERF][train] samples(local/global)=8/8, batches(local/global)=4/4, samples/s(local/global)=12.6/12.6, ms/batch(local)=159.3, data_wait=2.5%, compute=97.4%, non_finite_skips(local)=0

val:   0%|          | 0/4 [00:00<?, ?it/s]
val:   0%|          | 0/4 [00:00<?, ?it/s, loss=0.0196]
val:   0%|          | 0/4 [00:00<?, ?it/s, loss=0.0190]
val:   0%|          | 0/4 [00:00<?, ?it/s, loss=0.0217]
val:  75%|███████▌  | 3/4 [00:00<00:00, 21.73it/s, loss=0.0217]
val:  75%|███████▌  | 3/4 [00:00<00:00, 21.73it/s, loss=0.0305]
                                                               
[PERF][val] samples(local/global)=8/8, batches(local/global)=4/4, samples/s(local/global)=43.1/43.1, ms/batch(local)=46.4, data_wait=5.7%, compute=94.1%, non_finite_skips(local)=0
[MEM] epoch=45 RAM(before/after)=1423.9/1423.9MB | GPU mem: gpu0 alloc=24.9MB resv=7092.0MB peak=5388.3MB
Epoch 45: train_loss=0.022707, val_loss=0.022698, lr=0.00010000
Updated best model: /home/nis/jinrui.yang/EaBNet_light/logs_cbam_flat_projection64/overfit8_epoch40_v2/best/best_model.pt (val_loss=0.022698)

Epoch 46/200

train:   0%|          | 0/4 [00:00<?, ?it/s]
train:   0%|          | 0/4 [00:00<?, ?it/s, loss=0.0114]
train:  25%|██▌       | 1/4 [00:00<00:00,  6.12it/s, loss=0.0114]
train:  25%|██▌       | 1/4 [00:00<00:00,  6.12it/s, loss=0.0174]
train:  50%|█████     | 2/4 [00:00<00:00,  6.27it/s, loss=0.0174]
train:  50%|█████     | 2/4 [00:00<00:00,  6.27it/s, loss=0.0421]
train:  75%|███████▌  | 3/4 [00:00<00:00,  6.33it/s, loss=0.0421]
train:  75%|███████▌  | 3/4 [00:00<00:00,  6.33it/s, loss=0.0196]
train: 100%|██████████| 4/4 [00:00<00:00,  6.33it/s, loss=0.0196]
                                                                 
[PERF][train] samples(local/global)=8/8, batches(local/global)=4/4, samples/s(local/global)=12.6/12.6, ms/batch(local)=158.6, data_wait=2.6%, compute=97.3%, non_finite_skips(local)=0

val:   0%|          | 0/4 [00:00<?, ?it/s]
val:   0%|          | 0/4 [00:00<?, ?it/s, loss=0.0196]
val:   0%|          | 0/4 [00:00<?, ?it/s, loss=0.0190]
val:   0%|          | 0/4 [00:00<?, ?it/s, loss=0.0216]
val:  75%|███████▌  | 3/4 [00:00<00:00, 21.88it/s, loss=0.0216]
val:  75%|███████▌  | 3/4 [00:00<00:00, 21.88it/s, loss=0.0305]
                                                               
[PERF][val] samples(local/global)=8/8, batches(local/global)=4/4, samples/s(local/global)=43.3/43.3, ms/batch(local)=46.2, data_wait=5.2%, compute=94.6%, non_finite_skips(local)=0
[MEM] epoch=46 RAM(before/after)=1423.9/1423.9MB | GPU mem: gpu0 alloc=24.9MB resv=7092.0MB peak=5388.3MB
Epoch 46: train_loss=0.022616, val_loss=0.022677, lr=0.00010000
Updated best model: /home/nis/jinrui.yang/EaBNet_light/logs_cbam_flat_projection64/overfit8_epoch40_v2/best/best_model.pt (val_loss=0.022677)

Epoch 47/200

train:   0%|          | 0/4 [00:00<?, ?it/s]
train:   0%|          | 0/4 [00:00<?, ?it/s, loss=0.0173]
train:  25%|██▌       | 1/4 [00:00<00:00,  6.11it/s, loss=0.0173]
train:  25%|██▌       | 1/4 [00:00<00:00,  6.11it/s, loss=0.0158]
train:  50%|█████     | 2/4 [00:00<00:00,  6.26it/s, loss=0.0158]
train:  50%|█████     | 2/4 [00:00<00:00,  6.26it/s, loss=0.0455]
train:  75%|███████▌  | 3/4 [00:00<00:00,  6.32it/s, loss=0.0455]
train:  75%|███████▌  | 3/4 [00:00<00:00,  6.32it/s, loss=0.0120]
train: 100%|██████████| 4/4 [00:00<00:00,  6.34it/s, loss=0.0120]
                                                                 
[PERF][train] samples(local/global)=8/8, batches(local/global)=4/4, samples/s(local/global)=12.6/12.6, ms/batch(local)=158.7, data_wait=2.4%, compute=97.5%, non_finite_skips(local)=0

val:   0%|          | 0/4 [00:00<?, ?it/s]
val:   0%|          | 0/4 [00:00<?, ?it/s, loss=0.0196]
val:   0%|          | 0/4 [00:00<?, ?it/s, loss=0.0190]
val:   0%|          | 0/4 [00:00<?, ?it/s, loss=0.0216]
val:  75%|███████▌  | 3/4 [00:00<00:00, 21.77it/s, loss=0.0216]
val:  75%|███████▌  | 3/4 [00:00<00:00, 21.77it/s, loss=0.0305]
                                                               
[PERF][val] samples(local/global)=8/8, batches(local/global)=4/4, samples/s(local/global)=43.1/43.1, ms/batch(local)=46.4, data_wait=5.6%, compute=94.2%, non_finite_skips(local)=0
[MEM] epoch=47 RAM(before/after)=1423.9/1423.9MB | GPU mem: gpu0 alloc=24.9MB resv=7092.0MB peak=5388.3MB
Epoch 47: train_loss=0.022640, val_loss=0.022653, lr=0.00010000
Updated best model: /home/nis/jinrui.yang/EaBNet_light/logs_cbam_flat_projection64/overfit8_epoch40_v2/best/best_model.pt (val_loss=0.022653)

Epoch 48/200

train:   0%|          | 0/4 [00:00<?, ?it/s]
train:   0%|          | 0/4 [00:00<?, ?it/s, loss=0.0113]
train:  25%|██▌       | 1/4 [00:00<00:00,  6.16it/s, loss=0.0113]
train:  25%|██▌       | 1/4 [00:00<00:00,  6.16it/s, loss=0.0454]
train:  50%|█████     | 2/4 [00:00<00:00,  6.30it/s, loss=0.0454]
train:  50%|█████     | 2/4 [00:00<00:00,  6.30it/s, loss=0.0234]
train:  75%|███████▌  | 3/4 [00:00<00:00,  6.34it/s, loss=0.0234]
train:  75%|███████▌  | 3/4 [00:00<00:00,  6.34it/s, loss=0.0104]
train: 100%|██████████| 4/4 [00:00<00:00,  6.34it/s, loss=0.0104]
                                                                 
[PERF][train] samples(local/global)=8/8, batches(local/global)=4/4, samples/s(local/global)=12.6/12.6, ms/batch(local)=158.3, data_wait=2.4%, compute=97.5%, non_finite_skips(local)=0

val:   0%|          | 0/4 [00:00<?, ?it/s]
val:   0%|          | 0/4 [00:00<?, ?it/s, loss=0.0196]
val:   0%|          | 0/4 [00:00<?, ?it/s, loss=0.0189]
val:   0%|          | 0/4 [00:00<?, ?it/s, loss=0.0216]
val:  75%|███████▌  | 3/4 [00:00<00:00, 21.74it/s, loss=0.0216]
val:  75%|███████▌  | 3/4 [00:00<00:00, 21.74it/s, loss=0.0305]
                                                               
[PERF][val] samples(local/global)=8/8, batches(local/global)=4/4, samples/s(local/global)=43.2/43.2, ms/batch(local)=46.3, data_wait=5.6%, compute=94.2%, non_finite_skips(local)=0
[MEM] epoch=48 RAM(before/after)=1423.9/1423.9MB | GPU mem: gpu0 alloc=24.9MB resv=7092.0MB peak=5388.3MB
Epoch 48: train_loss=0.022645, val_loss=0.022632, lr=0.00010000
Updated best model: /home/nis/jinrui.yang/EaBNet_light/logs_cbam_flat_projection64/overfit8_epoch40_v2/best/best_model.pt (val_loss=0.022632)

Epoch 49/200

train:   0%|          | 0/4 [00:00<?, ?it/s]
train:   0%|          | 0/4 [00:00<?, ?it/s, loss=0.0307]
train:  25%|██▌       | 1/4 [00:00<00:00,  6.22it/s, loss=0.0307]
train:  25%|██▌       | 1/4 [00:00<00:00,  6.22it/s, loss=0.0120]
train:  50%|█████     | 2/4 [00:00<00:00,  6.31it/s, loss=0.0120]
train:  50%|█████     | 2/4 [00:00<00:00,  6.31it/s, loss=0.0118]
train:  75%|███████▌  | 3/4 [00:00<00:00,  6.35it/s, loss=0.0118]
train:  75%|███████▌  | 3/4 [00:00<00:00,  6.35it/s, loss=0.0361]
train: 100%|██████████| 4/4 [00:00<00:00,  6.34it/s, loss=0.0361]
                                                                 
[PERF][train] samples(local/global)=8/8, batches(local/global)=4/4, samples/s(local/global)=12.6/12.6, ms/batch(local)=158.1, data_wait=2.4%, compute=97.5%, non_finite_skips(local)=0

val:   0%|          | 0/4 [00:00<?, ?it/s]
val:   0%|          | 0/4 [00:00<?, ?it/s, loss=0.0196]
val:   0%|          | 0/4 [00:00<?, ?it/s, loss=0.0189]
val:   0%|          | 0/4 [00:00<?, ?it/s, loss=0.0216]
val:  75%|███████▌  | 3/4 [00:00<00:00, 21.80it/s, loss=0.0216]
val:  75%|███████▌  | 3/4 [00:00<00:00, 21.80it/s, loss=0.0305]
                                                               
[PERF][val] samples(local/global)=8/8, batches(local/global)=4/4, samples/s(local/global)=43.2/43.2, ms/batch(local)=46.3, data_wait=5.5%, compute=94.2%, non_finite_skips(local)=0
[MEM] epoch=49 RAM(before/after)=1423.9/1423.9MB | GPU mem: gpu0 alloc=24.9MB resv=7092.0MB peak=5388.3MB
Epoch 49: train_loss=0.022627, val_loss=0.022614, lr=0.00010000
Updated best model: /home/nis/jinrui.yang/EaBNet_light/logs_cbam_flat_projection64/overfit8_epoch40_v2/best/best_model.pt (val_loss=0.022614)

Epoch 50/200

train:   0%|          | 0/4 [00:00<?, ?it/s]
train:   0%|          | 0/4 [00:00<?, ?it/s, loss=0.0113]
train:  25%|██▌       | 1/4 [00:00<00:00,  5.95it/s, loss=0.0113]
train:  25%|██▌       | 1/4 [00:00<00:00,  5.95it/s, loss=0.0104]
train:  50%|█████     | 2/4 [00:00<00:00,  6.19it/s, loss=0.0104]
train:  50%|█████     | 2/4 [00:00<00:00,  6.19it/s, loss=0.0380]
train:  75%|███████▌  | 3/4 [00:00<00:00,  6.28it/s, loss=0.0380]
train:  75%|███████▌  | 3/4 [00:00<00:00,  6.28it/s, loss=0.0306]
train: 100%|██████████| 4/4 [00:00<00:00,  6.31it/s, loss=0.0306]
                                                                 
[PERF][train] samples(local/global)=8/8, batches(local/global)=4/4, samples/s(local/global)=12.5/12.5, ms/batch(local)=159.8, data_wait=2.5%, compute=97.4%, non_finite_skips(local)=0

val:   0%|          | 0/4 [00:00<?, ?it/s]
val:   0%|          | 0/4 [00:00<?, ?it/s, loss=0.0195]
val:   0%|          | 0/4 [00:00<?, ?it/s, loss=0.0189]
val:   0%|          | 0/4 [00:00<?, ?it/s, loss=0.0215]
val:  75%|███████▌  | 3/4 [00:00<00:00, 21.72it/s, loss=0.0215]
val:  75%|███████▌  | 3/4 [00:00<00:00, 21.72it/s, loss=0.0304]
                                                               
[PERF][val] samples(local/global)=8/8, batches(local/global)=4/4, samples/s(local/global)=43.2/43.2, ms/batch(local)=46.3, data_wait=5.5%, compute=94.3%, non_finite_skips(local)=0
[MEM] epoch=50 RAM(before/after)=1423.9/1423.9MB | GPU mem: gpu0 alloc=24.9MB resv=7092.0MB peak=5388.3MB
Epoch 50: train_loss=0.022568, val_loss=0.022595, lr=0.00010000
Updated best model: /home/nis/jinrui.yang/EaBNet_light/logs_cbam_flat_projection64/overfit8_epoch40_v2/best/best_model.pt (val_loss=0.022595)

Epoch 51/200

train:   0%|          | 0/4 [00:00<?, ?it/s]
train:   0%|          | 0/4 [00:00<?, ?it/s, loss=0.0163]
train:  25%|██▌       | 1/4 [00:00<00:00,  6.11it/s, loss=0.0163]
train:  25%|██▌       | 1/4 [00:00<00:00,  6.11it/s, loss=0.0190]
train:  50%|█████     | 2/4 [00:00<00:00,  6.27it/s, loss=0.0190]
train:  50%|█████     | 2/4 [00:00<00:00,  6.27it/s, loss=0.0452]
train:  75%|███████▌  | 3/4 [00:00<00:00,  6.33it/s, loss=0.0452]
train:  75%|███████▌  | 3/4 [00:00<00:00,  6.33it/s, loss=0.0098]
train: 100%|██████████| 4/4 [00:00<00:00,  6.34it/s, loss=0.0098]
                                                                 
[PERF][train] samples(local/global)=8/8, batches(local/global)=4/4, samples/s(local/global)=12.6/12.6, ms/batch(local)=158.6, data_wait=2.6%, compute=97.3%, non_finite_skips(local)=0

val:   0%|          | 0/4 [00:00<?, ?it/s]
val:   0%|          | 0/4 [00:00<?, ?it/s, loss=0.0195]
val:   0%|          | 0/4 [00:00<?, ?it/s, loss=0.0188]
val:   0%|          | 0/4 [00:00<?, ?it/s, loss=0.0215]
val:  75%|███████▌  | 3/4 [00:00<00:00, 21.71it/s, loss=0.0215]
val:  75%|███████▌  | 3/4 [00:00<00:00, 21.71it/s, loss=0.0304]
                                                               
[PERF][val] samples(local/global)=8/8, batches(local/global)=4/4, samples/s(local/global)=43.1/43.1, ms/batch(local)=46.4, data_wait=5.6%, compute=94.1%, non_finite_skips(local)=0
[MEM] epoch=51 RAM(before/after)=1423.9/1423.9MB | GPU mem: gpu0 alloc=24.9MB resv=7092.0MB peak=5388.3MB
Epoch 51: train_loss=0.022572, val_loss=0.022565, lr=0.00010000
Updated best model: /home/nis/jinrui.yang/EaBNet_light/logs_cbam_flat_projection64/overfit8_epoch40_v2/best/best_model.pt (val_loss=0.022565)

Epoch 52/200

train:   0%|          | 0/4 [00:00<?, ?it/s]
train:   0%|          | 0/4 [00:00<?, ?it/s, loss=0.0229]
train:  25%|██▌       | 1/4 [00:00<00:00,  6.26it/s, loss=0.0229]
train:  25%|██▌       | 1/4 [00:00<00:00,  6.26it/s, loss=0.0265]
train:  50%|█████     | 2/4 [00:00<00:00,  6.32it/s, loss=0.0265]
train:  50%|█████     | 2/4 [00:00<00:00,  6.32it/s, loss=0.0104]
train:  75%|███████▌  | 3/4 [00:00<00:00,  6.36it/s, loss=0.0104]
train:  75%|███████▌  | 3/4 [00:00<00:00,  6.36it/s, loss=0.0303]
train: 100%|██████████| 4/4 [00:00<00:00,  6.36it/s, loss=0.0303]
                                                                 
[PERF][train] samples(local/global)=8/8, batches(local/global)=4/4, samples/s(local/global)=12.7/12.7, ms/batch(local)=157.7, data_wait=2.2%, compute=97.7%, non_finite_skips(local)=0

val:   0%|          | 0/4 [00:00<?, ?it/s]
val:   0%|          | 0/4 [00:00<?, ?it/s, loss=0.0195]
val:   0%|          | 0/4 [00:00<?, ?it/s, loss=0.0188]
val:   0%|          | 0/4 [00:00<?, ?it/s, loss=0.0214]
val:  75%|███████▌  | 3/4 [00:00<00:00, 21.71it/s, loss=0.0214]
val:  75%|███████▌  | 3/4 [00:00<00:00, 21.71it/s, loss=0.0303]
                                                               
[PERF][val] samples(local/global)=8/8, batches(local/global)=4/4, samples/s(local/global)=43.1/43.1, ms/batch(local)=46.4, data_wait=5.5%, compute=94.3%, non_finite_skips(local)=0
[MEM] epoch=52 RAM(before/after)=1423.9/1423.9MB | GPU mem: gpu0 alloc=24.9MB resv=7092.0MB peak=5388.3MB
Epoch 52: train_loss=0.022500, val_loss=0.022530, lr=0.00010000
Updated best model: /home/nis/jinrui.yang/EaBNet_light/logs_cbam_flat_projection64/overfit8_epoch40_v2/best/best_model.pt (val_loss=0.022530)

Epoch 53/200

train:   0%|          | 0/4 [00:00<?, ?it/s]
train:   0%|          | 0/4 [00:00<?, ?it/s, loss=0.0189]
train:  25%|██▌       | 1/4 [00:00<00:00,  6.27it/s, loss=0.0189]
train:  25%|██▌       | 1/4 [00:00<00:00,  6.27it/s, loss=0.0172]
train:  50%|█████     | 2/4 [00:00<00:00,  6.34it/s, loss=0.0172]
train:  50%|█████     | 2/4 [00:00<00:00,  6.34it/s, loss=0.0376]
train:  75%|███████▌  | 3/4 [00:00<00:00,  6.37it/s, loss=0.0376]
train:  75%|███████▌  | 3/4 [00:00<00:00,  6.37it/s, loss=0.0162]
train: 100%|██████████| 4/4 [00:00<00:00,  6.36it/s, loss=0.0162]
                                                                 
[PERF][train] samples(local/global)=8/8, batches(local/global)=4/4, samples/s(local/global)=12.7/12.7, ms/batch(local)=157.5, data_wait=2.1%, compute=97.8%, non_finite_skips(local)=0

val:   0%|          | 0/4 [00:00<?, ?it/s]
val:   0%|          | 0/4 [00:00<?, ?it/s, loss=0.0195]
val:   0%|          | 0/4 [00:00<?, ?it/s, loss=0.0188]
val:   0%|          | 0/4 [00:00<?, ?it/s, loss=0.0214]
val:  75%|███████▌  | 3/4 [00:00<00:00, 21.81it/s, loss=0.0214]
val:  75%|███████▌  | 3/4 [00:00<00:00, 21.81it/s, loss=0.0303]
                                                               
[PERF][val] samples(local/global)=8/8, batches(local/global)=4/4, samples/s(local/global)=43.2/43.2, ms/batch(local)=46.3, data_wait=5.4%, compute=94.4%, non_finite_skips(local)=0
[MEM] epoch=53 RAM(before/after)=1423.9/1423.9MB | GPU mem: gpu0 alloc=24.9MB resv=7092.0MB peak=5388.3MB
Epoch 53: train_loss=0.022476, val_loss=0.022492, lr=0.00010000
Updated best model: /home/nis/jinrui.yang/EaBNet_light/logs_cbam_flat_projection64/overfit8_epoch40_v2/best/best_model.pt (val_loss=0.022492)

Epoch 54/200

train:   0%|          | 0/4 [00:00<?, ?it/s]
train:   0%|          | 0/4 [00:00<?, ?it/s, loss=0.0189]
train:  25%|██▌       | 1/4 [00:00<00:00,  6.15it/s, loss=0.0189]
train:  25%|██▌       | 1/4 [00:00<00:00,  6.15it/s, loss=0.0156]
train:  50%|█████     | 2/4 [00:00<00:00,  6.29it/s, loss=0.0156]
train:  50%|█████     | 2/4 [00:00<00:00,  6.29it/s, loss=0.0246]
train:  75%|███████▌  | 3/4 [00:00<00:00,  6.34it/s, loss=0.0246]
train:  75%|███████▌  | 3/4 [00:00<00:00,  6.34it/s, loss=0.0309]
train: 100%|██████████| 4/4 [00:00<00:00,  6.34it/s, loss=0.0309]
                                                                 
[PERF][train] samples(local/global)=8/8, batches(local/global)=4/4, samples/s(local/global)=12.6/12.6, ms/batch(local)=158.3, data_wait=2.4%, compute=97.5%, non_finite_skips(local)=0

val:   0%|          | 0/4 [00:00<?, ?it/s]
val:   0%|          | 0/4 [00:00<?, ?it/s, loss=0.0195]
val:   0%|          | 0/4 [00:00<?, ?it/s, loss=0.0188]
val:   0%|          | 0/4 [00:00<?, ?it/s, loss=0.0214]
val:  75%|███████▌  | 3/4 [00:00<00:00, 21.77it/s, loss=0.0214]
val:  75%|███████▌  | 3/4 [00:00<00:00, 21.77it/s, loss=0.0303]
                                                               
[PERF][val] samples(local/global)=8/8, batches(local/global)=4/4, samples/s(local/global)=43.2/43.2, ms/batch(local)=46.3, data_wait=5.5%, compute=94.3%, non_finite_skips(local)=0
[MEM] epoch=54 RAM(before/after)=1423.9/1423.9MB | GPU mem: gpu0 alloc=24.9MB resv=7092.0MB peak=5388.3MB
Epoch 54: train_loss=0.022499, val_loss=0.022475, lr=0.00010000
Updated best model: /home/nis/jinrui.yang/EaBNet_light/logs_cbam_flat_projection64/overfit8_epoch40_v2/best/best_model.pt (val_loss=0.022475)

Epoch 55/200

train:   0%|          | 0/4 [00:00<?, ?it/s]
train:   0%|          | 0/4 [00:00<?, ?it/s, loss=0.0156]
train:  25%|██▌       | 1/4 [00:00<00:00,  6.25it/s, loss=0.0156]
train:  25%|██▌       | 1/4 [00:00<00:00,  6.25it/s, loss=0.0451]
train:  50%|█████     | 2/4 [00:00<00:00,  6.31it/s, loss=0.0451]
train:  50%|█████     | 2/4 [00:00<00:00,  6.31it/s, loss=0.0119]
train:  75%|███████▌  | 3/4 [00:00<00:00,  6.34it/s, loss=0.0119]
train:  75%|███████▌  | 3/4 [00:00<00:00,  6.34it/s, loss=0.0171]
train: 100%|██████████| 4/4 [00:00<00:00,  6.34it/s, loss=0.0171]
                                                                 
[PERF][train] samples(local/global)=8/8, batches(local/global)=4/4, samples/s(local/global)=12.6/12.6, ms/batch(local)=158.1, data_wait=2.4%, compute=97.5%, non_finite_skips(local)=0

val:   0%|          | 0/4 [00:00<?, ?it/s]
val:   0%|          | 0/4 [00:00<?, ?it/s, loss=0.0195]
val:   0%|          | 0/4 [00:00<?, ?it/s, loss=0.0188]
val:   0%|          | 0/4 [00:00<?, ?it/s, loss=0.0214]
val:  75%|███████▌  | 3/4 [00:00<00:00, 21.79it/s, loss=0.0214]
val:  75%|███████▌  | 3/4 [00:00<00:00, 21.79it/s, loss=0.0303]
                                                               
[PERF][val] samples(local/global)=8/8, batches(local/global)=4/4, samples/s(local/global)=43.3/43.3, ms/batch(local)=46.1, data_wait=5.2%, compute=94.7%, non_finite_skips(local)=0
[MEM] epoch=55 RAM(before/after)=1423.9/1436.2MB | GPU mem: gpu0 alloc=24.9MB resv=7092.0MB peak=5388.3MB
Epoch 55: train_loss=0.022418, val_loss=0.022473, lr=0.00010000
Updated best model: /home/nis/jinrui.yang/EaBNet_light/logs_cbam_flat_projection64/overfit8_epoch40_v2/best/best_model.pt (val_loss=0.022473)

Epoch 56/200

train:   0%|          | 0/4 [00:00<?, ?it/s]
train:   0%|          | 0/4 [00:00<?, ?it/s, loss=0.0123]
train:  25%|██▌       | 1/4 [00:00<00:00,  6.14it/s, loss=0.0123]
train:  25%|██▌       | 1/4 [00:00<00:00,  6.14it/s, loss=0.0189]
train:  50%|█████     | 2/4 [00:00<00:00,  6.29it/s, loss=0.0189]
train:  50%|█████     | 2/4 [00:00<00:00,  6.29it/s, loss=0.0215]
train:  75%|███████▌  | 3/4 [00:00<00:00,  6.33it/s, loss=0.0215]
train:  75%|███████▌  | 3/4 [00:00<00:00,  6.33it/s, loss=0.0374]
train: 100%|██████████| 4/4 [00:00<00:00,  6.34it/s, loss=0.0374]
                                                                 
[PERF][train] samples(local/global)=8/8, batches(local/global)=4/4, samples/s(local/global)=12.6/12.6, ms/batch(local)=158.5, data_wait=2.5%, compute=97.4%, non_finite_skips(local)=0

val:   0%|          | 0/4 [00:00<?, ?it/s]
val:   0%|          | 0/4 [00:00<?, ?it/s, loss=0.0195]
val:   0%|          | 0/4 [00:00<?, ?it/s, loss=0.0187]
val:   0%|          | 0/4 [00:00<?, ?it/s, loss=0.0213]
val:  75%|███████▌  | 3/4 [00:00<00:00, 21.66it/s, loss=0.0213]
val:  75%|███████▌  | 3/4 [00:00<00:00, 21.66it/s, loss=0.0302]
                                                               
[PERF][val] samples(local/global)=8/8, batches(local/global)=4/4, samples/s(local/global)=43.0/43.0, ms/batch(local)=46.5, data_wait=5.7%, compute=94.0%, non_finite_skips(local)=0
[MEM] epoch=56 RAM(before/after)=1423.9/1423.9MB | GPU mem: gpu0 alloc=24.9MB resv=7092.0MB peak=5388.3MB
Epoch 56: train_loss=0.022521, val_loss=0.022427, lr=0.00010000
Updated best model: /home/nis/jinrui.yang/EaBNet_light/logs_cbam_flat_projection64/overfit8_epoch40_v2/best/best_model.pt (val_loss=0.022427)

Epoch 57/200

train:   0%|          | 0/4 [00:00<?, ?it/s]
train:   0%|          | 0/4 [00:00<?, ?it/s, loss=0.0377]
train:  25%|██▌       | 1/4 [00:00<00:00,  6.10it/s, loss=0.0377]
train:  25%|██▌       | 1/4 [00:00<00:00,  6.10it/s, loss=0.0161]
train:  50%|█████     | 2/4 [00:00<00:00,  6.26it/s, loss=0.0161]
train:  50%|█████     | 2/4 [00:00<00:00,  6.26it/s, loss=0.0112]
train:  75%|███████▌  | 3/4 [00:00<00:00,  6.31it/s, loss=0.0112]
train:  75%|███████▌  | 3/4 [00:00<00:00,  6.31it/s, loss=0.0245]
train: 100%|██████████| 4/4 [00:00<00:00,  6.33it/s, loss=0.0245]
                                                                 
[PERF][train] samples(local/global)=8/8, batches(local/global)=4/4, samples/s(local/global)=12.6/12.6, ms/batch(local)=158.9, data_wait=2.5%, compute=97.4%, non_finite_skips(local)=0

val:   0%|          | 0/4 [00:00<?, ?it/s]
val:   0%|          | 0/4 [00:00<?, ?it/s, loss=0.0195]
val:   0%|          | 0/4 [00:00<?, ?it/s, loss=0.0187]
val:   0%|          | 0/4 [00:00<?, ?it/s, loss=0.0213]
val:  75%|███████▌  | 3/4 [00:00<00:00, 21.72it/s, loss=0.0213]
val:  75%|███████▌  | 3/4 [00:00<00:00, 21.72it/s, loss=0.0302]
                                                               
[PERF][val] samples(local/global)=8/8, batches(local/global)=4/4, samples/s(local/global)=43.1/43.1, ms/batch(local)=46.4, data_wait=5.6%, compute=94.1%, non_finite_skips(local)=0
[MEM] epoch=57 RAM(before/after)=1423.9/1423.9MB | GPU mem: gpu0 alloc=24.9MB resv=7092.0MB peak=5388.3MB
Epoch 57: train_loss=0.022377, val_loss=0.022396, lr=0.00010000
Updated best model: /home/nis/jinrui.yang/EaBNet_light/logs_cbam_flat_projection64/overfit8_epoch40_v2/best/best_model.pt (val_loss=0.022396)

Epoch 58/200

train:   0%|          | 0/4 [00:00<?, ?it/s]
train:   0%|          | 0/4 [00:00<?, ?it/s, loss=0.0450]
train:  25%|██▌       | 1/4 [00:00<00:00,  6.14it/s, loss=0.0450]
train:  25%|██▌       | 1/4 [00:00<00:00,  6.14it/s, loss=0.0232]
train:  50%|█████     | 2/4 [00:00<00:00,  6.27it/s, loss=0.0232]
train:  50%|█████     | 2/4 [00:00<00:00,  6.27it/s, loss=0.0097]
train:  75%|███████▌  | 3/4 [00:00<00:00,  6.32it/s, loss=0.0097]
train:  75%|███████▌  | 3/4 [00:00<00:00,  6.32it/s, loss=0.0118]
train: 100%|██████████| 4/4 [00:00<00:00,  6.33it/s, loss=0.0118]
                                                                 
[PERF][train] samples(local/global)=8/8, batches(local/global)=4/4, samples/s(local/global)=12.6/12.6, ms/batch(local)=158.7, data_wait=2.4%, compute=97.5%, non_finite_skips(local)=0

val:   0%|          | 0/4 [00:00<?, ?it/s]
val:   0%|          | 0/4 [00:00<?, ?it/s, loss=0.0195]
val:   0%|          | 0/4 [00:00<?, ?it/s, loss=0.0187]
val:   0%|          | 0/4 [00:00<?, ?it/s, loss=0.0213]
val:  75%|███████▌  | 3/4 [00:00<00:00, 21.80it/s, loss=0.0213]
val:  75%|███████▌  | 3/4 [00:00<00:00, 21.80it/s, loss=0.0302]
                                                               
[PERF][val] samples(local/global)=8/8, batches(local/global)=4/4, samples/s(local/global)=43.3/43.3, ms/batch(local)=46.2, data_wait=5.3%, compute=94.4%, non_finite_skips(local)=0
[MEM] epoch=58 RAM(before/after)=1423.9/1423.9MB | GPU mem: gpu0 alloc=24.9MB resv=7092.0MB peak=5388.3MB
Epoch 58: train_loss=0.022407, val_loss=0.022390, lr=0.00010000
Updated best model: /home/nis/jinrui.yang/EaBNet_light/logs_cbam_flat_projection64/overfit8_epoch40_v2/best/best_model.pt (val_loss=0.022390)

Epoch 59/200

train:   0%|          | 0/4 [00:00<?, ?it/s]
train:   0%|          | 0/4 [00:00<?, ?it/s, loss=0.0213]
train:  25%|██▌       | 1/4 [00:00<00:00,  6.14it/s, loss=0.0213]
train:  25%|██▌       | 1/4 [00:00<00:00,  6.14it/s, loss=0.0118]
train:  50%|█████     | 2/4 [00:00<00:00,  6.28it/s, loss=0.0118]
train:  50%|█████     | 2/4 [00:00<00:00,  6.28it/s, loss=0.0263]
train:  75%|███████▌  | 3/4 [00:00<00:00,  6.34it/s, loss=0.0263]
train:  75%|███████▌  | 3/4 [00:00<00:00,  6.34it/s, loss=0.0300]
train: 100%|██████████| 4/4 [00:00<00:00,  6.33it/s, loss=0.0300]
                                                                 
[PERF][train] samples(local/global)=8/8, batches(local/global)=4/4, samples/s(local/global)=12.6/12.6, ms/batch(local)=158.5, data_wait=2.4%, compute=97.5%, non_finite_skips(local)=0

val:   0%|          | 0/4 [00:00<?, ?it/s]
val:   0%|          | 0/4 [00:00<?, ?it/s, loss=0.0195]
val:   0%|          | 0/4 [00:00<?, ?it/s, loss=0.0186]
val:   0%|          | 0/4 [00:00<?, ?it/s, loss=0.0212]
val:  75%|███████▌  | 3/4 [00:00<00:00, 21.79it/s, loss=0.0212]
val:  75%|███████▌  | 3/4 [00:00<00:00, 21.79it/s, loss=0.0302]
                                                               
[PERF][val] samples(local/global)=8/8, batches(local/global)=4/4, samples/s(local/global)=43.1/43.1, ms/batch(local)=46.4, data_wait=5.5%, compute=94.3%, non_finite_skips(local)=0
[MEM] epoch=59 RAM(before/after)=1423.9/1423.9MB | GPU mem: gpu0 alloc=24.9MB resv=7092.0MB peak=5388.3MB
Epoch 59: train_loss=0.022368, val_loss=0.022370, lr=0.00010000
Updated best model: /home/nis/jinrui.yang/EaBNet_light/logs_cbam_flat_projection64/overfit8_epoch40_v2/best/best_model.pt (val_loss=0.022370)

Epoch 60/200

train:   0%|          | 0/4 [00:00<?, ?it/s]
train:   0%|          | 0/4 [00:00<?, ?it/s, loss=0.0188]
train:  25%|██▌       | 1/4 [00:00<00:00,  6.28it/s, loss=0.0188]
train:  25%|██▌       | 1/4 [00:00<00:00,  6.28it/s, loss=0.0357]
train:  50%|█████     | 2/4 [00:00<00:00,  6.33it/s, loss=0.0357]
train:  50%|█████     | 2/4 [00:00<00:00,  6.33it/s, loss=0.0187]
train:  75%|███████▌  | 3/4 [00:00<00:00,  6.37it/s, loss=0.0187]
train:  75%|███████▌  | 3/4 [00:00<00:00,  6.37it/s, loss=0.0161]
train: 100%|██████████| 4/4 [00:00<00:00,  6.38it/s, loss=0.0161]
                                                                 
[PERF][train] samples(local/global)=8/8, batches(local/global)=4/4, samples/s(local/global)=12.7/12.7, ms/batch(local)=157.3, data_wait=1.8%, compute=98.0%, non_finite_skips(local)=0

val:   0%|          | 0/4 [00:00<?, ?it/s]
val:   0%|          | 0/4 [00:00<?, ?it/s, loss=0.0194]
val:   0%|          | 0/4 [00:00<?, ?it/s, loss=0.0186]
val:   0%|          | 0/4 [00:00<?, ?it/s, loss=0.0212]
val:  75%|███████▌  | 3/4 [00:00<00:00, 21.71it/s, loss=0.0212]
val:  75%|███████▌  | 3/4 [00:00<00:00, 21.71it/s, loss=0.0301]
                                                               
[PERF][val] samples(local/global)=8/8, batches(local/global)=4/4, samples/s(local/global)=43.1/43.1, ms/batch(local)=46.4, data_wait=5.5%, compute=94.3%, non_finite_skips(local)=0
[MEM] epoch=60 RAM(before/after)=1423.9/1423.9MB | GPU mem: gpu0 alloc=24.9MB resv=7092.0MB peak=5388.3MB
Epoch 60: train_loss=0.022322, val_loss=0.022337, lr=0.00010000
Updated best model: /home/nis/jinrui.yang/EaBNet_light/logs_cbam_flat_projection64/overfit8_epoch40_v2/best/best_model.pt (val_loss=0.022337)

Epoch 61/200

train:   0%|          | 0/4 [00:00<?, ?it/s]
train:   0%|          | 0/4 [00:00<?, ?it/s, loss=0.0244]
train:  25%|██▌       | 1/4 [00:00<00:00,  6.12it/s, loss=0.0244]
train:  25%|██▌       | 1/4 [00:00<00:00,  6.12it/s, loss=0.0187]
train:  50%|█████     | 2/4 [00:00<00:00,  6.27it/s, loss=0.0187]
train:  50%|█████     | 2/4 [00:00<00:00,  6.27it/s, loss=0.0161]
train:  75%|███████▌  | 3/4 [00:00<00:00,  6.32it/s, loss=0.0161]
train:  75%|███████▌  | 3/4 [00:00<00:00,  6.32it/s, loss=0.0300]
train: 100%|██████████| 4/4 [00:00<00:00,  6.34it/s, loss=0.0300]
                                                                 
[PERF][train] samples(local/global)=8/8, batches(local/global)=4/4, samples/s(local/global)=12.6/12.6, ms/batch(local)=158.5, data_wait=2.4%, compute=97.5%, non_finite_skips(local)=0

val:   0%|          | 0/4 [00:00<?, ?it/s]
val:   0%|          | 0/4 [00:00<?, ?it/s, loss=0.0194]
val:   0%|          | 0/4 [00:00<?, ?it/s, loss=0.0186]
val:   0%|          | 0/4 [00:00<?, ?it/s, loss=0.0212]
val:  75%|███████▌  | 3/4 [00:00<00:00, 21.74it/s, loss=0.0212]
val:  75%|███████▌  | 3/4 [00:00<00:00, 21.74it/s, loss=0.0301]
                                                               
[PERF][val] samples(local/global)=8/8, batches(local/global)=4/4, samples/s(local/global)=43.5/43.5, ms/batch(local)=46.0, data_wait=4.7%, compute=95.2%, non_finite_skips(local)=0
[MEM] epoch=61 RAM(before/after)=1423.9/1432.7MB | GPU mem: gpu0 alloc=24.9MB resv=7092.0MB peak=5388.3MB
Epoch 61: train_loss=0.022287, val_loss=0.022319, lr=0.00010000
Updated best model: /home/nis/jinrui.yang/EaBNet_light/logs_cbam_flat_projection64/overfit8_epoch40_v2/best/best_model.pt (val_loss=0.022319)

Epoch 62/200

train:   0%|          | 0/4 [00:00<?, ?it/s]
train:   0%|          | 0/4 [00:00<?, ?it/s, loss=0.0047]
train:  25%|██▌       | 1/4 [00:00<00:00,  6.13it/s, loss=0.0047]
train:  25%|██▌       | 1/4 [00:00<00:00,  6.13it/s, loss=0.0372]
train:  50%|█████     | 2/4 [00:00<00:00,  6.28it/s, loss=0.0372]
train:  50%|█████     | 2/4 [00:00<00:00,  6.28it/s, loss=0.0262]
train:  75%|███████▌  | 3/4 [00:00<00:00,  6.32it/s, loss=0.0262]
train:  75%|███████▌  | 3/4 [00:00<00:00,  6.32it/s, loss=0.0212]
train: 100%|██████████| 4/4 [00:00<00:00,  6.35it/s, loss=0.0212]
                                                                 
[PERF][train] samples(local/global)=8/8, batches(local/global)=4/4, samples/s(local/global)=12.6/12.6, ms/batch(local)=158.4, data_wait=2.1%, compute=97.9%, non_finite_skips(local)=0

val:   0%|          | 0/4 [00:00<?, ?it/s]
val:   0%|          | 0/4 [00:00<?, ?it/s, loss=0.0194]
val:   0%|          | 0/4 [00:00<?, ?it/s, loss=0.0186]
val:   0%|          | 0/4 [00:00<?, ?it/s, loss=0.0211]
val:  75%|███████▌  | 3/4 [00:00<00:00, 21.83it/s, loss=0.0211]
val:  75%|███████▌  | 3/4 [00:00<00:00, 21.83it/s, loss=0.0301]
                                                               
[PERF][val] samples(local/global)=8/8, batches(local/global)=4/4, samples/s(local/global)=43.6/43.6, ms/batch(local)=45.9, data_wait=4.6%, compute=95.4%, non_finite_skips(local)=0
[MEM] epoch=62 RAM(before/after)=1432.7/1432.7MB | GPU mem: gpu0 alloc=24.9MB resv=7092.0MB peak=5388.3MB
Epoch 62: train_loss=0.022325, val_loss=0.022289, lr=0.00010000
Updated best model: /home/nis/jinrui.yang/EaBNet_light/logs_cbam_flat_projection64/overfit8_epoch40_v2/best/best_model.pt (val_loss=0.022289)

Epoch 63/200

train:   0%|          | 0/4 [00:00<?, ?it/s]
train:   0%|          | 0/4 [00:00<?, ?it/s, loss=0.0416]
train:  25%|██▌       | 1/4 [00:00<00:00,  6.24it/s, loss=0.0416]
train:  25%|██▌       | 1/4 [00:00<00:00,  6.24it/s, loss=0.0187]
train:  50%|█████     | 2/4 [00:00<00:00,  6.32it/s, loss=0.0187]
train:  50%|█████     | 2/4 [00:00<00:00,  6.32it/s, loss=0.0186]
train:  75%|███████▌  | 3/4 [00:00<00:00,  6.35it/s, loss=0.0186]
train:  75%|███████▌  | 3/4 [00:00<00:00,  6.35it/s, loss=0.0102]
train: 100%|██████████| 4/4 [00:00<00:00,  6.36it/s, loss=0.0102]
                                                                 
[PERF][train] samples(local/global)=8/8, batches(local/global)=4/4, samples/s(local/global)=12.7/12.7, ms/batch(local)=157.7, data_wait=1.9%, compute=98.0%, non_finite_skips(local)=0

val:   0%|          | 0/4 [00:00<?, ?it/s]
val:   0%|          | 0/4 [00:00<?, ?it/s, loss=0.0194]
val:   0%|          | 0/4 [00:00<?, ?it/s, loss=0.0185]
val:   0%|          | 0/4 [00:00<?, ?it/s, loss=0.0211]
val:  75%|███████▌  | 3/4 [00:00<00:00, 21.61it/s, loss=0.0211]
val:  75%|███████▌  | 3/4 [00:00<00:00, 21.61it/s, loss=0.0300]
                                                               
[PERF][val] samples(local/global)=8/8, batches(local/global)=4/4, samples/s(local/global)=43.3/43.3, ms/batch(local)=46.2, data_wait=5.1%, compute=94.8%, non_finite_skips(local)=0
[MEM] epoch=63 RAM(before/after)=1432.7/1432.7MB | GPU mem: gpu0 alloc=24.9MB resv=7092.0MB peak=5388.3MB
Epoch 63: train_loss=0.022289, val_loss=0.022272, lr=0.00010000
Updated best model: /home/nis/jinrui.yang/EaBNet_light/logs_cbam_flat_projection64/overfit8_epoch40_v2/best/best_model.pt (val_loss=0.022272)

Epoch 64/200

train:   0%|          | 0/4 [00:00<?, ?it/s]
train:   0%|          | 0/4 [00:00<?, ?it/s, loss=0.0211]
train:  25%|██▌       | 1/4 [00:00<00:00,  6.29it/s, loss=0.0211]
train:  25%|██▌       | 1/4 [00:00<00:00,  6.29it/s, loss=0.0262]
train:  50%|█████     | 2/4 [00:00<00:00,  6.33it/s, loss=0.0262]
train:  50%|█████     | 2/4 [00:00<00:00,  6.33it/s, loss=0.0111]
train:  75%|███████▌  | 3/4 [00:00<00:00,  6.35it/s, loss=0.0111]
train:  75%|███████▌  | 3/4 [00:00<00:00,  6.35it/s, loss=0.0306]
train: 100%|██████████| 4/4 [00:00<00:00,  6.36it/s, loss=0.0306]
                                                                 
[PERF][train] samples(local/global)=8/8, batches(local/global)=4/4, samples/s(local/global)=12.7/12.7, ms/batch(local)=157.5, data_wait=2.0%, compute=98.0%, non_finite_skips(local)=0

val:   0%|          | 0/4 [00:00<?, ?it/s]
val:   0%|          | 0/4 [00:00<?, ?it/s, loss=0.0194]
val:   0%|          | 0/4 [00:00<?, ?it/s, loss=0.0185]
val:   0%|          | 0/4 [00:00<?, ?it/s, loss=0.0211]
val:  75%|███████▌  | 3/4 [00:00<00:00, 21.84it/s, loss=0.0211]
val:  75%|███████▌  | 3/4 [00:00<00:00, 21.84it/s, loss=0.0300]
                                                               
[PERF][val] samples(local/global)=8/8, batches(local/global)=4/4, samples/s(local/global)=43.5/43.5, ms/batch(local)=45.9, data_wait=4.5%, compute=95.4%, non_finite_skips(local)=0
[MEM] epoch=64 RAM(before/after)=1432.7/1432.7MB | GPU mem: gpu0 alloc=24.9MB resv=7092.0MB peak=5388.3MB
Epoch 64: train_loss=0.022249, val_loss=0.022263, lr=0.00010000
Updated best model: /home/nis/jinrui.yang/EaBNet_light/logs_cbam_flat_projection64/overfit8_epoch40_v2/best/best_model.pt (val_loss=0.022263)

Epoch 65/200

train:   0%|          | 0/4 [00:00<?, ?it/s]
train:   0%|          | 0/4 [00:00<?, ?it/s, loss=0.0160]
train:  25%|██▌       | 1/4 [00:00<00:00,  6.18it/s, loss=0.0160]
train:  25%|██▌       | 1/4 [00:00<00:00,  6.18it/s, loss=0.0258]
train:  50%|█████     | 2/4 [00:00<00:00,  6.29it/s, loss=0.0258]
train:  50%|█████     | 2/4 [00:00<00:00,  6.29it/s, loss=0.0096]
train:  75%|███████▌  | 3/4 [00:00<00:00,  6.33it/s, loss=0.0096]
train:  75%|███████▌  | 3/4 [00:00<00:00,  6.33it/s, loss=0.0374]
train: 100%|██████████| 4/4 [00:00<00:00,  6.35it/s, loss=0.0374]
                                                                 
[PERF][train] samples(local/global)=8/8, batches(local/global)=4/4, samples/s(local/global)=12.7/12.7, ms/batch(local)=158.1, data_wait=2.0%, compute=98.0%, non_finite_skips(local)=0

val:   0%|          | 0/4 [00:00<?, ?it/s]
val:   0%|          | 0/4 [00:00<?, ?it/s, loss=0.0194]
val:   0%|          | 0/4 [00:00<?, ?it/s, loss=0.0185]
val:   0%|          | 0/4 [00:00<?, ?it/s, loss=0.0211]
val:  75%|███████▌  | 3/4 [00:00<00:00, 21.77it/s, loss=0.0211]
val:  75%|███████▌  | 3/4 [00:00<00:00, 21.77it/s, loss=0.0300]
                                                               
[PERF][val] samples(local/global)=8/8, batches(local/global)=4/4, samples/s(local/global)=43.5/43.5, ms/batch(local)=45.9, data_wait=4.8%, compute=95.2%, non_finite_skips(local)=0
[MEM] epoch=65 RAM(before/after)=1432.7/1432.7MB | GPU mem: gpu0 alloc=24.9MB resv=7092.0MB peak=5388.3MB
Epoch 65: train_loss=0.022203, val_loss=0.022246, lr=0.00010000
Updated best model: /home/nis/jinrui.yang/EaBNet_light/logs_cbam_flat_projection64/overfit8_epoch40_v2/best/best_model.pt (val_loss=0.022246)

Epoch 66/200

train:   0%|          | 0/4 [00:00<?, ?it/s]
train:   0%|          | 0/4 [00:00<?, ?it/s, loss=0.0160]
train:  25%|██▌       | 1/4 [00:00<00:00,  6.28it/s, loss=0.0160]
train:  25%|██▌       | 1/4 [00:00<00:00,  6.28it/s, loss=0.0169]
train:  50%|█████     | 2/4 [00:00<00:00,  6.34it/s, loss=0.0169]
train:  50%|█████     | 2/4 [00:00<00:00,  6.34it/s, loss=0.0187]
train:  75%|███████▌  | 3/4 [00:00<00:00,  6.35it/s, loss=0.0187]
train:  75%|███████▌  | 3/4 [00:00<00:00,  6.35it/s, loss=0.0370]
train: 100%|██████████| 4/4 [00:00<00:00,  6.34it/s, loss=0.0370]
                                                                 
[PERF][train] samples(local/global)=8/8, batches(local/global)=4/4, samples/s(local/global)=12.7/12.7, ms/batch(local)=157.9, data_wait=2.1%, compute=97.8%, non_finite_skips(local)=0

val:   0%|          | 0/4 [00:00<?, ?it/s]
val:   0%|          | 0/4 [00:00<?, ?it/s, loss=0.0194]
val:   0%|          | 0/4 [00:00<?, ?it/s, loss=0.0185]
val:   0%|          | 0/4 [00:00<?, ?it/s, loss=0.0210]
val:  75%|███████▌  | 3/4 [00:00<00:00, 21.76it/s, loss=0.0210]
val:  75%|███████▌  | 3/4 [00:00<00:00, 21.76it/s, loss=0.0300]
                                                               
[PERF][val] samples(local/global)=8/8, batches(local/global)=4/4, samples/s(local/global)=43.2/43.2, ms/batch(local)=46.3, data_wait=5.5%, compute=94.3%, non_finite_skips(local)=0
[MEM] epoch=66 RAM(before/after)=1432.7/1423.9MB | GPU mem: gpu0 alloc=24.9MB resv=7092.0MB peak=5388.3MB
Epoch 66: train_loss=0.022154, val_loss=0.022210, lr=0.00010000
Updated best model: /home/nis/jinrui.yang/EaBNet_light/logs_cbam_flat_projection64/overfit8_epoch40_v2/best/best_model.pt (val_loss=0.022210)

Epoch 67/200

train:   0%|          | 0/4 [00:00<?, ?it/s]
train:   0%|          | 0/4 [00:00<?, ?it/s, loss=0.0303]
train:  25%|██▌       | 1/4 [00:00<00:00,  6.11it/s, loss=0.0303]
train:  25%|██▌       | 1/4 [00:00<00:00,  6.11it/s, loss=0.0306]
train:  50%|█████     | 2/4 [00:00<00:00,  6.26it/s, loss=0.0306]
train:  50%|█████     | 2/4 [00:00<00:00,  6.26it/s, loss=0.0169]
train:  75%|███████▌  | 3/4 [00:00<00:00,  6.31it/s, loss=0.0169]
train:  75%|███████▌  | 3/4 [00:00<00:00,  6.31it/s, loss=0.0111]
train: 100%|██████████| 4/4 [00:00<00:00,  6.34it/s, loss=0.0111]
                                                                 
[PERF][train] samples(local/global)=8/8, batches(local/global)=4/4, samples/s(local/global)=12.6/12.6, ms/batch(local)=158.6, data_wait=2.3%, compute=97.6%, non_finite_skips(local)=0

val:   0%|          | 0/4 [00:00<?, ?it/s]
val:   0%|          | 0/4 [00:00<?, ?it/s, loss=0.0194]
val:   0%|          | 0/4 [00:00<?, ?it/s, loss=0.0184]
val:   0%|          | 0/4 [00:00<?, ?it/s, loss=0.0211]
val:  75%|███████▌  | 3/4 [00:00<00:00, 21.74it/s, loss=0.0211]
val:  75%|███████▌  | 3/4 [00:00<00:00, 21.74it/s, loss=0.0299]
                                                               
[PERF][val] samples(local/global)=8/8, batches(local/global)=4/4, samples/s(local/global)=43.1/43.1, ms/batch(local)=46.4, data_wait=5.3%, compute=94.5%, non_finite_skips(local)=0
[MEM] epoch=67 RAM(before/after)=1423.9/1423.9MB | GPU mem: gpu0 alloc=24.9MB resv=7092.0MB peak=5388.3MB
Epoch 67: train_loss=0.022187, val_loss=0.022200, lr=0.00010000
Updated best model: /home/nis/jinrui.yang/EaBNet_light/logs_cbam_flat_projection64/overfit8_epoch40_v2/best/best_model.pt (val_loss=0.022200)

Epoch 68/200

train:   0%|          | 0/4 [00:00<?, ?it/s]
train:   0%|          | 0/4 [00:00<?, ?it/s, loss=0.0168]
train:  25%|██▌       | 1/4 [00:00<00:00,  6.24it/s, loss=0.0168]
train:  25%|██▌       | 1/4 [00:00<00:00,  6.24it/s, loss=0.0302]
train:  50%|█████     | 2/4 [00:00<00:00,  6.32it/s, loss=0.0302]
train:  50%|█████     | 2/4 [00:00<00:00,  6.32it/s, loss=0.0298]
train:  75%|███████▌  | 3/4 [00:00<00:00,  6.34it/s, loss=0.0298]
train:  75%|███████▌  | 3/4 [00:00<00:00,  6.34it/s, loss=0.0117]
train: 100%|██████████| 4/4 [00:00<00:00,  6.34it/s, loss=0.0117]
                                                                 
[PERF][train] samples(local/global)=8/8, batches(local/global)=4/4, samples/s(local/global)=12.6/12.6, ms/batch(local)=158.1, data_wait=2.3%, compute=97.6%, non_finite_skips(local)=0

val:   0%|          | 0/4 [00:00<?, ?it/s]
val:   0%|          | 0/4 [00:00<?, ?it/s, loss=0.0193]
val:   0%|          | 0/4 [00:00<?, ?it/s, loss=0.0184]
val:   0%|          | 0/4 [00:00<?, ?it/s, loss=0.0211]
val:  75%|███████▌  | 3/4 [00:00<00:00, 21.63it/s, loss=0.0211]
val:  75%|███████▌  | 3/4 [00:00<00:00, 21.63it/s, loss=0.0299]
                                                               
[PERF][val] samples(local/global)=8/8, batches(local/global)=4/4, samples/s(local/global)=42.9/42.9, ms/batch(local)=46.6, data_wait=5.8%, compute=94.0%, non_finite_skips(local)=0
[MEM] epoch=68 RAM(before/after)=1423.9/1423.9MB | GPU mem: gpu0 alloc=24.9MB resv=7092.0MB peak=5388.3MB
Epoch 68: train_loss=0.022140, val_loss=0.022197, lr=0.00010000
Updated best model: /home/nis/jinrui.yang/EaBNet_light/logs_cbam_flat_projection64/overfit8_epoch40_v2/best/best_model.pt (val_loss=0.022197)

Epoch 69/200

train:   0%|          | 0/4 [00:00<?, ?it/s]
train:   0%|          | 0/4 [00:00<?, ?it/s, loss=0.0302]
train:  25%|██▌       | 1/4 [00:00<00:00,  6.26it/s, loss=0.0302]
train:  25%|██▌       | 1/4 [00:00<00:00,  6.26it/s, loss=0.0095]
train:  50%|█████     | 2/4 [00:00<00:00,  6.30it/s, loss=0.0095]
train:  50%|█████     | 2/4 [00:00<00:00,  6.30it/s, loss=0.0305]
train:  75%|███████▌  | 3/4 [00:00<00:00,  6.32it/s, loss=0.0305]
train:  75%|███████▌  | 3/4 [00:00<00:00,  6.32it/s, loss=0.0185]
train: 100%|██████████| 4/4 [00:00<00:00,  6.34it/s, loss=0.0185]
                                                                 
[PERF][train] samples(local/global)=8/8, batches(local/global)=4/4, samples/s(local/global)=12.7/12.7, ms/batch(local)=158.1, data_wait=2.2%, compute=97.8%, non_finite_skips(local)=0

val:   0%|          | 0/4 [00:00<?, ?it/s]
val:   0%|          | 0/4 [00:00<?, ?it/s, loss=0.0194]
val:   0%|          | 0/4 [00:00<?, ?it/s, loss=0.0184]
val:   0%|          | 0/4 [00:00<?, ?it/s, loss=0.0211]
val:  75%|███████▌  | 3/4 [00:00<00:00, 21.70it/s, loss=0.0211]
val:  75%|███████▌  | 3/4 [00:00<00:00, 21.70it/s, loss=0.0299]
                                                               
[PERF][val] samples(local/global)=8/8, batches(local/global)=4/4, samples/s(local/global)=43.4/43.4, ms/batch(local)=46.0, data_wait=4.8%, compute=95.2%, non_finite_skips(local)=0
[MEM] epoch=69 RAM(before/after)=1423.9/1432.7MB | GPU mem: gpu0 alloc=24.9MB resv=7092.0MB peak=5388.3MB
Epoch 69: train_loss=0.022164, val_loss=0.022193, lr=0.00010000
Updated best model: /home/nis/jinrui.yang/EaBNet_light/logs_cbam_flat_projection64/overfit8_epoch40_v2/best/best_model.pt (val_loss=0.022193)

Epoch 70/200

train:   0%|          | 0/4 [00:00<?, ?it/s]
train:   0%|          | 0/4 [00:00<?, ?it/s, loss=0.0102]
train:  25%|██▌       | 1/4 [00:00<00:00,  6.18it/s, loss=0.0102]
train:  25%|██▌       | 1/4 [00:00<00:00,  6.18it/s, loss=0.0115]
train:  50%|█████     | 2/4 [00:00<00:00,  6.30it/s, loss=0.0115]
train:  50%|█████     | 2/4 [00:00<00:00,  6.30it/s, loss=0.0224]
train:  75%|███████▌  | 3/4 [00:00<00:00,  6.34it/s, loss=0.0224]
train:  75%|███████▌  | 3/4 [00:00<00:00,  6.34it/s, loss=0.0446]
train: 100%|██████████| 4/4 [00:00<00:00,  6.35it/s, loss=0.0446]
                                                                 
[PERF][train] samples(local/global)=8/8, batches(local/global)=4/4, samples/s(local/global)=12.7/12.7, ms/batch(local)=158.0, data_wait=1.9%, compute=98.0%, non_finite_skips(local)=0

val:   0%|          | 0/4 [00:00<?, ?it/s]
val:   0%|          | 0/4 [00:00<?, ?it/s, loss=0.0193]
val:   0%|          | 0/4 [00:00<?, ?it/s, loss=0.0184]
val:   0%|          | 0/4 [00:00<?, ?it/s, loss=0.0210]
val:  75%|███████▌  | 3/4 [00:00<00:00, 21.72it/s, loss=0.0210]
val:  75%|███████▌  | 3/4 [00:00<00:00, 21.72it/s, loss=0.0299]
                                                               
[PERF][val] samples(local/global)=8/8, batches(local/global)=4/4, samples/s(local/global)=43.3/43.3, ms/batch(local)=46.1, data_wait=4.8%, compute=95.2%, non_finite_skips(local)=0
[MEM] epoch=70 RAM(before/after)=1432.7/1432.7MB | GPU mem: gpu0 alloc=24.9MB resv=7092.0MB peak=5388.3MB
Epoch 70: train_loss=0.022181, val_loss=0.022170, lr=0.00010000
Updated best model: /home/nis/jinrui.yang/EaBNet_light/logs_cbam_flat_projection64/overfit8_epoch40_v2/best/best_model.pt (val_loss=0.022170)

Epoch 71/200

train:   0%|          | 0/4 [00:00<?, ?it/s]
train:   0%|          | 0/4 [00:00<?, ?it/s, loss=0.0047]
train:  25%|██▌       | 1/4 [00:00<00:00,  6.29it/s, loss=0.0047]
train:  25%|██▌       | 1/4 [00:00<00:00,  6.29it/s, loss=0.0260]
train:  50%|█████     | 2/4 [00:00<00:00,  6.35it/s, loss=0.0260]
train:  50%|█████     | 2/4 [00:00<00:00,  6.35it/s, loss=0.0413]
train:  75%|███████▌  | 3/4 [00:00<00:00,  6.36it/s, loss=0.0413]
train:  75%|███████▌  | 3/4 [00:00<00:00,  6.36it/s, loss=0.0166]
train: 100%|██████████| 4/4 [00:00<00:00,  6.36it/s, loss=0.0166]
                                                                 
[PERF][train] samples(local/global)=8/8, batches(local/global)=4/4, samples/s(local/global)=12.7/12.7, ms/batch(local)=157.4, data_wait=1.8%, compute=98.1%, non_finite_skips(local)=0

val:   0%|          | 0/4 [00:00<?, ?it/s]
val:   0%|          | 0/4 [00:00<?, ?it/s, loss=0.0193]
val:   0%|          | 0/4 [00:00<?, ?it/s, loss=0.0184]
val:   0%|          | 0/4 [00:00<?, ?it/s, loss=0.0210]
val:  75%|███████▌  | 3/4 [00:00<00:00, 21.70it/s, loss=0.0210]
val:  75%|███████▌  | 3/4 [00:00<00:00, 21.70it/s, loss=0.0299]
                                                               
[PERF][val] samples(local/global)=8/8, batches(local/global)=4/4, samples/s(local/global)=43.4/43.4, ms/batch(local)=46.1, data_wait=4.8%, compute=95.1%, non_finite_skips(local)=0
[MEM] epoch=71 RAM(before/after)=1432.7/1432.7MB | GPU mem: gpu0 alloc=24.9MB resv=7092.0MB peak=5388.3MB
Epoch 71: train_loss=0.022152, val_loss=0.022138, lr=0.00010000
Updated best model: /home/nis/jinrui.yang/EaBNet_light/logs_cbam_flat_projection64/overfit8_epoch40_v2/best/best_model.pt (val_loss=0.022138)

Epoch 72/200

train:   0%|          | 0/4 [00:00<?, ?it/s]
train:   0%|          | 0/4 [00:00<?, ?it/s, loss=0.0369]
train:  25%|██▌       | 1/4 [00:00<00:00,  6.17it/s, loss=0.0369]
train:  25%|██▌       | 1/4 [00:00<00:00,  6.17it/s, loss=0.0095]
train:  50%|█████     | 2/4 [00:00<00:00,  6.28it/s, loss=0.0095]
train:  50%|█████     | 2/4 [00:00<00:00,  6.28it/s, loss=0.0260]
train:  75%|███████▌  | 3/4 [00:00<00:00,  6.32it/s, loss=0.0260]
train:  75%|███████▌  | 3/4 [00:00<00:00,  6.32it/s, loss=0.0159]
train: 100%|██████████| 4/4 [00:00<00:00,  6.34it/s, loss=0.0159]
                                                                 
[PERF][train] samples(local/global)=8/8, batches(local/global)=4/4, samples/s(local/global)=12.6/12.6, ms/batch(local)=158.4, data_wait=2.0%, compute=98.0%, non_finite_skips(local)=0

val:   0%|          | 0/4 [00:00<?, ?it/s]
val:   0%|          | 0/4 [00:00<?, ?it/s, loss=0.0193]
val:   0%|          | 0/4 [00:00<?, ?it/s, loss=0.0183]
val:   0%|          | 0/4 [00:00<?, ?it/s, loss=0.0209]
val:  75%|███████▌  | 3/4 [00:00<00:00, 21.75it/s, loss=0.0209]
val:  75%|███████▌  | 3/4 [00:00<00:00, 21.75it/s, loss=0.0299]
                                                               
[PERF][val] samples(local/global)=8/8, batches(local/global)=4/4, samples/s(local/global)=43.4/43.4, ms/batch(local)=46.1, data_wait=4.8%, compute=95.2%, non_finite_skips(local)=0
[MEM] epoch=72 RAM(before/after)=1432.7/1432.7MB | GPU mem: gpu0 alloc=24.9MB resv=7092.0MB peak=5388.3MB
Epoch 72: train_loss=0.022045, val_loss=0.022107, lr=0.00010000
Updated best model: /home/nis/jinrui.yang/EaBNet_light/logs_cbam_flat_projection64/overfit8_epoch40_v2/best/best_model.pt (val_loss=0.022107)

Epoch 73/200

train:   0%|          | 0/4 [00:00<?, ?it/s]
train:   0%|          | 0/4 [00:00<?, ?it/s, loss=0.0412]
train:  25%|██▌       | 1/4 [00:00<00:00,  6.27it/s, loss=0.0412]
train:  25%|██▌       | 1/4 [00:00<00:00,  6.27it/s, loss=0.0114]
train:  50%|█████     | 2/4 [00:00<00:00,  6.36it/s, loss=0.0114]
train:  50%|█████     | 2/4 [00:00<00:00,  6.36it/s, loss=0.0257]
train:  75%|███████▌  | 3/4 [00:00<00:00,  6.36it/s, loss=0.0257]
train:  75%|███████▌  | 3/4 [00:00<00:00,  6.36it/s, loss=0.0101]
train: 100%|██████████| 4/4 [00:00<00:00,  6.37it/s, loss=0.0101]
                                                                 
[PERF][train] samples(local/global)=8/8, batches(local/global)=4/4, samples/s(local/global)=12.7/12.7, ms/batch(local)=157.3, data_wait=2.0%, compute=98.0%, non_finite_skips(local)=0

val:   0%|          | 0/4 [00:00<?, ?it/s]
val:   0%|          | 0/4 [00:00<?, ?it/s, loss=0.0193]
val:   0%|          | 0/4 [00:00<?, ?it/s, loss=0.0183]
val:   0%|          | 0/4 [00:00<?, ?it/s, loss=0.0209]
val:  75%|███████▌  | 3/4 [00:00<00:00, 21.71it/s, loss=0.0209]
val:  75%|███████▌  | 3/4 [00:00<00:00, 21.71it/s, loss=0.0299]
                                                               
[PERF][val] samples(local/global)=8/8, batches(local/global)=4/4, samples/s(local/global)=43.3/43.3, ms/batch(local)=46.2, data_wait=5.0%, compute=95.0%, non_finite_skips(local)=0
[MEM] epoch=73 RAM(before/after)=1432.7/1432.7MB | GPU mem: gpu0 alloc=24.9MB resv=7092.0MB peak=5388.3MB
Epoch 73: train_loss=0.022104, val_loss=0.022100, lr=0.00010000
Updated best model: /home/nis/jinrui.yang/EaBNet_light/logs_cbam_flat_projection64/overfit8_epoch40_v2/best/best_model.pt (val_loss=0.022100)

Epoch 74/200

train:   0%|          | 0/4 [00:00<?, ?it/s]
train:   0%|          | 0/4 [00:00<?, ?it/s, loss=0.0121]
train:  25%|██▌       | 1/4 [00:00<00:00,  6.02it/s, loss=0.0121]
train:  25%|██▌       | 1/4 [00:00<00:00,  6.02it/s, loss=0.0411]
train:  50%|█████     | 2/4 [00:00<00:00,  6.22it/s, loss=0.0411]
train:  50%|█████     | 2/4 [00:00<00:00,  6.22it/s, loss=0.0110]
train:  75%|███████▌  | 3/4 [00:00<00:00,  6.28it/s, loss=0.0110]
train:  75%|███████▌  | 3/4 [00:00<00:00,  6.28it/s, loss=0.0242]
train: 100%|██████████| 4/4 [00:00<00:00,  6.32it/s, loss=0.0242]
                                                                 
[PERF][train] samples(local/global)=8/8, batches(local/global)=4/4, samples/s(local/global)=12.5/12.5, ms/batch(local)=159.4, data_wait=2.0%, compute=98.0%, non_finite_skips(local)=0

val:   0%|          | 0/4 [00:00<?, ?it/s]
val:   0%|          | 0/4 [00:00<?, ?it/s, loss=0.0193]
val:   0%|          | 0/4 [00:00<?, ?it/s, loss=0.0183]
val:   0%|          | 0/4 [00:00<?, ?it/s, loss=0.0209]
val:  75%|███████▌  | 3/4 [00:00<00:00, 21.87it/s, loss=0.0209]
val:  75%|███████▌  | 3/4 [00:00<00:00, 21.87it/s, loss=0.0298]
                                                               
[PERF][val] samples(local/global)=8/8, batches(local/global)=4/4, samples/s(local/global)=43.7/43.7, ms/batch(local)=45.8, data_wait=4.2%, compute=95.7%, non_finite_skips(local)=0
[MEM] epoch=74 RAM(before/after)=1432.7/1432.7MB | GPU mem: gpu0 alloc=24.9MB resv=7092.0MB peak=5388.3MB
Epoch 74: train_loss=0.022077, val_loss=0.022084, lr=0.00010000
Updated best model: /home/nis/jinrui.yang/EaBNet_light/logs_cbam_flat_projection64/overfit8_epoch40_v2/best/best_model.pt (val_loss=0.022084)

Epoch 75/200

train:   0%|          | 0/4 [00:00<?, ?it/s]
train:   0%|          | 0/4 [00:00<?, ?it/s, loss=0.0410]
train:  25%|██▌       | 1/4 [00:00<00:00,  6.27it/s, loss=0.0410]
train:  25%|██▌       | 1/4 [00:00<00:00,  6.27it/s, loss=0.0193]
train:  50%|█████     | 2/4 [00:00<00:00,  6.34it/s, loss=0.0193]
train:  50%|█████     | 2/4 [00:00<00:00,  6.34it/s, loss=0.0165]
train:  75%|███████▌  | 3/4 [00:00<00:00,  6.36it/s, loss=0.0165]
train:  75%|███████▌  | 3/4 [00:00<00:00,  6.36it/s, loss=0.0114]
train: 100%|██████████| 4/4 [00:00<00:00,  6.36it/s, loss=0.0114]
                                                                 
[PERF][train] samples(local/global)=8/8, batches(local/global)=4/4, samples/s(local/global)=12.7/12.7, ms/batch(local)=157.5, data_wait=2.0%, compute=98.0%, non_finite_skips(local)=0

val:   0%|          | 0/4 [00:00<?, ?it/s]
val:   0%|          | 0/4 [00:00<?, ?it/s, loss=0.0193]
val:   0%|          | 0/4 [00:00<?, ?it/s, loss=0.0183]
val:   0%|          | 0/4 [00:00<?, ?it/s, loss=0.0209]
val:  75%|███████▌  | 3/4 [00:00<00:00, 21.72it/s, loss=0.0209]
val:  75%|███████▌  | 3/4 [00:00<00:00, 21.72it/s, loss=0.0298]
                                                               
[PERF][val] samples(local/global)=8/8, batches(local/global)=4/4, samples/s(local/global)=43.4/43.4, ms/batch(local)=46.0, data_wait=4.8%, compute=95.2%, non_finite_skips(local)=0
[MEM] epoch=75 RAM(before/after)=1432.7/1432.7MB | GPU mem: gpu0 alloc=24.9MB resv=7092.0MB peak=5388.3MB
Epoch 75: train_loss=0.022060, val_loss=0.022066, lr=0.00010000
Updated best model: /home/nis/jinrui.yang/EaBNet_light/logs_cbam_flat_projection64/overfit8_epoch40_v2/best/best_model.pt (val_loss=0.022066)

Epoch 76/200

train:   0%|          | 0/4 [00:00<?, ?it/s]
train:   0%|          | 0/4 [00:00<?, ?it/s, loss=0.0193]
train:  25%|██▌       | 1/4 [00:00<00:00,  6.19it/s, loss=0.0193]
train:  25%|██▌       | 1/4 [00:00<00:00,  6.19it/s, loss=0.0209]
train:  50%|█████     | 2/4 [00:00<00:00,  6.28it/s, loss=0.0209]
train:  50%|█████     | 2/4 [00:00<00:00,  6.28it/s, loss=0.0370]
train:  75%|███████▌  | 3/4 [00:00<00:00,  6.31it/s, loss=0.0370]
train:  75%|███████▌  | 3/4 [00:00<00:00,  6.31it/s, loss=0.0109]
train: 100%|██████████| 4/4 [00:00<00:00,  6.34it/s, loss=0.0109]
                                                                 
[PERF][train] samples(local/global)=8/8, batches(local/global)=4/4, samples/s(local/global)=12.6/12.6, ms/batch(local)=158.3, data_wait=1.9%, compute=98.0%, non_finite_skips(local)=0

val:   0%|          | 0/4 [00:00<?, ?it/s]
val:   0%|          | 0/4 [00:00<?, ?it/s, loss=0.0193]
val:   0%|          | 0/4 [00:00<?, ?it/s, loss=0.0183]
val:   0%|          | 0/4 [00:00<?, ?it/s, loss=0.0209]
val:  75%|███████▌  | 3/4 [00:00<00:00, 21.64it/s, loss=0.0209]
val:  75%|███████▌  | 3/4 [00:00<00:00, 21.64it/s, loss=0.0298]
                                                               
[PERF][val] samples(local/global)=8/8, batches(local/global)=4/4, samples/s(local/global)=43.3/43.3, ms/batch(local)=46.2, data_wait=4.9%, compute=95.0%, non_finite_skips(local)=0
[MEM] epoch=76 RAM(before/after)=1432.7/1432.7MB | GPU mem: gpu0 alloc=24.9MB resv=7092.0MB peak=5388.3MB
Epoch 76: train_loss=0.022022, val_loss=0.022047, lr=0.00010000
Updated best model: /home/nis/jinrui.yang/EaBNet_light/logs_cbam_flat_projection64/overfit8_epoch40_v2/best/best_model.pt (val_loss=0.022047)

Epoch 77/200

train:   0%|          | 0/4 [00:00<?, ?it/s]
train:   0%|          | 0/4 [00:00<?, ?it/s, loss=0.0101]
train:  25%|██▌       | 1/4 [00:00<00:00,  6.28it/s, loss=0.0101]
train:  25%|██▌       | 1/4 [00:00<00:00,  6.28it/s, loss=0.0296]
train:  50%|█████     | 2/4 [00:00<00:00,  6.33it/s, loss=0.0296]
train:  50%|█████     | 2/4 [00:00<00:00,  6.33it/s, loss=0.0183]
train:  75%|███████▌  | 3/4 [00:00<00:00,  6.35it/s, loss=0.0183]
train:  75%|███████▌  | 3/4 [00:00<00:00,  6.35it/s, loss=0.0300]
train: 100%|██████████| 4/4 [00:00<00:00,  6.35it/s, loss=0.0300]
                                                                 
[PERF][train] samples(local/global)=8/8, batches(local/global)=4/4, samples/s(local/global)=12.7/12.7, ms/batch(local)=157.8, data_wait=2.1%, compute=97.8%, non_finite_skips(local)=0

val:   0%|          | 0/4 [00:00<?, ?it/s]
val:   0%|          | 0/4 [00:00<?, ?it/s, loss=0.0193]
val:   0%|          | 0/4 [00:00<?, ?it/s, loss=0.0182]
val:   0%|          | 0/4 [00:00<?, ?it/s, loss=0.0209]
val:  75%|███████▌  | 3/4 [00:00<00:00, 21.60it/s, loss=0.0209]
val:  75%|███████▌  | 3/4 [00:00<00:00, 21.60it/s, loss=0.0298]
                                                               
[PERF][val] samples(local/global)=8/8, batches(local/global)=4/4, samples/s(local/global)=43.1/43.1, ms/batch(local)=46.4, data_wait=4.9%, compute=94.6%, non_finite_skips(local)=0
[MEM] epoch=77 RAM(before/after)=1432.7/1423.9MB | GPU mem: gpu0 alloc=24.9MB resv=7092.0MB peak=5388.3MB
Epoch 77: train_loss=0.022003, val_loss=0.022037, lr=0.00010000
Updated best model: /home/nis/jinrui.yang/EaBNet_light/logs_cbam_flat_projection64/overfit8_epoch40_v2/best/best_model.pt (val_loss=0.022037)

Epoch 78/200

train:   0%|          | 0/4 [00:00<?, ?it/s]
train:   0%|          | 0/4 [00:00<?, ?it/s, loss=0.0444]
train:  25%|██▌       | 1/4 [00:00<00:00,  6.15it/s, loss=0.0444]
train:  25%|██▌       | 1/4 [00:00<00:00,  6.15it/s, loss=0.0226]
train:  50%|█████     | 2/4 [00:00<00:00,  6.25it/s, loss=0.0226]
train:  50%|█████     | 2/4 [00:00<00:00,  6.25it/s, loss=0.0047]
train:  75%|███████▌  | 3/4 [00:00<00:00,  6.30it/s, loss=0.0047]
train:  75%|███████▌  | 3/4 [00:00<00:00,  6.30it/s, loss=0.0165]
train: 100%|██████████| 4/4 [00:00<00:00,  6.33it/s, loss=0.0165]
                                                                 
[PERF][train] samples(local/global)=8/8, batches(local/global)=4/4, samples/s(local/global)=12.6/12.6, ms/batch(local)=158.7, data_wait=2.0%, compute=98.0%, non_finite_skips(local)=0

val:   0%|          | 0/4 [00:00<?, ?it/s]
val:   0%|          | 0/4 [00:00<?, ?it/s, loss=0.0193]
val:   0%|          | 0/4 [00:00<?, ?it/s, loss=0.0182]
val:   0%|          | 0/4 [00:00<?, ?it/s, loss=0.0208]
val:  75%|███████▌  | 3/4 [00:00<00:00, 21.80it/s, loss=0.0208]
val:  75%|███████▌  | 3/4 [00:00<00:00, 21.80it/s, loss=0.0298]
                                                               
[PERF][val] samples(local/global)=8/8, batches(local/global)=4/4, samples/s(local/global)=43.5/43.5, ms/batch(local)=46.0, data_wait=4.4%, compute=95.6%, non_finite_skips(local)=0
[MEM] epoch=78 RAM(before/after)=1423.9/1432.7MB | GPU mem: gpu0 alloc=24.9MB resv=7092.0MB peak=5388.3MB
Epoch 78: train_loss=0.022041, val_loss=0.022030, lr=0.00010000
Updated best model: /home/nis/jinrui.yang/EaBNet_light/logs_cbam_flat_projection64/overfit8_epoch40_v2/best/best_model.pt (val_loss=0.022030)

Epoch 79/200

train:   0%|          | 0/4 [00:00<?, ?it/s]
train:   0%|          | 0/4 [00:00<?, ?it/s, loss=0.0303]
train:  25%|██▌       | 1/4 [00:00<00:00,  6.27it/s, loss=0.0303]
train:  25%|██▌       | 1/4 [00:00<00:00,  6.27it/s, loss=0.0113]
train:  50%|█████     | 2/4 [00:00<00:00,  6.34it/s, loss=0.0113]
train:  50%|█████     | 2/4 [00:00<00:00,  6.34it/s, loss=0.0164]
train:  75%|███████▌  | 3/4 [00:00<00:00,  6.35it/s, loss=0.0164]
train:  75%|███████▌  | 3/4 [00:00<00:00,  6.35it/s, loss=0.0299]
train: 100%|██████████| 4/4 [00:00<00:00,  6.35it/s, loss=0.0299]
                                                                 
[PERF][train] samples(local/global)=8/8, batches(local/global)=4/4, samples/s(local/global)=12.7/12.7, ms/batch(local)=157.7, data_wait=2.0%, compute=97.9%, non_finite_skips(local)=0

val:   0%|          | 0/4 [00:00<?, ?it/s]
val:   0%|          | 0/4 [00:00<?, ?it/s, loss=0.0193]
val:   0%|          | 0/4 [00:00<?, ?it/s, loss=0.0182]
val:   0%|          | 0/4 [00:00<?, ?it/s, loss=0.0208]
val:  75%|███████▌  | 3/4 [00:00<00:00, 21.70it/s, loss=0.0208]
val:  75%|███████▌  | 3/4 [00:00<00:00, 21.70it/s, loss=0.0297]
                                                               
[PERF][val] samples(local/global)=8/8, batches(local/global)=4/4, samples/s(local/global)=43.3/43.3, ms/batch(local)=46.2, data_wait=4.8%, compute=95.2%, non_finite_skips(local)=0
[MEM] epoch=79 RAM(before/after)=1432.7/1432.7MB | GPU mem: gpu0 alloc=24.9MB resv=7092.0MB peak=5388.3MB
Epoch 79: train_loss=0.021991, val_loss=0.022014, lr=0.00010000
Updated best model: /home/nis/jinrui.yang/EaBNet_light/logs_cbam_flat_projection64/overfit8_epoch40_v2/best/best_model.pt (val_loss=0.022014)

Epoch 80/200

train:   0%|          | 0/4 [00:00<?, ?it/s]
train:   0%|          | 0/4 [00:00<?, ?it/s, loss=0.0101]
train:  25%|██▌       | 1/4 [00:00<00:00,  6.02it/s, loss=0.0101]
train:  25%|██▌       | 1/4 [00:00<00:00,  6.02it/s, loss=0.0113]
train:  50%|█████     | 2/4 [00:00<00:00,  6.21it/s, loss=0.0113]
train:  50%|█████     | 2/4 [00:00<00:00,  6.21it/s, loss=0.0299]
train:  75%|███████▌  | 3/4 [00:00<00:00,  6.27it/s, loss=0.0299]
train:  75%|███████▌  | 3/4 [00:00<00:00,  6.27it/s, loss=0.0367]
train: 100%|██████████| 4/4 [00:00<00:00,  6.31it/s, loss=0.0367]
                                                                 
[PERF][train] samples(local/global)=8/8, batches(local/global)=4/4, samples/s(local/global)=12.5/12.5, ms/batch(local)=159.6, data_wait=1.9%, compute=98.0%, non_finite_skips(local)=0

val:   0%|          | 0/4 [00:00<?, ?it/s]
val:   0%|          | 0/4 [00:00<?, ?it/s, loss=0.0193]
val:   0%|          | 0/4 [00:00<?, ?it/s, loss=0.0182]
val:   0%|          | 0/4 [00:00<?, ?it/s, loss=0.0208]
val:  75%|███████▌  | 3/4 [00:00<00:00, 21.68it/s, loss=0.0208]
val:  75%|███████▌  | 3/4 [00:00<00:00, 21.68it/s, loss=0.0297]
                                                               
[PERF][val] samples(local/global)=8/8, batches(local/global)=4/4, samples/s(local/global)=43.3/43.3, ms/batch(local)=46.2, data_wait=4.5%, compute=95.1%, non_finite_skips(local)=0
[MEM] epoch=80 RAM(before/after)=1432.7/1423.9MB | GPU mem: gpu0 alloc=24.9MB resv=7092.0MB peak=5388.3MB
Epoch 80: train_loss=0.021962, val_loss=0.021992, lr=0.00010000
Updated best model: /home/nis/jinrui.yang/EaBNet_light/logs_cbam_flat_projection64/overfit8_epoch40_v2/best/best_model.pt (val_loss=0.021992)

Epoch 81/200

train:   0%|          | 0/4 [00:00<?, ?it/s]
train:   0%|          | 0/4 [00:00<?, ?it/s, loss=0.0208]
train:  25%|██▌       | 1/4 [00:00<00:00,  6.11it/s, loss=0.0208]
train:  25%|██▌       | 1/4 [00:00<00:00,  6.11it/s, loss=0.0120]
train:  50%|█████     | 2/4 [00:00<00:00,  6.25it/s, loss=0.0120]
train:  50%|█████     | 2/4 [00:00<00:00,  6.25it/s, loss=0.0109]
train:  75%|███████▌  | 3/4 [00:00<00:00,  6.30it/s, loss=0.0109]
train:  75%|███████▌  | 3/4 [00:00<00:00,  6.30it/s, loss=0.0443]
train: 100%|██████████| 4/4 [00:00<00:00,  6.31it/s, loss=0.0443]
                                                                 
[PERF][train] samples(local/global)=8/8, batches(local/global)=4/4, samples/s(local/global)=12.6/12.6, ms/batch(local)=159.3, data_wait=2.5%, compute=97.4%, non_finite_skips(local)=0

val:   0%|          | 0/4 [00:00<?, ?it/s]
val:   0%|          | 0/4 [00:00<?, ?it/s, loss=0.0193]
val:   0%|          | 0/4 [00:00<?, ?it/s, loss=0.0182]
val:   0%|          | 0/4 [00:00<?, ?it/s, loss=0.0208]
val:  75%|███████▌  | 3/4 [00:00<00:00, 21.60it/s, loss=0.0208]
val:  75%|███████▌  | 3/4 [00:00<00:00, 21.60it/s, loss=0.0297]
                                                               
[PERF][val] samples(local/global)=8/8, batches(local/global)=4/4, samples/s(local/global)=42.9/42.9, ms/batch(local)=46.7, data_wait=5.6%, compute=94.1%, non_finite_skips(local)=0
[MEM] epoch=81 RAM(before/after)=1423.9/1423.9MB | GPU mem: gpu0 alloc=24.9MB resv=7092.0MB peak=5388.3MB
Epoch 81: train_loss=0.021976, val_loss=0.021985, lr=0.00010000
Updated best model: /home/nis/jinrui.yang/EaBNet_light/logs_cbam_flat_projection64/overfit8_epoch40_v2/best/best_model.pt (val_loss=0.021985)

Epoch 82/200

train:   0%|          | 0/4 [00:00<?, ?it/s]
train:   0%|          | 0/4 [00:00<?, ?it/s, loss=0.0351]
train:  25%|██▌       | 1/4 [00:00<00:00,  6.25it/s, loss=0.0351]
train:  25%|██▌       | 1/4 [00:00<00:00,  6.25it/s, loss=0.0046]
train:  50%|█████     | 2/4 [00:00<00:00,  6.31it/s, loss=0.0046]
train:  50%|█████     | 2/4 [00:00<00:00,  6.31it/s, loss=0.0225]
train:  75%|███████▌  | 3/4 [00:00<00:00,  6.33it/s, loss=0.0225]
train:  75%|███████▌  | 3/4 [00:00<00:00,  6.33it/s, loss=0.0255]
train: 100%|██████████| 4/4 [00:00<00:00,  6.33it/s, loss=0.0255]
                                                                 
[PERF][train] samples(local/global)=8/8, batches(local/global)=4/4, samples/s(local/global)=12.6/12.6, ms/batch(local)=158.3, data_wait=2.2%, compute=97.7%, non_finite_skips(local)=0

val:   0%|          | 0/4 [00:00<?, ?it/s]
val:   0%|          | 0/4 [00:00<?, ?it/s, loss=0.0193]
val:   0%|          | 0/4 [00:00<?, ?it/s, loss=0.0182]
val:   0%|          | 0/4 [00:00<?, ?it/s, loss=0.0207]
val:  75%|███████▌  | 3/4 [00:00<00:00, 21.35it/s, loss=0.0207]
val:  75%|███████▌  | 3/4 [00:00<00:00, 21.35it/s, loss=0.0298]
                                                               
[PERF][val] samples(local/global)=8/8, batches(local/global)=4/4, samples/s(local/global)=42.7/42.7, ms/batch(local)=46.9, data_wait=5.6%, compute=94.3%, non_finite_skips(local)=0
[MEM] epoch=82 RAM(before/after)=1423.9/1432.7MB | GPU mem: gpu0 alloc=24.9MB resv=7092.0MB peak=5388.3MB
Epoch 82: train_loss=0.021945, val_loss=0.021980, lr=0.00010000
Updated best model: /home/nis/jinrui.yang/EaBNet_light/logs_cbam_flat_projection64/overfit8_epoch40_v2/best/best_model.pt (val_loss=0.021980)

Epoch 83/200

train:   0%|          | 0/4 [00:00<?, ?it/s]
train:   0%|          | 0/4 [00:00<?, ?it/s, loss=0.0255]
train:  25%|██▌       | 1/4 [00:00<00:00,  6.24it/s, loss=0.0255]
train:  25%|██▌       | 1/4 [00:00<00:00,  6.24it/s, loss=0.0302]
train:  50%|█████     | 2/4 [00:00<00:00,  6.30it/s, loss=0.0302]
train:  50%|█████     | 2/4 [00:00<00:00,  6.30it/s, loss=0.0207]
train:  75%|███████▌  | 3/4 [00:00<00:00,  6.32it/s, loss=0.0207]
train:  75%|███████▌  | 3/4 [00:00<00:00,  6.32it/s, loss=0.0113]
train: 100%|██████████| 4/4 [00:00<00:00,  6.33it/s, loss=0.0113]
                                                                 
[PERF][train] samples(local/global)=8/8, batches(local/global)=4/4, samples/s(local/global)=12.6/12.6, ms/batch(local)=158.3, data_wait=2.2%, compute=97.7%, non_finite_skips(local)=0

val:   0%|          | 0/4 [00:00<?, ?it/s]
val:   0%|          | 0/4 [00:00<?, ?it/s, loss=0.0192]
val:   0%|          | 0/4 [00:00<?, ?it/s, loss=0.0181]
val:   0%|          | 0/4 [00:00<?, ?it/s, loss=0.0207]
val:  75%|███████▌  | 3/4 [00:00<00:00, 21.64it/s, loss=0.0207]
val:  75%|███████▌  | 3/4 [00:00<00:00, 21.64it/s, loss=0.0297]
                                                               
[PERF][val] samples(local/global)=8/8, batches(local/global)=4/4, samples/s(local/global)=43.3/43.3, ms/batch(local)=46.2, data_wait=4.7%, compute=95.2%, non_finite_skips(local)=0
[MEM] epoch=83 RAM(before/after)=1432.7/1432.7MB | GPU mem: gpu0 alloc=24.9MB resv=7092.0MB peak=5388.3MB
Epoch 83: train_loss=0.021915, val_loss=0.021963, lr=0.00010000
Updated best model: /home/nis/jinrui.yang/EaBNet_light/logs_cbam_flat_projection64/overfit8_epoch40_v2/best/best_model.pt (val_loss=0.021963)

Epoch 84/200

train:   0%|          | 0/4 [00:00<?, ?it/s]
train:   0%|          | 0/4 [00:00<?, ?it/s, loss=0.0240]
train:  25%|██▌       | 1/4 [00:00<00:00,  6.22it/s, loss=0.0240]
train:  25%|██▌       | 1/4 [00:00<00:00,  6.22it/s, loss=0.0221]
train:  50%|█████     | 2/4 [00:00<00:00,  6.32it/s, loss=0.0221]
train:  50%|█████     | 2/4 [00:00<00:00,  6.32it/s, loss=0.0295]
train:  75%|███████▌  | 3/4 [00:00<00:00,  6.34it/s, loss=0.0295]
train:  75%|███████▌  | 3/4 [00:00<00:00,  6.34it/s, loss=0.0119]
train: 100%|██████████| 4/4 [00:00<00:00,  6.33it/s, loss=0.0119]
                                                                 
[PERF][train] samples(local/global)=8/8, batches(local/global)=4/4, samples/s(local/global)=12.6/12.6, ms/batch(local)=158.3, data_wait=2.0%, compute=97.9%, non_finite_skips(local)=0

val:   0%|          | 0/4 [00:00<?, ?it/s]
val:   0%|          | 0/4 [00:00<?, ?it/s, loss=0.0192]
val:   0%|          | 0/4 [00:00<?, ?it/s, loss=0.0181]
val:   0%|          | 0/4 [00:00<?, ?it/s, loss=0.0207]
val:  75%|███████▌  | 3/4 [00:00<00:00, 21.46it/s, loss=0.0207]
val:  75%|███████▌  | 3/4 [00:00<00:00, 21.46it/s, loss=0.0297]
                                                               
[PERF][val] samples(local/global)=8/8, batches(local/global)=4/4, samples/s(local/global)=42.8/42.8, ms/batch(local)=46.7, data_wait=5.4%, compute=94.3%, non_finite_skips(local)=0
[MEM] epoch=84 RAM(before/after)=1432.7/1423.9MB | GPU mem: gpu0 alloc=24.9MB resv=7092.0MB peak=5388.3MB
Epoch 84: train_loss=0.021878, val_loss=0.021919, lr=0.00010000
Updated best model: /home/nis/jinrui.yang/EaBNet_light/logs_cbam_flat_projection64/overfit8_epoch40_v2/best/best_model.pt (val_loss=0.021919)

Epoch 85/200

train:   0%|          | 0/4 [00:00<?, ?it/s]
train:   0%|          | 0/4 [00:00<?, ?it/s, loss=0.0182]
train:  25%|██▌       | 1/4 [00:00<00:00,  6.11it/s, loss=0.0182]
train:  25%|██▌       | 1/4 [00:00<00:00,  6.11it/s, loss=0.0297]
train:  50%|█████     | 2/4 [00:00<00:00,  6.24it/s, loss=0.0297]
train:  50%|█████     | 2/4 [00:00<00:00,  6.24it/s, loss=0.0100]
train:  75%|███████▌  | 3/4 [00:00<00:00,  6.30it/s, loss=0.0100]
train:  75%|███████▌  | 3/4 [00:00<00:00,  6.30it/s, loss=0.0295]
train: 100%|██████████| 4/4 [00:00<00:00,  6.31it/s, loss=0.0295]
                                                                 
[PERF][train] samples(local/global)=8/8, batches(local/global)=4/4, samples/s(local/global)=12.6/12.6, ms/batch(local)=159.3, data_wait=2.4%, compute=97.5%, non_finite_skips(local)=0

val:   0%|          | 0/4 [00:00<?, ?it/s]
val:   0%|          | 0/4 [00:00<?, ?it/s, loss=0.0192]
val:   0%|          | 0/4 [00:00<?, ?it/s, loss=0.0181]
val:   0%|          | 0/4 [00:00<?, ?it/s, loss=0.0207]
val:  75%|███████▌  | 3/4 [00:00<00:00, 21.50it/s, loss=0.0207]
val:  75%|███████▌  | 3/4 [00:00<00:00, 21.50it/s, loss=0.0296]
                                                               
[PERF][val] samples(local/global)=8/8, batches(local/global)=4/4, samples/s(local/global)=43.0/43.0, ms/batch(local)=46.5, data_wait=5.0%, compute=94.7%, non_finite_skips(local)=0
[MEM] epoch=85 RAM(before/after)=1423.9/1423.9MB | GPU mem: gpu0 alloc=24.9MB resv=7092.0MB peak=5388.3MB
Epoch 85: train_loss=0.021842, val_loss=0.021891, lr=0.00010000
Updated best model: /home/nis/jinrui.yang/EaBNet_light/logs_cbam_flat_projection64/overfit8_epoch40_v2/best/best_model.pt (val_loss=0.021891)

Epoch 86/200

train:   0%|          | 0/4 [00:00<?, ?it/s]
train:   0%|          | 0/4 [00:00<?, ?it/s, loss=0.0294]
train:  25%|██▌       | 1/4 [00:00<00:00,  6.31it/s, loss=0.0294]
train:  25%|██▌       | 1/4 [00:00<00:00,  6.31it/s, loss=0.0224]
train:  50%|█████     | 2/4 [00:00<00:00,  6.35it/s, loss=0.0224]
train:  50%|█████     | 2/4 [00:00<00:00,  6.35it/s, loss=0.0163]
train:  75%|███████▌  | 3/4 [00:00<00:00,  6.35it/s, loss=0.0163]
train:  75%|███████▌  | 3/4 [00:00<00:00,  6.35it/s, loss=0.0192]
train: 100%|██████████| 4/4 [00:00<00:00,  6.30it/s, loss=0.0192]
                                                                 
[PERF][train] samples(local/global)=8/8, batches(local/global)=4/4, samples/s(local/global)=12.6/12.6, ms/batch(local)=158.5, data_wait=2.0%, compute=97.9%, non_finite_skips(local)=0

val:   0%|          | 0/4 [00:00<?, ?it/s]
val:   0%|          | 0/4 [00:00<?, ?it/s, loss=0.0192]
val:   0%|          | 0/4 [00:00<?, ?it/s, loss=0.0181]
val:   0%|          | 0/4 [00:00<?, ?it/s, loss=0.0206]
val:  75%|███████▌  | 3/4 [00:00<00:00, 20.80it/s, loss=0.0206]
val:  75%|███████▌  | 3/4 [00:00<00:00, 20.80it/s, loss=0.0296]
                                                               
[PERF][val] samples(local/global)=8/8, batches(local/global)=4/4, samples/s(local/global)=41.6/41.6, ms/batch(local)=48.1, data_wait=6.3%, compute=93.6%, non_finite_skips(local)=0
[MEM] epoch=86 RAM(before/after)=1423.9/1423.9MB | GPU mem: gpu0 alloc=24.9MB resv=7092.0MB peak=5388.3MB
Epoch 86: train_loss=0.021835, val_loss=0.021876, lr=0.00010000
Updated best model: /home/nis/jinrui.yang/EaBNet_light/logs_cbam_flat_projection64/overfit8_epoch40_v2/best/best_model.pt (val_loss=0.021876)

Epoch 87/200

train:   0%|          | 0/4 [00:00<?, ?it/s]
train:   0%|          | 0/4 [00:00<?, ?it/s, loss=0.0046]
train:  25%|██▌       | 1/4 [00:00<00:00,  5.75it/s, loss=0.0046]
train:  25%|██▌       | 1/4 [00:00<00:00,  5.75it/s, loss=0.0441]
train:  50%|█████     | 2/4 [00:00<00:00,  6.03it/s, loss=0.0441]
train:  50%|█████     | 2/4 [00:00<00:00,  6.03it/s, loss=0.0163]
train:  75%|███████▌  | 3/4 [00:00<00:00,  6.17it/s, loss=0.0163]
train:  75%|███████▌  | 3/4 [00:00<00:00,  6.17it/s, loss=0.0224]
train: 100%|██████████| 4/4 [00:00<00:00,  6.23it/s, loss=0.0224]
                                                                 
[PERF][train] samples(local/global)=8/8, batches(local/global)=4/4, samples/s(local/global)=12.3/12.3, ms/batch(local)=162.5, data_wait=1.9%, compute=98.0%, non_finite_skips(local)=0

val:   0%|          | 0/4 [00:00<?, ?it/s]
val:   0%|          | 0/4 [00:00<?, ?it/s, loss=0.0192]
val:   0%|          | 0/4 [00:00<?, ?it/s, loss=0.0181]
val:   0%|          | 0/4 [00:00<?, ?it/s, loss=0.0206]
val:  75%|███████▌  | 3/4 [00:00<00:00, 21.44it/s, loss=0.0206]
val:  75%|███████▌  | 3/4 [00:00<00:00, 21.44it/s, loss=0.0296]
                                                               
[PERF][val] samples(local/global)=8/8, batches(local/global)=4/4, samples/s(local/global)=42.9/42.9, ms/batch(local)=46.6, data_wait=5.5%, compute=94.4%, non_finite_skips(local)=0
[MEM] epoch=87 RAM(before/after)=1423.9/1432.7MB | GPU mem: gpu0 alloc=24.9MB resv=7092.0MB peak=5388.3MB
Epoch 87: train_loss=0.021849, val_loss=0.021860, lr=0.00010000
Updated best model: /home/nis/jinrui.yang/EaBNet_light/logs_cbam_flat_projection64/overfit8_epoch40_v2/best/best_model.pt (val_loss=0.021860)

Epoch 88/200

train:   0%|          | 0/4 [00:00<?, ?it/s]
train:   0%|          | 0/4 [00:00<?, ?it/s, loss=0.0100]
train:  25%|██▌       | 1/4 [00:00<00:00,  5.81it/s, loss=0.0100]
train:  25%|██▌       | 1/4 [00:00<00:00,  5.81it/s, loss=0.0367]
train:  50%|█████     | 2/4 [00:00<00:00,  5.94it/s, loss=0.0367]
train:  50%|█████     | 2/4 [00:00<00:00,  5.94it/s, loss=0.0297]
train:  75%|███████▌  | 3/4 [00:00<00:00,  5.96it/s, loss=0.0297]
train:  75%|███████▌  | 3/4 [00:00<00:00,  5.96it/s, loss=0.0108]
train: 100%|██████████| 4/4 [00:00<00:00,  6.08it/s, loss=0.0108]
                                                                 
[PERF][train] samples(local/global)=8/8, batches(local/global)=4/4, samples/s(local/global)=12.0/12.0, ms/batch(local)=166.2, data_wait=2.2%, compute=97.8%, non_finite_skips(local)=0

val:   0%|          | 0/4 [00:00<?, ?it/s]
val:   0%|          | 0/4 [00:00<?, ?it/s, loss=0.0192]
val:   0%|          | 0/4 [00:00<?, ?it/s, loss=0.0180]
val:   0%|          | 0/4 [00:00<?, ?it/s, loss=0.0206]
val:  75%|███████▌  | 3/4 [00:00<00:00, 21.50it/s, loss=0.0206]
val:  75%|███████▌  | 3/4 [00:00<00:00, 21.50it/s, loss=0.0296]
                                                               
[PERF][val] samples(local/global)=8/8, batches(local/global)=4/4, samples/s(local/global)=42.0/42.0, ms/batch(local)=47.6, data_wait=5.8%, compute=94.2%, non_finite_skips(local)=0
[MEM] epoch=88 RAM(before/after)=1432.7/1432.7MB | GPU mem: gpu0 alloc=24.9MB resv=7092.0MB peak=5388.3MB
Epoch 88: train_loss=0.021777, val_loss=0.021851, lr=0.00010000
Updated best model: /home/nis/jinrui.yang/EaBNet_light/logs_cbam_flat_projection64/overfit8_epoch40_v2/best/best_model.pt (val_loss=0.021851)

Epoch 89/200

train:   0%|          | 0/4 [00:00<?, ?it/s]
train:   0%|          | 0/4 [00:00<?, ?it/s, loss=0.0220]
train:  25%|██▌       | 1/4 [00:00<00:00,  5.89it/s, loss=0.0220]
train:  25%|██▌       | 1/4 [00:00<00:00,  5.89it/s, loss=0.0165]
train:  50%|█████     | 2/4 [00:00<00:00,  5.96it/s, loss=0.0165]
train:  50%|█████     | 2/4 [00:00<00:00,  5.96it/s, loss=0.0440]
train:  75%|███████▌  | 3/4 [00:00<00:00,  6.02it/s, loss=0.0440]
train:  75%|███████▌  | 3/4 [00:00<00:00,  6.02it/s, loss=0.0046]
train: 100%|██████████| 4/4 [00:00<00:00,  6.14it/s, loss=0.0046]
                                                                 
[PERF][train] samples(local/global)=8/8, batches(local/global)=4/4, samples/s(local/global)=12.1/12.1, ms/batch(local)=164.6, data_wait=1.9%, compute=98.0%, non_finite_skips(local)=0

val:   0%|          | 0/4 [00:00<?, ?it/s]
val:   0%|          | 0/4 [00:00<?, ?it/s, loss=0.0192]
val:   0%|          | 0/4 [00:00<?, ?it/s, loss=0.0180]
val:   0%|          | 0/4 [00:00<?, ?it/s, loss=0.0206]
val:  75%|███████▌  | 3/4 [00:00<00:00, 20.73it/s, loss=0.0206]
val:  75%|███████▌  | 3/4 [00:00<00:00, 20.73it/s, loss=0.0296]
                                                               
[PERF][val] samples(local/global)=8/8, batches(local/global)=4/4, samples/s(local/global)=40.6/40.6, ms/batch(local)=49.3, data_wait=7.2%, compute=92.5%, non_finite_skips(local)=0
[MEM] epoch=89 RAM(before/after)=1432.7/1423.9MB | GPU mem: gpu0 alloc=24.9MB resv=7092.0MB peak=5388.3MB
Epoch 89: train_loss=0.021774, val_loss=0.021835, lr=0.00010000
Updated best model: /home/nis/jinrui.yang/EaBNet_light/logs_cbam_flat_projection64/overfit8_epoch40_v2/best/best_model.pt (val_loss=0.021835)

Epoch 90/200

train:   0%|          | 0/4 [00:00<?, ?it/s]
train:   0%|          | 0/4 [00:00<?, ?it/s, loss=0.0119]
train:  25%|██▌       | 1/4 [00:00<00:00,  6.25it/s, loss=0.0119]
train:  25%|██▌       | 1/4 [00:00<00:00,  6.25it/s, loss=0.0440]
train:  50%|█████     | 2/4 [00:00<00:00,  6.09it/s, loss=0.0440]
train:  50%|█████     | 2/4 [00:00<00:00,  6.09it/s, loss=0.0205]
train:  75%|███████▌  | 3/4 [00:00<00:00,  6.07it/s, loss=0.0205]
train:  75%|███████▌  | 3/4 [00:00<00:00,  6.07it/s, loss=0.0108]
train: 100%|██████████| 4/4 [00:00<00:00,  6.13it/s, loss=0.0108]
                                                                 
[PERF][train] samples(local/global)=8/8, batches(local/global)=4/4, samples/s(local/global)=12.2/12.2, ms/batch(local)=163.4, data_wait=2.0%, compute=97.9%, non_finite_skips(local)=0

val:   0%|          | 0/4 [00:00<?, ?it/s]
val:   0%|          | 0/4 [00:00<?, ?it/s, loss=0.0192]
val:   0%|          | 0/4 [00:00<?, ?it/s, loss=0.0180]
val:   0%|          | 0/4 [00:00<?, ?it/s, loss=0.0206]
val:  75%|███████▌  | 3/4 [00:00<00:00, 20.10it/s, loss=0.0206]
val:  75%|███████▌  | 3/4 [00:00<00:00, 20.10it/s, loss=0.0296]
                                                               
[PERF][val] samples(local/global)=8/8, batches(local/global)=4/4, samples/s(local/global)=40.1/40.1, ms/batch(local)=49.9, data_wait=6.0%, compute=94.0%, non_finite_skips(local)=0
[MEM] epoch=90 RAM(before/after)=1423.9/1432.7MB | GPU mem: gpu0 alloc=24.9MB resv=7092.0MB peak=5388.3MB
Epoch 90: train_loss=0.021798, val_loss=0.021830, lr=0.00010000
Updated best model: /home/nis/jinrui.yang/EaBNet_light/logs_cbam_flat_projection64/overfit8_epoch40_v2/best/best_model.pt (val_loss=0.021830)

Epoch 91/200

train:   0%|          | 0/4 [00:00<?, ?it/s]
train:   0%|          | 0/4 [00:00<?, ?it/s, loss=0.0254]
train:  25%|██▌       | 1/4 [00:00<00:00,  6.34it/s, loss=0.0254]
train:  25%|██▌       | 1/4 [00:00<00:00,  6.34it/s, loss=0.0164]
train:  50%|█████     | 2/4 [00:00<00:00,  6.34it/s, loss=0.0164]
train:  50%|█████     | 2/4 [00:00<00:00,  6.34it/s, loss=0.0406]
train:  75%|███████▌  | 3/4 [00:00<00:00,  6.35it/s, loss=0.0406]
train:  75%|███████▌  | 3/4 [00:00<00:00,  6.35it/s, loss=0.0046]
train: 100%|██████████| 4/4 [00:00<00:00,  6.36it/s, loss=0.0046]
                                                                 
[PERF][train] samples(local/global)=8/8, batches(local/global)=4/4, samples/s(local/global)=12.7/12.7, ms/batch(local)=157.5, data_wait=1.7%, compute=98.3%, non_finite_skips(local)=0

val:   0%|          | 0/4 [00:00<?, ?it/s]
val:   0%|          | 0/4 [00:00<?, ?it/s, loss=0.0192]
val:   0%|          | 0/4 [00:00<?, ?it/s, loss=0.0180]
val:   0%|          | 0/4 [00:00<?, ?it/s, loss=0.0205]
val:  75%|███████▌  | 3/4 [00:00<00:00, 21.66it/s, loss=0.0205]
val:  75%|███████▌  | 3/4 [00:00<00:00, 21.66it/s, loss=0.0295]
                                                               
[PERF][val] samples(local/global)=8/8, batches(local/global)=4/4, samples/s(local/global)=43.3/43.3, ms/batch(local)=46.2, data_wait=4.6%, compute=95.4%, non_finite_skips(local)=0
[MEM] epoch=91 RAM(before/after)=1432.7/1432.7MB | GPU mem: gpu0 alloc=24.9MB resv=7092.0MB peak=5388.3MB
Epoch 91: train_loss=0.021746, val_loss=0.021813, lr=0.00010000
Updated best model: /home/nis/jinrui.yang/EaBNet_light/logs_cbam_flat_projection64/overfit8_epoch40_v2/best/best_model.pt (val_loss=0.021813)

Epoch 92/200

train:   0%|          | 0/4 [00:00<?, ?it/s]
train:   0%|          | 0/4 [00:00<?, ?it/s, loss=0.0185]
train:  25%|██▌       | 1/4 [00:00<00:00,  6.30it/s, loss=0.0185]
train:  25%|██▌       | 1/4 [00:00<00:00,  6.30it/s, loss=0.0099]
train:  50%|█████     | 2/4 [00:00<00:00,  6.30it/s, loss=0.0099]
train:  50%|█████     | 2/4 [00:00<00:00,  6.30it/s, loss=0.0180]
train:  75%|███████▌  | 3/4 [00:00<00:00,  6.31it/s, loss=0.0180]
train:  75%|███████▌  | 3/4 [00:00<00:00,  6.31it/s, loss=0.0405]
train: 100%|██████████| 4/4 [00:00<00:00,  6.26it/s, loss=0.0405]
                                                                 
[PERF][train] samples(local/global)=8/8, batches(local/global)=4/4, samples/s(local/global)=12.5/12.5, ms/batch(local)=159.4, data_wait=1.8%, compute=98.0%, non_finite_skips(local)=0

val:   0%|          | 0/4 [00:00<?, ?it/s]
val:   0%|          | 0/4 [00:00<?, ?it/s, loss=0.0192]
val:   0%|          | 0/4 [00:00<?, ?it/s, loss=0.0180]
val:  50%|█████     | 2/4 [00:00<00:00, 19.96it/s, loss=0.0180]
val:  50%|█████     | 2/4 [00:00<00:00, 19.96it/s, loss=0.0205]
val:  50%|█████     | 2/4 [00:00<00:00, 19.96it/s, loss=0.0295]
                                                               
[PERF][val] samples(local/global)=8/8, batches(local/global)=4/4, samples/s(local/global)=39.8/39.8, ms/batch(local)=50.3, data_wait=6.3%, compute=93.2%, non_finite_skips(local)=0
[MEM] epoch=92 RAM(before/after)=1432.7/1423.9MB | GPU mem: gpu0 alloc=24.9MB resv=7092.0MB peak=5388.3MB
Epoch 92: train_loss=0.021738, val_loss=0.021780, lr=0.00010000
Updated best model: /home/nis/jinrui.yang/EaBNet_light/logs_cbam_flat_projection64/overfit8_epoch40_v2/best/best_model.pt (val_loss=0.021780)

Epoch 93/200

train:   0%|          | 0/4 [00:00<?, ?it/s]
train:   0%|          | 0/4 [00:00<?, ?it/s, loss=0.0191]
train:  25%|██▌       | 1/4 [00:00<00:00,  6.14it/s, loss=0.0191]
train:  25%|██▌       | 1/4 [00:00<00:00,  6.14it/s, loss=0.0222]
train:  50%|█████     | 2/4 [00:00<00:00,  6.21it/s, loss=0.0222]
train:  50%|█████     | 2/4 [00:00<00:00,  6.21it/s, loss=0.0108]
train:  75%|███████▌  | 3/4 [00:00<00:00,  6.27it/s, loss=0.0108]
train:  75%|███████▌  | 3/4 [00:00<00:00,  6.27it/s, loss=0.0348]
train: 100%|██████████| 4/4 [00:00<00:00,  6.26it/s, loss=0.0348]
                                                                 
[PERF][train] samples(local/global)=8/8, batches(local/global)=4/4, samples/s(local/global)=12.5/12.5, ms/batch(local)=160.2, data_wait=2.0%, compute=97.9%, non_finite_skips(local)=0

val:   0%|          | 0/4 [00:00<?, ?it/s]
val:   0%|          | 0/4 [00:00<?, ?it/s, loss=0.0192]
val:   0%|          | 0/4 [00:00<?, ?it/s, loss=0.0180]
val:   0%|          | 0/4 [00:00<?, ?it/s, loss=0.0205]
val:  75%|███████▌  | 3/4 [00:00<00:00, 20.71it/s, loss=0.0205]
val:  75%|███████▌  | 3/4 [00:00<00:00, 20.71it/s, loss=0.0294]
                                                               
[PERF][val] samples(local/global)=8/8, batches(local/global)=4/4, samples/s(local/global)=41.8/41.8, ms/batch(local)=47.8, data_wait=5.3%, compute=94.7%, non_finite_skips(local)=0
[MEM] epoch=93 RAM(before/after)=1423.9/1432.7MB | GPU mem: gpu0 alloc=24.9MB resv=7092.0MB peak=5388.3MB
Epoch 93: train_loss=0.021724, val_loss=0.021755, lr=0.00010000
Updated best model: /home/nis/jinrui.yang/EaBNet_light/logs_cbam_flat_projection64/overfit8_epoch40_v2/best/best_model.pt (val_loss=0.021755)

Epoch 94/200

train:   0%|          | 0/4 [00:00<?, ?it/s]
train:   0%|          | 0/4 [00:00<?, ?it/s, loss=0.0099]
train:  25%|██▌       | 1/4 [00:00<00:00,  6.16it/s, loss=0.0099]
train:  25%|██▌       | 1/4 [00:00<00:00,  6.16it/s, loss=0.0219]
train:  50%|█████     | 2/4 [00:00<00:00,  6.18it/s, loss=0.0219]
train:  50%|█████     | 2/4 [00:00<00:00,  6.18it/s, loss=0.0184]
train:  75%|███████▌  | 3/4 [00:00<00:00,  6.14it/s, loss=0.0184]
train:  75%|███████▌  | 3/4 [00:00<00:00,  6.14it/s, loss=0.0365]
train: 100%|██████████| 4/4 [00:00<00:00,  6.18it/s, loss=0.0365]
                                                                 
[PERF][train] samples(local/global)=8/8, batches(local/global)=4/4, samples/s(local/global)=12.3/12.3, ms/batch(local)=162.1, data_wait=1.9%, compute=98.0%, non_finite_skips(local)=0

val:   0%|          | 0/4 [00:00<?, ?it/s]
val:   0%|          | 0/4 [00:00<?, ?it/s, loss=0.0191]
val:   0%|          | 0/4 [00:00<?, ?it/s, loss=0.0179]
val:  50%|█████     | 2/4 [00:00<00:00, 19.97it/s, loss=0.0179]
val:  50%|█████     | 2/4 [00:00<00:00, 19.97it/s, loss=0.0204]
val:  50%|█████     | 2/4 [00:00<00:00, 19.97it/s, loss=0.0295]
val: 100%|██████████| 4/4 [00:00<00:00, 19.93it/s, loss=0.0295]
                                                               
[PERF][val] samples(local/global)=8/8, batches(local/global)=4/4, samples/s(local/global)=39.8/39.8, ms/batch(local)=50.2, data_wait=5.9%, compute=94.0%, non_finite_skips(local)=0
[MEM] epoch=94 RAM(before/after)=1432.7/1432.7MB | GPU mem: gpu0 alloc=24.9MB resv=7092.0MB peak=5388.3MB
Epoch 94: train_loss=0.021677, val_loss=0.021744, lr=0.00010000
Updated best model: /home/nis/jinrui.yang/EaBNet_light/logs_cbam_flat_projection64/overfit8_epoch40_v2/best/best_model.pt (val_loss=0.021744)

Epoch 95/200

train:   0%|          | 0/4 [00:00<?, ?it/s]
train:   0%|          | 0/4 [00:00<?, ?it/s, loss=0.0295]
train:  25%|██▌       | 1/4 [00:00<00:00,  5.76it/s, loss=0.0295]
train:  25%|██▌       | 1/4 [00:00<00:00,  5.76it/s, loss=0.0162]
train:  50%|█████     | 2/4 [00:00<00:00,  5.89it/s, loss=0.0162]
train:  50%|█████     | 2/4 [00:00<00:00,  5.89it/s, loss=0.0300]
train:  75%|███████▌  | 3/4 [00:00<00:00,  5.95it/s, loss=0.0300]
train:  75%|███████▌  | 3/4 [00:00<00:00,  5.95it/s, loss=0.0111]
train: 100%|██████████| 4/4 [00:00<00:00,  5.97it/s, loss=0.0111]
                                                                 
[PERF][train] samples(local/global)=8/8, batches(local/global)=4/4, samples/s(local/global)=11.9/11.9, ms/batch(local)=168.6, data_wait=2.0%, compute=97.8%, non_finite_skips(local)=0

val:   0%|          | 0/4 [00:00<?, ?it/s]
val:   0%|          | 0/4 [00:00<?, ?it/s, loss=0.0191]
val:   0%|          | 0/4 [00:00<?, ?it/s, loss=0.0179]
val:  50%|█████     | 2/4 [00:00<00:00, 19.86it/s, loss=0.0179]
val:  50%|█████     | 2/4 [00:00<00:00, 19.86it/s, loss=0.0205]
val:  50%|█████     | 2/4 [00:00<00:00, 19.86it/s, loss=0.0294]
                                                               
[PERF][val] samples(local/global)=8/8, batches(local/global)=4/4, samples/s(local/global)=40.0/40.0, ms/batch(local)=50.0, data_wait=5.8%, compute=93.8%, non_finite_skips(local)=0
[MEM] epoch=95 RAM(before/after)=1432.7/1425.7MB | GPU mem: gpu0 alloc=24.9MB resv=7092.0MB peak=5388.3MB
Epoch 95: train_loss=0.021706, val_loss=0.021743, lr=0.00010000
Updated best model: /home/nis/jinrui.yang/EaBNet_light/logs_cbam_flat_projection64/overfit8_epoch40_v2/best/best_model.pt (val_loss=0.021743)

Epoch 96/200

train:   0%|          | 0/4 [00:00<?, ?it/s]
train:   0%|          | 0/4 [00:00<?, ?it/s, loss=0.0292]
train:  25%|██▌       | 1/4 [00:00<00:00,  6.15it/s, loss=0.0292]
train:  25%|██▌       | 1/4 [00:00<00:00,  6.15it/s, loss=0.0253]
train:  50%|█████     | 2/4 [00:00<00:00,  6.12it/s, loss=0.0253]
train:  50%|█████     | 2/4 [00:00<00:00,  6.12it/s, loss=0.0099]
train:  75%|███████▌  | 3/4 [00:00<00:00,  6.22it/s, loss=0.0099]
train:  75%|███████▌  | 3/4 [00:00<00:00,  6.22it/s, loss=0.0221]
train: 100%|██████████| 4/4 [00:00<00:00,  6.26it/s, loss=0.0221]
                                                                 
[PERF][train] samples(local/global)=8/8, batches(local/global)=4/4, samples/s(local/global)=12.4/12.4, ms/batch(local)=160.7, data_wait=2.0%, compute=97.9%, non_finite_skips(local)=0

val:   0%|          | 0/4 [00:00<?, ?it/s]
val:   0%|          | 0/4 [00:00<?, ?it/s, loss=0.0191]
val:   0%|          | 0/4 [00:00<?, ?it/s, loss=0.0179]
val:   0%|          | 0/4 [00:00<?, ?it/s, loss=0.0204]
val:  75%|███████▌  | 3/4 [00:00<00:00, 21.03it/s, loss=0.0204]
val:  75%|███████▌  | 3/4 [00:00<00:00, 21.03it/s, loss=0.0294]
                                                               
[PERF][val] samples(local/global)=8/8, batches(local/global)=4/4, samples/s(local/global)=41.1/41.1, ms/batch(local)=48.6, data_wait=6.1%, compute=93.6%, non_finite_skips(local)=0
[MEM] epoch=96 RAM(before/after)=1425.7/1425.7MB | GPU mem: gpu0 alloc=24.9MB resv=7092.0MB peak=5388.3MB
Epoch 96: train_loss=0.021643, val_loss=0.021712, lr=0.00010000
Updated best model: /home/nis/jinrui.yang/EaBNet_light/logs_cbam_flat_projection64/overfit8_epoch40_v2/best/best_model.pt (val_loss=0.021712)

Epoch 97/200

train:   0%|          | 0/4 [00:00<?, ?it/s]
train:   0%|          | 0/4 [00:00<?, ?it/s, loss=0.0191]
train:  25%|██▌       | 1/4 [00:00<00:00,  5.82it/s, loss=0.0191]
train:  25%|██▌       | 1/4 [00:00<00:00,  5.82it/s, loss=0.0150]
train:  50%|█████     | 2/4 [00:00<00:00,  6.02it/s, loss=0.0150]
train:  50%|█████     | 2/4 [00:00<00:00,  6.02it/s, loss=0.0347]
train:  75%|███████▌  | 3/4 [00:00<00:00,  6.16it/s, loss=0.0347]
train:  75%|███████▌  | 3/4 [00:00<00:00,  6.16it/s, loss=0.0179]
train: 100%|██████████| 4/4 [00:00<00:00,  6.20it/s, loss=0.0179]
                                                                 
[PERF][train] samples(local/global)=8/8, batches(local/global)=4/4, samples/s(local/global)=12.3/12.3, ms/batch(local)=163.2, data_wait=1.9%, compute=97.9%, non_finite_skips(local)=0

val:   0%|          | 0/4 [00:00<?, ?it/s]
val:   0%|          | 0/4 [00:00<?, ?it/s, loss=0.0191]
val:   0%|          | 0/4 [00:00<?, ?it/s, loss=0.0179]
val:  50%|█████     | 2/4 [00:00<00:00, 19.95it/s, loss=0.0179]
val:  50%|█████     | 2/4 [00:00<00:00, 19.95it/s, loss=0.0204]
val:  50%|█████     | 2/4 [00:00<00:00, 19.95it/s, loss=0.0294]
                                                               
[PERF][val] samples(local/global)=8/8, batches(local/global)=4/4, samples/s(local/global)=40.8/40.8, ms/batch(local)=49.0, data_wait=6.7%, compute=93.1%, non_finite_skips(local)=0
[MEM] epoch=97 RAM(before/after)=1425.7/1423.9MB | GPU mem: gpu0 alloc=24.9MB resv=7092.0MB peak=5388.3MB
Epoch 97: train_loss=0.021661, val_loss=0.021701, lr=0.00010000
Updated best model: /home/nis/jinrui.yang/EaBNet_light/logs_cbam_flat_projection64/overfit8_epoch40_v2/best/best_model.pt (val_loss=0.021701)

Epoch 98/200

train:   0%|          | 0/4 [00:00<?, ?it/s]
train:   0%|          | 0/4 [00:00<?, ?it/s, loss=0.0362]
train:  25%|██▌       | 1/4 [00:00<00:00,  6.26it/s, loss=0.0362]
train:  25%|██▌       | 1/4 [00:00<00:00,  6.26it/s, loss=0.0204]
train:  50%|█████     | 2/4 [00:00<00:00,  6.23it/s, loss=0.0204]
train:  50%|█████     | 2/4 [00:00<00:00,  6.23it/s, loss=0.0191]
train:  75%|███████▌  | 3/4 [00:00<00:00,  6.11it/s, loss=0.0191]
train:  75%|███████▌  | 3/4 [00:00<00:00,  6.11it/s, loss=0.0111]
train: 100%|██████████| 4/4 [00:00<00:00,  6.06it/s, loss=0.0111]
                                                                 
[PERF][train] samples(local/global)=8/8, batches(local/global)=4/4, samples/s(local/global)=12.2/12.2, ms/batch(local)=163.8, data_wait=2.1%, compute=97.8%, non_finite_skips(local)=0

val:   0%|          | 0/4 [00:00<?, ?it/s]
val:   0%|          | 0/4 [00:00<?, ?it/s, loss=0.0191]
val:   0%|          | 0/4 [00:00<?, ?it/s, loss=0.0179]
val:   0%|          | 0/4 [00:00<?, ?it/s, loss=0.0204]
val:  75%|███████▌  | 3/4 [00:00<00:00, 20.46it/s, loss=0.0204]
val:  75%|███████▌  | 3/4 [00:00<00:00, 20.46it/s, loss=0.0294]
                                                               
[PERF][val] samples(local/global)=8/8, batches(local/global)=4/4, samples/s(local/global)=40.7/40.7, ms/batch(local)=49.1, data_wait=5.7%, compute=94.3%, non_finite_skips(local)=0
[MEM] epoch=98 RAM(before/after)=1423.9/1432.7MB | GPU mem: gpu0 alloc=24.9MB resv=7092.0MB peak=5388.3MB
Epoch 98: train_loss=0.021677, val_loss=0.021686, lr=0.00010000
Updated best model: /home/nis/jinrui.yang/EaBNet_light/logs_cbam_flat_projection64/overfit8_epoch40_v2/best/best_model.pt (val_loss=0.021686)

Epoch 99/200

train:   0%|          | 0/4 [00:00<?, ?it/s]
train:   0%|          | 0/4 [00:00<?, ?it/s, loss=0.0252]
train:  25%|██▌       | 1/4 [00:00<00:00,  6.31it/s, loss=0.0252]
train:  25%|██▌       | 1/4 [00:00<00:00,  6.31it/s, loss=0.0163]
train:  50%|█████     | 2/4 [00:00<00:00,  6.24it/s, loss=0.0163]
train:  50%|█████     | 2/4 [00:00<00:00,  6.24it/s, loss=0.0403]
train:  75%|███████▌  | 3/4 [00:00<00:00,  6.24it/s, loss=0.0403]
train:  75%|███████▌  | 3/4 [00:00<00:00,  6.24it/s, loss=0.0046]
train: 100%|██████████| 4/4 [00:00<00:00,  6.24it/s, loss=0.0046]
                                                                 
[PERF][train] samples(local/global)=8/8, batches(local/global)=4/4, samples/s(local/global)=12.5/12.5, ms/batch(local)=160.2, data_wait=1.8%, compute=98.1%, non_finite_skips(local)=0

val:   0%|          | 0/4 [00:00<?, ?it/s]
val:   0%|          | 0/4 [00:00<?, ?it/s, loss=0.0191]
val:   0%|          | 0/4 [00:00<?, ?it/s, loss=0.0179]
val:   0%|          | 0/4 [00:00<?, ?it/s, loss=0.0204]
val:  75%|███████▌  | 3/4 [00:00<00:00, 20.95it/s, loss=0.0204]
val:  75%|███████▌  | 3/4 [00:00<00:00, 20.95it/s, loss=0.0293]
                                                               
[PERF][val] samples(local/global)=8/8, batches(local/global)=4/4, samples/s(local/global)=42.2/42.2, ms/batch(local)=47.4, data_wait=5.4%, compute=94.5%, non_finite_skips(local)=0
[MEM] epoch=99 RAM(before/after)=1432.7/1432.7MB | GPU mem: gpu0 alloc=24.9MB resv=7092.0MB peak=5388.3MB
Epoch 99: train_loss=0.021602, val_loss=0.021663, lr=0.00010000
Updated best model: /home/nis/jinrui.yang/EaBNet_light/logs_cbam_flat_projection64/overfit8_epoch40_v2/best/best_model.pt (val_loss=0.021663)

Epoch 100/200

train:   0%|          | 0/4 [00:00<?, ?it/s]
train:   0%|          | 0/4 [00:00<?, ?it/s, loss=0.0107]
train:  25%|██▌       | 1/4 [00:00<00:00,  6.14it/s, loss=0.0107]
train:  25%|██▌       | 1/4 [00:00<00:00,  6.14it/s, loss=0.0162]
train:  50%|█████     | 2/4 [00:00<00:00,  6.11it/s, loss=0.0162]
train:  50%|█████     | 2/4 [00:00<00:00,  6.11it/s, loss=0.0190]
train:  75%|███████▌  | 3/4 [00:00<00:00,  6.17it/s, loss=0.0190]
train:  75%|███████▌  | 3/4 [00:00<00:00,  6.17it/s, loss=0.0403]
train: 100%|██████████| 4/4 [00:00<00:00,  6.10it/s, loss=0.0403]
                                                                 
[PERF][train] samples(local/global)=8/8, batches(local/global)=4/4, samples/s(local/global)=12.2/12.2, ms/batch(local)=163.8, data_wait=1.9%, compute=97.9%, non_finite_skips(local)=0

val:   0%|          | 0/4 [00:00<?, ?it/s]
val:   0%|          | 0/4 [00:00<?, ?it/s, loss=0.0191]
val:   0%|          | 0/4 [00:00<?, ?it/s, loss=0.0178]
val:   0%|          | 0/4 [00:00<?, ?it/s, loss=0.0203]
val:  75%|███████▌  | 3/4 [00:00<00:00, 21.02it/s, loss=0.0203]
val:  75%|███████▌  | 3/4 [00:00<00:00, 21.02it/s, loss=0.0293]
                                                               
[PERF][val] samples(local/global)=8/8, batches(local/global)=4/4, samples/s(local/global)=42.0/42.0, ms/batch(local)=47.6, data_wait=5.9%, compute=93.9%, non_finite_skips(local)=0
[MEM] epoch=100 RAM(before/after)=1432.7/1425.7MB | GPU mem: gpu0 alloc=24.9MB resv=7092.0MB peak=5388.3MB
Epoch 100: train_loss=0.021567, val_loss=0.021636, lr=0.00010000
Updated best model: /home/nis/jinrui.yang/EaBNet_light/logs_cbam_flat_projection64/overfit8_epoch40_v2/best/best_model.pt (val_loss=0.021636)

Epoch 101/200

train:   0%|          | 0/4 [00:00<?, ?it/s]
train:   0%|          | 0/4 [00:00<?, ?it/s, loss=0.0203]
train:  25%|██▌       | 1/4 [00:00<00:00,  6.18it/s, loss=0.0203]
train:  25%|██▌       | 1/4 [00:00<00:00,  6.18it/s, loss=0.0117]
train:  50%|█████     | 2/4 [00:00<00:00,  6.07it/s, loss=0.0117]
train:  50%|█████     | 2/4 [00:00<00:00,  6.07it/s, loss=0.0252]
train:  75%|███████▌  | 3/4 [00:00<00:00,  6.04it/s, loss=0.0252]
train:  75%|███████▌  | 3/4 [00:00<00:00,  6.04it/s, loss=0.0291]
train: 100%|██████████| 4/4 [00:00<00:00,  6.00it/s, loss=0.0291]
                                                                 
[PERF][train] samples(local/global)=8/8, batches(local/global)=4/4, samples/s(local/global)=12.0/12.0, ms/batch(local)=166.2, data_wait=2.2%, compute=97.6%, non_finite_skips(local)=0

val:   0%|          | 0/4 [00:00<?, ?it/s]
val:   0%|          | 0/4 [00:00<?, ?it/s, loss=0.0191]
val:   0%|          | 0/4 [00:00<?, ?it/s, loss=0.0178]
val:   0%|          | 0/4 [00:00<?, ?it/s, loss=0.0203]
val:  75%|███████▌  | 3/4 [00:00<00:00, 20.96it/s, loss=0.0203]
val:  75%|███████▌  | 3/4 [00:00<00:00, 20.96it/s, loss=0.0293]
                                                               
[PERF][val] samples(local/global)=8/8, batches(local/global)=4/4, samples/s(local/global)=41.8/41.8, ms/batch(local)=47.8, data_wait=6.2%, compute=93.6%, non_finite_skips(local)=0
[MEM] epoch=101 RAM(before/after)=1425.7/1425.7MB | GPU mem: gpu0 alloc=24.9MB resv=7092.0MB peak=5388.3MB
Epoch 101: train_loss=0.021583, val_loss=0.021621, lr=0.00010000
Updated best model: /home/nis/jinrui.yang/EaBNet_light/logs_cbam_flat_projection64/overfit8_epoch40_v2/best/best_model.pt (val_loss=0.021621)

Epoch 102/200

train:   0%|          | 0/4 [00:00<?, ?it/s]
train:   0%|          | 0/4 [00:00<?, ?it/s, loss=0.0190]
train:  25%|██▌       | 1/4 [00:00<00:00,  5.75it/s, loss=0.0190]
train:  25%|██▌       | 1/4 [00:00<00:00,  5.75it/s, loss=0.0345]
train:  50%|█████     | 2/4 [00:00<00:00,  5.97it/s, loss=0.0345]
train:  50%|█████     | 2/4 [00:00<00:00,  5.97it/s, loss=0.0217]
train:  75%|███████▌  | 3/4 [00:00<00:00,  6.03it/s, loss=0.0217]
train:  75%|███████▌  | 3/4 [00:00<00:00,  6.03it/s, loss=0.0110]
train: 100%|██████████| 4/4 [00:00<00:00,  6.14it/s, loss=0.0110]
                                                                 
[PERF][train] samples(local/global)=8/8, batches(local/global)=4/4, samples/s(local/global)=12.1/12.1, ms/batch(local)=164.9, data_wait=2.2%, compute=97.7%, non_finite_skips(local)=0

val:   0%|          | 0/4 [00:00<?, ?it/s]
val:   0%|          | 0/4 [00:00<?, ?it/s, loss=0.0191]
val:   0%|          | 0/4 [00:00<?, ?it/s, loss=0.0178]
val:   0%|          | 0/4 [00:00<?, ?it/s, loss=0.0203]
val:  75%|███████▌  | 3/4 [00:00<00:00, 21.54it/s, loss=0.0203]
val:  75%|███████▌  | 3/4 [00:00<00:00, 21.54it/s, loss=0.0293]
                                                               
[PERF][val] samples(local/global)=8/8, batches(local/global)=4/4, samples/s(local/global)=43.0/43.0, ms/batch(local)=46.5, data_wait=5.0%, compute=94.6%, non_finite_skips(local)=0
[MEM] epoch=102 RAM(before/after)=1425.7/1423.9MB | GPU mem: gpu0 alloc=24.9MB resv=7092.0MB peak=5388.3MB
Epoch 102: train_loss=0.021564, val_loss=0.021621, lr=0.00010000

Epoch 103/200

train:   0%|          | 0/4 [00:00<?, ?it/s]
train:   0%|          | 0/4 [00:00<?, ?it/s, loss=0.0183]
train:  25%|██▌       | 1/4 [00:00<00:00,  6.23it/s, loss=0.0183]
train:  25%|██▌       | 1/4 [00:00<00:00,  6.23it/s, loss=0.0178]
train:  50%|█████     | 2/4 [00:00<00:00,  6.29it/s, loss=0.0178]
train:  50%|█████     | 2/4 [00:00<00:00,  6.29it/s, loss=0.0098]
train:  75%|███████▌  | 3/4 [00:00<00:00,  6.31it/s, loss=0.0098]
train:  75%|███████▌  | 3/4 [00:00<00:00,  6.31it/s, loss=0.0402]
train: 100%|██████████| 4/4 [00:00<00:00,  6.25it/s, loss=0.0402]
                                                                 
[PERF][train] samples(local/global)=8/8, batches(local/global)=4/4, samples/s(local/global)=12.5/12.5, ms/batch(local)=159.8, data_wait=1.9%, compute=97.9%, non_finite_skips(local)=0

val:   0%|          | 0/4 [00:00<?, ?it/s]
val:   0%|          | 0/4 [00:00<?, ?it/s, loss=0.0191]
val:   0%|          | 0/4 [00:00<?, ?it/s, loss=0.0178]
val:  50%|█████     | 2/4 [00:00<00:00, 19.93it/s, loss=0.0178]
val:  50%|█████     | 2/4 [00:00<00:00, 19.93it/s, loss=0.0203]
val:  50%|█████     | 2/4 [00:00<00:00, 19.93it/s, loss=0.0293]
val: 100%|██████████| 4/4 [00:00<00:00, 19.85it/s, loss=0.0293]
                                                               
[PERF][val] samples(local/global)=8/8, batches(local/global)=4/4, samples/s(local/global)=39.6/39.6, ms/batch(local)=50.5, data_wait=7.0%, compute=92.7%, non_finite_skips(local)=0
[MEM] epoch=103 RAM(before/after)=1423.9/1423.9MB | GPU mem: gpu0 alloc=24.9MB resv=7092.0MB peak=5388.3MB
Epoch 103: train_loss=0.021550, val_loss=0.021601, lr=0.00010000
Updated best model: /home/nis/jinrui.yang/EaBNet_light/logs_cbam_flat_projection64/overfit8_epoch40_v2/best/best_model.pt (val_loss=0.021601)

Epoch 104/200

train:   0%|          | 0/4 [00:00<?, ?it/s]
train:   0%|          | 0/4 [00:00<?, ?it/s, loss=0.0098]
train:  25%|██▌       | 1/4 [00:00<00:00,  6.25it/s, loss=0.0098]
train:  25%|██▌       | 1/4 [00:00<00:00,  6.25it/s, loss=0.0401]
train:  50%|█████     | 2/4 [00:00<00:00,  6.30it/s, loss=0.0401]
train:  50%|█████     | 2/4 [00:00<00:00,  6.30it/s, loss=0.0255]
train:  75%|███████▌  | 3/4 [00:00<00:00,  6.26it/s, loss=0.0255]
train:  75%|███████▌  | 3/4 [00:00<00:00,  6.26it/s, loss=0.0107]
train: 100%|██████████| 4/4 [00:00<00:00,  6.13it/s, loss=0.0107]
                                                                 
[PERF][train] samples(local/global)=8/8, batches(local/global)=4/4, samples/s(local/global)=12.4/12.4, ms/batch(local)=161.9, data_wait=2.0%, compute=97.8%, non_finite_skips(local)=0

val:   0%|          | 0/4 [00:00<?, ?it/s]
val:   0%|          | 0/4 [00:00<?, ?it/s, loss=0.0190]
val:   0%|          | 0/4 [00:00<?, ?it/s, loss=0.0178]
val:   0%|          | 0/4 [00:00<?, ?it/s, loss=0.0203]
val:  75%|███████▌  | 3/4 [00:00<00:00, 21.31it/s, loss=0.0203]
val:  75%|███████▌  | 3/4 [00:00<00:00, 21.31it/s, loss=0.0292]
                                                               
[PERF][val] samples(local/global)=8/8, batches(local/global)=4/4, samples/s(local/global)=41.6/41.6, ms/batch(local)=48.1, data_wait=6.2%, compute=93.5%, non_finite_skips(local)=0
[MEM] epoch=104 RAM(before/after)=1423.9/1423.9MB | GPU mem: gpu0 alloc=24.9MB resv=7092.0MB peak=5388.3MB
Epoch 104: train_loss=0.021522, val_loss=0.021580, lr=0.00010000
Updated best model: /home/nis/jinrui.yang/EaBNet_light/logs_cbam_flat_projection64/overfit8_epoch40_v2/best/best_model.pt (val_loss=0.021580)

Epoch 105/200

train:   0%|          | 0/4 [00:00<?, ?it/s]
train:   0%|          | 0/4 [00:00<?, ?it/s, loss=0.0299]
train:  25%|██▌       | 1/4 [00:00<00:00,  6.19it/s, loss=0.0299]
train:  25%|██▌       | 1/4 [00:00<00:00,  6.19it/s, loss=0.0107]
train:  50%|█████     | 2/4 [00:00<00:00,  6.05it/s, loss=0.0107]
train:  50%|█████     | 2/4 [00:00<00:00,  6.05it/s, loss=0.0294]
train:  75%|███████▌  | 3/4 [00:00<00:00,  6.04it/s, loss=0.0294]
train:  75%|███████▌  | 3/4 [00:00<00:00,  6.04it/s, loss=0.0162]
train: 100%|██████████| 4/4 [00:00<00:00,  6.02it/s, loss=0.0162]
                                                                 
[PERF][train] samples(local/global)=8/8, batches(local/global)=4/4, samples/s(local/global)=12.1/12.1, ms/batch(local)=165.8, data_wait=2.0%, compute=97.7%, non_finite_skips(local)=0

val:   0%|          | 0/4 [00:00<?, ?it/s]
val:   0%|          | 0/4 [00:00<?, ?it/s, loss=0.0191]
val:   0%|          | 0/4 [00:00<?, ?it/s, loss=0.0178]
val:  50%|█████     | 2/4 [00:00<00:00, 19.96it/s, loss=0.0178]
val:  50%|█████     | 2/4 [00:00<00:00, 19.96it/s, loss=0.0203]
val:  50%|█████     | 2/4 [00:00<00:00, 19.96it/s, loss=0.0293]
val: 100%|██████████| 4/4 [00:00<00:00, 19.88it/s, loss=0.0293]
                                                               
[PERF][val] samples(local/global)=8/8, batches(local/global)=4/4, samples/s(local/global)=39.6/39.6, ms/batch(local)=50.5, data_wait=6.7%, compute=92.9%, non_finite_skips(local)=0
[MEM] epoch=105 RAM(before/after)=1423.9/1423.9MB | GPU mem: gpu0 alloc=24.9MB resv=7092.0MB peak=5388.3MB
Epoch 105: train_loss=0.021517, val_loss=0.021594, lr=0.00010000

Epoch 106/200

train:   0%|          | 0/4 [00:00<?, ?it/s]
train:   0%|          | 0/4 [00:00<?, ?it/s, loss=0.0046]
train:  25%|██▌       | 1/4 [00:00<00:00,  5.76it/s, loss=0.0046]
train:  25%|██▌       | 1/4 [00:00<00:00,  5.76it/s, loss=0.0362]
train:  50%|█████     | 2/4 [00:00<00:00,  5.89it/s, loss=0.0362]
train:  50%|█████     | 2/4 [00:00<00:00,  5.89it/s, loss=0.0160]
train:  75%|███████▌  | 3/4 [00:00<00:00,  5.93it/s, loss=0.0160]
train:  75%|███████▌  | 3/4 [00:00<00:00,  5.93it/s, loss=0.0293]
train: 100%|██████████| 4/4 [00:00<00:00,  5.96it/s, loss=0.0293]
                                                                 
[PERF][train] samples(local/global)=8/8, batches(local/global)=4/4, samples/s(local/global)=11.9/11.9, ms/batch(local)=168.7, data_wait=2.2%, compute=97.7%, non_finite_skips(local)=0

val:   0%|          | 0/4 [00:00<?, ?it/s]
val:   0%|          | 0/4 [00:00<?, ?it/s, loss=0.0191]
val:   0%|          | 0/4 [00:00<?, ?it/s, loss=0.0177]
val:   0%|          | 0/4 [00:00<?, ?it/s, loss=0.0203]
val:  75%|███████▌  | 3/4 [00:00<00:00, 20.09it/s, loss=0.0203]
val:  75%|███████▌  | 3/4 [00:00<00:00, 20.09it/s, loss=0.0293]
                                                               
[PERF][val] samples(local/global)=8/8, batches(local/global)=4/4, samples/s(local/global)=40.8/40.8, ms/batch(local)=49.0, data_wait=5.6%, compute=94.4%, non_finite_skips(local)=0
[MEM] epoch=106 RAM(before/after)=1423.9/1432.7MB | GPU mem: gpu0 alloc=24.9MB resv=7092.0MB peak=5388.3MB
Epoch 106: train_loss=0.021529, val_loss=0.021596, lr=0.00010000

Epoch 107/200

train:   0%|          | 0/4 [00:00<?, ?it/s]
train:   0%|          | 0/4 [00:00<?, ?it/s, loss=0.0183]
train:  25%|██▌       | 1/4 [00:00<00:00,  6.14it/s, loss=0.0183]
train:  25%|██▌       | 1/4 [00:00<00:00,  6.14it/s, loss=0.0298]
train:  50%|█████     | 2/4 [00:00<00:00,  6.22it/s, loss=0.0298]
train:  50%|█████     | 2/4 [00:00<00:00,  6.22it/s, loss=0.0178]
train:  75%|███████▌  | 3/4 [00:00<00:00,  6.23it/s, loss=0.0178]
train:  75%|███████▌  | 3/4 [00:00<00:00,  6.23it/s, loss=0.0202]
train: 100%|██████████| 4/4 [00:00<00:00,  6.16it/s, loss=0.0202]
                                                                 
[PERF][train] samples(local/global)=8/8, batches(local/global)=4/4, samples/s(local/global)=12.3/12.3, ms/batch(local)=162.0, data_wait=1.8%, compute=98.0%, non_finite_skips(local)=0

val:   0%|          | 0/4 [00:00<?, ?it/s]
val:   0%|          | 0/4 [00:00<?, ?it/s, loss=0.0190]
val:   0%|          | 0/4 [00:00<?, ?it/s, loss=0.0177]
val:   0%|          | 0/4 [00:00<?, ?it/s, loss=0.0202]
val:  75%|███████▌  | 3/4 [00:00<00:00, 21.29it/s, loss=0.0202]
val:  75%|███████▌  | 3/4 [00:00<00:00, 21.29it/s, loss=0.0292]
                                                               
[PERF][val] samples(local/global)=8/8, batches(local/global)=4/4, samples/s(local/global)=42.6/42.6, ms/batch(local)=47.0, data_wait=5.3%, compute=94.2%, non_finite_skips(local)=0
[MEM] epoch=107 RAM(before/after)=1432.7/1425.7MB | GPU mem: gpu0 alloc=24.9MB resv=7092.0MB peak=5388.3MB
Epoch 107: train_loss=0.021503, val_loss=0.021548, lr=0.00010000
Updated best model: /home/nis/jinrui.yang/EaBNet_light/logs_cbam_flat_projection64/overfit8_epoch40_v2/best/best_model.pt (val_loss=0.021548)

Epoch 108/200

train:   0%|          | 0/4 [00:00<?, ?it/s]
train:   0%|          | 0/4 [00:00<?, ?it/s, loss=0.0293]
train:  25%|██▌       | 1/4 [00:00<00:00,  6.26it/s, loss=0.0293]
train:  25%|██▌       | 1/4 [00:00<00:00,  6.26it/s, loss=0.0361]
train:  50%|█████     | 2/4 [00:00<00:00,  6.24it/s, loss=0.0361]
train:  50%|█████     | 2/4 [00:00<00:00,  6.24it/s, loss=0.0091]
train:  75%|███████▌  | 3/4 [00:00<00:00,  6.12it/s, loss=0.0091]
train:  75%|███████▌  | 3/4 [00:00<00:00,  6.12it/s, loss=0.0113]
train: 100%|██████████| 4/4 [00:00<00:00,  6.05it/s, loss=0.0113]
                                                                 
[PERF][train] samples(local/global)=8/8, batches(local/global)=4/4, samples/s(local/global)=12.2/12.2, ms/batch(local)=164.0, data_wait=2.2%, compute=97.7%, non_finite_skips(local)=0

val:   0%|          | 0/4 [00:00<?, ?it/s]
val:   0%|          | 0/4 [00:00<?, ?it/s, loss=0.0190]
val:   0%|          | 0/4 [00:00<?, ?it/s, loss=0.0177]
val:  50%|█████     | 2/4 [00:00<00:00, 19.93it/s, loss=0.0177]
val:  50%|█████     | 2/4 [00:00<00:00, 19.93it/s, loss=0.0202]
val:  50%|█████     | 2/4 [00:00<00:00, 19.93it/s, loss=0.0292]
val: 100%|██████████| 4/4 [00:00<00:00, 19.77it/s, loss=0.0292]
                                                               
[PERF][val] samples(local/global)=8/8, batches(local/global)=4/4, samples/s(local/global)=39.5/39.5, ms/batch(local)=50.7, data_wait=7.0%, compute=92.7%, non_finite_skips(local)=0
[MEM] epoch=108 RAM(before/after)=1425.7/1425.7MB | GPU mem: gpu0 alloc=24.9MB resv=7092.0MB peak=5388.3MB
Epoch 108: train_loss=0.021466, val_loss=0.021541, lr=0.00010000
Updated best model: /home/nis/jinrui.yang/EaBNet_light/logs_cbam_flat_projection64/overfit8_epoch40_v2/best/best_model.pt (val_loss=0.021541)

Epoch 109/200

train:   0%|          | 0/4 [00:00<?, ?it/s]
train:   0%|          | 0/4 [00:00<?, ?it/s, loss=0.0106]
train:  25%|██▌       | 1/4 [00:00<00:00,  5.70it/s, loss=0.0106]
train:  25%|██▌       | 1/4 [00:00<00:00,  5.70it/s, loss=0.0219]
train:  50%|█████     | 2/4 [00:00<00:00,  5.96it/s, loss=0.0219]
train:  50%|█████     | 2/4 [00:00<00:00,  5.96it/s, loss=0.0190]
train:  75%|███████▌  | 3/4 [00:00<00:00,  6.05it/s, loss=0.0190]
train:  75%|███████▌  | 3/4 [00:00<00:00,  6.05it/s, loss=0.0344]
train: 100%|██████████| 4/4 [00:00<00:00,  6.15it/s, loss=0.0344]
                                                                 
[PERF][train] samples(local/global)=8/8, batches(local/global)=4/4, samples/s(local/global)=12.1/12.1, ms/batch(local)=164.7, data_wait=1.9%, compute=97.9%, non_finite_skips(local)=0

val:   0%|          | 0/4 [00:00<?, ?it/s]
val:   0%|          | 0/4 [00:00<?, ?it/s, loss=0.0190]
val:   0%|          | 0/4 [00:00<?, ?it/s, loss=0.0177]
val:  50%|█████     | 2/4 [00:00<00:00, 19.84it/s, loss=0.0177]
val:  50%|█████     | 2/4 [00:00<00:00, 19.84it/s, loss=0.0202]
val:  50%|█████     | 2/4 [00:00<00:00, 19.84it/s, loss=0.0292]
                                                               
[PERF][val] samples(local/global)=8/8, batches(local/global)=4/4, samples/s(local/global)=40.2/40.2, ms/batch(local)=49.7, data_wait=6.8%, compute=93.2%, non_finite_skips(local)=0
[MEM] epoch=109 RAM(before/after)=1425.7/1432.7MB | GPU mem: gpu0 alloc=24.9MB resv=7092.0MB peak=5388.3MB
Epoch 109: train_loss=0.021466, val_loss=0.021518, lr=0.00010000
Updated best model: /home/nis/jinrui.yang/EaBNet_light/logs_cbam_flat_projection64/overfit8_epoch40_v2/best/best_model.pt (val_loss=0.021518)

Epoch 110/200

train:   0%|          | 0/4 [00:00<?, ?it/s]
train:   0%|          | 0/4 [00:00<?, ?it/s, loss=0.0106]
train:  25%|██▌       | 1/4 [00:00<00:00,  6.27it/s, loss=0.0106]
train:  25%|██▌       | 1/4 [00:00<00:00,  6.27it/s, loss=0.0297]
train:  50%|█████     | 2/4 [00:00<00:00,  6.32it/s, loss=0.0297]
train:  50%|█████     | 2/4 [00:00<00:00,  6.32it/s, loss=0.0161]
train:  75%|███████▌  | 3/4 [00:00<00:00,  6.34it/s, loss=0.0161]
train:  75%|███████▌  | 3/4 [00:00<00:00,  6.34it/s, loss=0.0292]
train: 100%|██████████| 4/4 [00:00<00:00,  6.32it/s, loss=0.0292]
                                                                 
[PERF][train] samples(local/global)=8/8, batches(local/global)=4/4, samples/s(local/global)=12.6/12.6, ms/batch(local)=158.3, data_wait=1.9%, compute=98.0%, non_finite_skips(local)=0

val:   0%|          | 0/4 [00:00<?, ?it/s]
val:   0%|          | 0/4 [00:00<?, ?it/s, loss=0.0190]
val:   0%|          | 0/4 [00:00<?, ?it/s, loss=0.0177]
val:   0%|          | 0/4 [00:00<?, ?it/s, loss=0.0202]
val:  75%|███████▌  | 3/4 [00:00<00:00, 21.50it/s, loss=0.0202]
val:  75%|███████▌  | 3/4 [00:00<00:00, 21.50it/s, loss=0.0292]
                                                               
[PERF][val] samples(local/global)=8/8, batches(local/global)=4/4, samples/s(local/global)=42.8/42.8, ms/batch(local)=46.7, data_wait=5.5%, compute=94.2%, non_finite_skips(local)=0
[MEM] epoch=110 RAM(before/after)=1432.7/1423.9MB | GPU mem: gpu0 alloc=24.9MB resv=7092.0MB peak=5388.3MB
Epoch 110: train_loss=0.021395, val_loss=0.021526, lr=0.00010000

Epoch 111/200

train:   0%|          | 0/4 [00:00<?, ?it/s]
train:   0%|          | 0/4 [00:00<?, ?it/s, loss=0.0116]
train:  25%|██▌       | 1/4 [00:00<00:00,  6.13it/s, loss=0.0116]
train:  25%|██▌       | 1/4 [00:00<00:00,  6.13it/s, loss=0.0148]
train:  50%|█████     | 2/4 [00:00<00:00,  6.25it/s, loss=0.0148]
train:  50%|█████     | 2/4 [00:00<00:00,  6.25it/s, loss=0.0359]
train:  75%|███████▌  | 3/4 [00:00<00:00,  6.30it/s, loss=0.0359]
train:  75%|███████▌  | 3/4 [00:00<00:00,  6.30it/s, loss=0.0236]
train: 100%|██████████| 4/4 [00:00<00:00,  6.32it/s, loss=0.0236]
                                                                 
[PERF][train] samples(local/global)=8/8, batches(local/global)=4/4, samples/s(local/global)=12.6/12.6, ms/batch(local)=159.0, data_wait=2.4%, compute=97.6%, non_finite_skips(local)=0

val:   0%|          | 0/4 [00:00<?, ?it/s]
val:   0%|          | 0/4 [00:00<?, ?it/s, loss=0.0190]
val:   0%|          | 0/4 [00:00<?, ?it/s, loss=0.0177]
val:   0%|          | 0/4 [00:00<?, ?it/s, loss=0.0201]
val:  75%|███████▌  | 3/4 [00:00<00:00, 21.73it/s, loss=0.0201]
val:  75%|███████▌  | 3/4 [00:00<00:00, 21.73it/s, loss=0.0292]
                                                               
[PERF][val] samples(local/global)=8/8, batches(local/global)=4/4, samples/s(local/global)=43.4/43.4, ms/batch(local)=46.1, data_wait=4.5%, compute=95.4%, non_finite_skips(local)=0
[MEM] epoch=111 RAM(before/after)=1423.9/1432.7MB | GPU mem: gpu0 alloc=24.9MB resv=7092.0MB peak=5388.3MB
Epoch 111: train_loss=0.021476, val_loss=0.021493, lr=0.00010000
Updated best model: /home/nis/jinrui.yang/EaBNet_light/logs_cbam_flat_projection64/overfit8_epoch40_v2/best/best_model.pt (val_loss=0.021493)

Epoch 112/200

train:   0%|          | 0/4 [00:00<?, ?it/s]
train:   0%|          | 0/4 [00:00<?, ?it/s, loss=0.0182]
train:  25%|██▌       | 1/4 [00:00<00:00,  6.14it/s, loss=0.0182]
train:  25%|██▌       | 1/4 [00:00<00:00,  6.14it/s, loss=0.0297]
train:  50%|█████     | 2/4 [00:00<00:00,  6.26it/s, loss=0.0297]
train:  50%|█████     | 2/4 [00:00<00:00,  6.26it/s, loss=0.0218]
train:  75%|███████▌  | 3/4 [00:00<00:00,  6.30it/s, loss=0.0218]
train:  75%|███████▌  | 3/4 [00:00<00:00,  6.30it/s, loss=0.0159]
train: 100%|██████████| 4/4 [00:00<00:00,  6.33it/s, loss=0.0159]
                                                                 
[PERF][train] samples(local/global)=8/8, batches(local/global)=4/4, samples/s(local/global)=12.6/12.6, ms/batch(local)=158.7, data_wait=1.9%, compute=98.0%, non_finite_skips(local)=0

val:   0%|          | 0/4 [00:00<?, ?it/s]
val:   0%|          | 0/4 [00:00<?, ?it/s, loss=0.0190]
val:   0%|          | 0/4 [00:00<?, ?it/s, loss=0.0176]
val:   0%|          | 0/4 [00:00<?, ?it/s, loss=0.0201]
val:  75%|███████▌  | 3/4 [00:00<00:00, 21.66it/s, loss=0.0201]
val:  75%|███████▌  | 3/4 [00:00<00:00, 21.66it/s, loss=0.0291]
                                                               
[PERF][val] samples(local/global)=8/8, batches(local/global)=4/4, samples/s(local/global)=43.3/43.3, ms/batch(local)=46.2, data_wait=4.5%, compute=95.4%, non_finite_skips(local)=0
[MEM] epoch=112 RAM(before/after)=1432.7/1432.7MB | GPU mem: gpu0 alloc=24.9MB resv=7092.0MB peak=5388.3MB
Epoch 112: train_loss=0.021417, val_loss=0.021467, lr=0.00010000
Updated best model: /home/nis/jinrui.yang/EaBNet_light/logs_cbam_flat_projection64/overfit8_epoch40_v2/best/best_model.pt (val_loss=0.021467)

Epoch 113/200

train:   0%|          | 0/4 [00:00<?, ?it/s]
train:   0%|          | 0/4 [00:00<?, ?it/s, loss=0.0436]
train:  25%|██▌       | 1/4 [00:00<00:00,  6.20it/s, loss=0.0436]
train:  25%|██▌       | 1/4 [00:00<00:00,  6.20it/s, loss=0.0091]
train:  50%|█████     | 2/4 [00:00<00:00,  6.29it/s, loss=0.0091]
train:  50%|█████     | 2/4 [00:00<00:00,  6.29it/s, loss=0.0116]
train:  75%|███████▌  | 3/4 [00:00<00:00,  6.32it/s, loss=0.0116]
train:  75%|███████▌  | 3/4 [00:00<00:00,  6.32it/s, loss=0.0215]
train: 100%|██████████| 4/4 [00:00<00:00,  6.31it/s, loss=0.0215]
                                                                 
[PERF][train] samples(local/global)=8/8, batches(local/global)=4/4, samples/s(local/global)=12.6/12.6, ms/batch(local)=158.9, data_wait=2.0%, compute=97.9%, non_finite_skips(local)=0

val:   0%|          | 0/4 [00:00<?, ?it/s]
val:   0%|          | 0/4 [00:00<?, ?it/s, loss=0.0190]
val:   0%|          | 0/4 [00:00<?, ?it/s, loss=0.0176]
val:   0%|          | 0/4 [00:00<?, ?it/s, loss=0.0201]
val:  75%|███████▌  | 3/4 [00:00<00:00, 21.59it/s, loss=0.0201]
val:  75%|███████▌  | 3/4 [00:00<00:00, 21.59it/s, loss=0.0292]
                                                               
[PERF][val] samples(local/global)=8/8, batches(local/global)=4/4, samples/s(local/global)=43.2/43.2, ms/batch(local)=46.3, data_wait=5.0%, compute=95.0%, non_finite_skips(local)=0
[MEM] epoch=113 RAM(before/after)=1432.7/1430.5MB | GPU mem: gpu0 alloc=24.9MB resv=7092.0MB peak=5388.3MB
Epoch 113: train_loss=0.021449, val_loss=0.021475, lr=0.00010000

Epoch 114/200

train:   0%|          | 0/4 [00:00<?, ?it/s]
train:   0%|          | 0/4 [00:00<?, ?it/s, loss=0.0342]
train:  25%|██▌       | 1/4 [00:00<00:00,  6.19it/s, loss=0.0342]
train:  25%|██▌       | 1/4 [00:00<00:00,  6.19it/s, loss=0.0154]
train:  50%|█████     | 2/4 [00:00<00:00,  6.29it/s, loss=0.0154]
train:  50%|█████     | 2/4 [00:00<00:00,  6.29it/s, loss=0.0182]
train:  75%|███████▌  | 3/4 [00:00<00:00,  6.32it/s, loss=0.0182]
train:  75%|███████▌  | 3/4 [00:00<00:00,  6.32it/s, loss=0.0176]
train: 100%|██████████| 4/4 [00:00<00:00,  6.34it/s, loss=0.0176]
                                                                 
[PERF][train] samples(local/global)=8/8, batches(local/global)=4/4, samples/s(local/global)=12.6/12.6, ms/batch(local)=158.4, data_wait=1.9%, compute=98.0%, non_finite_skips(local)=0

val:   0%|          | 0/4 [00:00<?, ?it/s]
val:   0%|          | 0/4 [00:00<?, ?it/s, loss=0.0190]
val:   0%|          | 0/4 [00:00<?, ?it/s, loss=0.0176]
val:   0%|          | 0/4 [00:00<?, ?it/s, loss=0.0201]
val:  75%|███████▌  | 3/4 [00:00<00:00, 21.49it/s, loss=0.0201]
val:  75%|███████▌  | 3/4 [00:00<00:00, 21.49it/s, loss=0.0292]
                                                               
[PERF][val] samples(local/global)=8/8, batches(local/global)=4/4, samples/s(local/global)=43.0/43.0, ms/batch(local)=46.5, data_wait=5.3%, compute=94.7%, non_finite_skips(local)=0
[MEM] epoch=114 RAM(before/after)=1430.5/1432.7MB | GPU mem: gpu0 alloc=24.9MB resv=7092.0MB peak=5388.3MB
Epoch 114: train_loss=0.021362, val_loss=0.021462, lr=0.00010000
Updated best model: /home/nis/jinrui.yang/EaBNet_light/logs_cbam_flat_projection64/overfit8_epoch40_v2/best/best_model.pt (val_loss=0.021462)

Epoch 115/200

train:   0%|          | 0/4 [00:00<?, ?it/s]
train:   0%|          | 0/4 [00:00<?, ?it/s, loss=0.0235]
train:  25%|██▌       | 1/4 [00:00<00:00,  6.15it/s, loss=0.0235]
train:  25%|██▌       | 1/4 [00:00<00:00,  6.15it/s, loss=0.0113]
train:  50%|█████     | 2/4 [00:00<00:00,  6.27it/s, loss=0.0113]
train:  50%|█████     | 2/4 [00:00<00:00,  6.27it/s, loss=0.0147]
train:  75%|███████▌  | 3/4 [00:00<00:00,  6.30it/s, loss=0.0147]
train:  75%|███████▌  | 3/4 [00:00<00:00,  6.30it/s, loss=0.0360]
train: 100%|██████████| 4/4 [00:00<00:00,  6.32it/s, loss=0.0360]
                                                                 
[PERF][train] samples(local/global)=8/8, batches(local/global)=4/4, samples/s(local/global)=12.6/12.6, ms/batch(local)=158.9, data_wait=2.0%, compute=98.0%, non_finite_skips(local)=0

val:   0%|          | 0/4 [00:00<?, ?it/s]
val:   0%|          | 0/4 [00:00<?, ?it/s, loss=0.0190]
val:   0%|          | 0/4 [00:00<?, ?it/s, loss=0.0176]
val:   0%|          | 0/4 [00:00<?, ?it/s, loss=0.0201]
val:  75%|███████▌  | 3/4 [00:00<00:00, 21.57it/s, loss=0.0201]
val:  75%|███████▌  | 3/4 [00:00<00:00, 21.57it/s, loss=0.0291]
                                                               
[PERF][val] samples(local/global)=8/8, batches(local/global)=4/4, samples/s(local/global)=43.1/43.1, ms/batch(local)=46.4, data_wait=4.9%, compute=95.1%, non_finite_skips(local)=0
[MEM] epoch=115 RAM(before/after)=1432.7/1432.7MB | GPU mem: gpu0 alloc=24.9MB resv=7092.0MB peak=5388.3MB
Epoch 115: train_loss=0.021369, val_loss=0.021437, lr=0.00010000
Updated best model: /home/nis/jinrui.yang/EaBNet_light/logs_cbam_flat_projection64/overfit8_epoch40_v2/best/best_model.pt (val_loss=0.021437)

Epoch 116/200

train:   0%|          | 0/4 [00:00<?, ?it/s]
train:   0%|          | 0/4 [00:00<?, ?it/s, loss=0.0189]
train:  25%|██▌       | 1/4 [00:00<00:00,  6.17it/s, loss=0.0189]
train:  25%|██▌       | 1/4 [00:00<00:00,  6.17it/s, loss=0.0158]
train:  50%|█████     | 2/4 [00:00<00:00,  6.29it/s, loss=0.0158]
train:  50%|█████     | 2/4 [00:00<00:00,  6.29it/s, loss=0.0109]
train:  75%|███████▌  | 3/4 [00:00<00:00,  6.32it/s, loss=0.0109]
train:  75%|███████▌  | 3/4 [00:00<00:00,  6.32it/s, loss=0.0399]
train: 100%|██████████| 4/4 [00:00<00:00,  6.32it/s, loss=0.0399]
                                                                 
[PERF][train] samples(local/global)=8/8, batches(local/global)=4/4, samples/s(local/global)=12.6/12.6, ms/batch(local)=158.8, data_wait=2.0%, compute=97.8%, non_finite_skips(local)=0

val:   0%|          | 0/4 [00:00<?, ?it/s]
val:   0%|          | 0/4 [00:00<?, ?it/s, loss=0.0190]
val:   0%|          | 0/4 [00:00<?, ?it/s, loss=0.0176]
val:   0%|          | 0/4 [00:00<?, ?it/s, loss=0.0201]
val:  75%|███████▌  | 3/4 [00:00<00:00, 21.48it/s, loss=0.0201]
val:  75%|███████▌  | 3/4 [00:00<00:00, 21.48it/s, loss=0.0291]
                                                               
[PERF][val] samples(local/global)=8/8, batches(local/global)=4/4, samples/s(local/global)=43.0/43.0, ms/batch(local)=46.5, data_wait=5.1%, compute=94.8%, non_finite_skips(local)=0
[MEM] epoch=116 RAM(before/after)=1432.7/1430.5MB | GPU mem: gpu0 alloc=24.9MB resv=7092.0MB peak=5388.3MB
Epoch 116: train_loss=0.021389, val_loss=0.021418, lr=0.00010000
Updated best model: /home/nis/jinrui.yang/EaBNet_light/logs_cbam_flat_projection64/overfit8_epoch40_v2/best/best_model.pt (val_loss=0.021418)

Epoch 117/200

train:   0%|          | 0/4 [00:00<?, ?it/s]
train:   0%|          | 0/4 [00:00<?, ?it/s, loss=0.0109]
train:  25%|██▌       | 1/4 [00:00<00:00,  6.13it/s, loss=0.0109]
train:  25%|██▌       | 1/4 [00:00<00:00,  6.13it/s, loss=0.0235]
train:  50%|█████     | 2/4 [00:00<00:00,  6.24it/s, loss=0.0235]
train:  50%|█████     | 2/4 [00:00<00:00,  6.24it/s, loss=0.0296]
train:  75%|███████▌  | 3/4 [00:00<00:00,  6.31it/s, loss=0.0296]
train:  75%|███████▌  | 3/4 [00:00<00:00,  6.31it/s, loss=0.0214]
train: 100%|██████████| 4/4 [00:00<00:00,  6.34it/s, loss=0.0214]
                                                                 
[PERF][train] samples(local/global)=8/8, batches(local/global)=4/4, samples/s(local/global)=12.6/12.6, ms/batch(local)=158.8, data_wait=1.9%, compute=98.0%, non_finite_skips(local)=0

val:   0%|          | 0/4 [00:00<?, ?it/s]
val:   0%|          | 0/4 [00:00<?, ?it/s, loss=0.0190]
val:   0%|          | 0/4 [00:00<?, ?it/s, loss=0.0176]
val:   0%|          | 0/4 [00:00<?, ?it/s, loss=0.0200]
val:  75%|███████▌  | 3/4 [00:00<00:00, 21.45it/s, loss=0.0200]
val:  75%|███████▌  | 3/4 [00:00<00:00, 21.45it/s, loss=0.0291]
                                                               
[PERF][val] samples(local/global)=8/8, batches(local/global)=4/4, samples/s(local/global)=43.0/43.0, ms/batch(local)=46.5, data_wait=5.2%, compute=94.7%, non_finite_skips(local)=0
[MEM] epoch=117 RAM(before/after)=1430.5/1432.7MB | GPU mem: gpu0 alloc=24.9MB resv=7092.0MB peak=5388.3MB
Epoch 117: train_loss=0.021345, val_loss=0.021410, lr=0.00010000
Updated best model: /home/nis/jinrui.yang/EaBNet_light/logs_cbam_flat_projection64/overfit8_epoch40_v2/best/best_model.pt (val_loss=0.021410)

Epoch 118/200

train:   0%|          | 0/4 [00:00<?, ?it/s]
train:   0%|          | 0/4 [00:00<?, ?it/s, loss=0.0097]
train:  25%|██▌       | 1/4 [00:00<00:00,  6.16it/s, loss=0.0097]
train:  25%|██▌       | 1/4 [00:00<00:00,  6.16it/s, loss=0.0214]
train:  50%|█████     | 2/4 [00:00<00:00,  6.27it/s, loss=0.0214]
train:  50%|█████     | 2/4 [00:00<00:00,  6.27it/s, loss=0.0434]
train:  75%|███████▌  | 3/4 [00:00<00:00,  6.30it/s, loss=0.0434]
train:  75%|███████▌  | 3/4 [00:00<00:00,  6.30it/s, loss=0.0108]
train: 100%|██████████| 4/4 [00:00<00:00,  6.33it/s, loss=0.0108]
                                                                 
[PERF][train] samples(local/global)=8/8, batches(local/global)=4/4, samples/s(local/global)=12.6/12.6, ms/batch(local)=158.7, data_wait=2.0%, compute=98.0%, non_finite_skips(local)=0

val:   0%|          | 0/4 [00:00<?, ?it/s]
val:   0%|          | 0/4 [00:00<?, ?it/s, loss=0.0190]
val:   0%|          | 0/4 [00:00<?, ?it/s, loss=0.0176]
val:   0%|          | 0/4 [00:00<?, ?it/s, loss=0.0200]
val:  75%|███████▌  | 3/4 [00:00<00:00, 21.64it/s, loss=0.0200]
val:  75%|███████▌  | 3/4 [00:00<00:00, 21.64it/s, loss=0.0291]
                                                               
[PERF][val] samples(local/global)=8/8, batches(local/global)=4/4, samples/s(local/global)=43.2/43.2, ms/batch(local)=46.3, data_wait=4.9%, compute=95.1%, non_finite_skips(local)=0
[MEM] epoch=118 RAM(before/after)=1432.7/1432.7MB | GPU mem: gpu0 alloc=24.9MB resv=7092.0MB peak=5388.3MB
Epoch 118: train_loss=0.021352, val_loss=0.021418, lr=0.00010000

Epoch 119/200

train:   0%|          | 0/4 [00:00<?, ?it/s]
train:   0%|          | 0/4 [00:00<?, ?it/s, loss=0.0289]
train:  25%|██▌       | 1/4 [00:00<00:00,  6.19it/s, loss=0.0289]
train:  25%|██▌       | 1/4 [00:00<00:00,  6.19it/s, loss=0.0097]
train:  50%|█████     | 2/4 [00:00<00:00,  6.27it/s, loss=0.0097]
train:  50%|█████     | 2/4 [00:00<00:00,  6.27it/s, loss=0.0252]
train:  75%|███████▌  | 3/4 [00:00<00:00,  6.32it/s, loss=0.0252]
train:  75%|███████▌  | 3/4 [00:00<00:00,  6.32it/s, loss=0.0214]
train: 100%|██████████| 4/4 [00:00<00:00,  6.34it/s, loss=0.0214]
                                                                 
[PERF][train] samples(local/global)=8/8, batches(local/global)=4/4, samples/s(local/global)=12.6/12.6, ms/batch(local)=158.6, data_wait=2.0%, compute=97.9%, non_finite_skips(local)=0

val:   0%|          | 0/4 [00:00<?, ?it/s]
val:   0%|          | 0/4 [00:00<?, ?it/s, loss=0.0189]
val:   0%|          | 0/4 [00:00<?, ?it/s, loss=0.0176]
val:   0%|          | 0/4 [00:00<?, ?it/s, loss=0.0200]
val:  75%|███████▌  | 3/4 [00:00<00:00, 21.61it/s, loss=0.0200]
val:  75%|███████▌  | 3/4 [00:00<00:00, 21.61it/s, loss=0.0290]
                                                               
[PERF][val] samples(local/global)=8/8, batches(local/global)=4/4, samples/s(local/global)=43.1/43.1, ms/batch(local)=46.4, data_wait=4.7%, compute=95.0%, non_finite_skips(local)=0
[MEM] epoch=119 RAM(before/after)=1432.7/1425.7MB | GPU mem: gpu0 alloc=24.9MB resv=7092.0MB peak=5388.3MB
Epoch 119: train_loss=0.021289, val_loss=0.021373, lr=0.00010000
Updated best model: /home/nis/jinrui.yang/EaBNet_light/logs_cbam_flat_projection64/overfit8_epoch40_v2/best/best_model.pt (val_loss=0.021373)

Epoch 120/200

train:   0%|          | 0/4 [00:00<?, ?it/s]
train:   0%|          | 0/4 [00:00<?, ?it/s, loss=0.0213]
train:  25%|██▌       | 1/4 [00:00<00:00,  5.96it/s, loss=0.0213]
train:  25%|██▌       | 1/4 [00:00<00:00,  5.96it/s, loss=0.0252]
train:  50%|█████     | 2/4 [00:00<00:00,  6.18it/s, loss=0.0252]
train:  50%|█████     | 2/4 [00:00<00:00,  6.18it/s, loss=0.0296]
train:  75%|███████▌  | 3/4 [00:00<00:00,  6.25it/s, loss=0.0296]
train:  75%|███████▌  | 3/4 [00:00<00:00,  6.25it/s, loss=0.0090]
train: 100%|██████████| 4/4 [00:00<00:00,  6.27it/s, loss=0.0090]
                                                                 
[PERF][train] samples(local/global)=8/8, batches(local/global)=4/4, samples/s(local/global)=12.5/12.5, ms/batch(local)=160.6, data_wait=2.6%, compute=97.3%, non_finite_skips(local)=0

val:   0%|          | 0/4 [00:00<?, ?it/s]
val:   0%|          | 0/4 [00:00<?, ?it/s, loss=0.0190]
val:   0%|          | 0/4 [00:00<?, ?it/s, loss=0.0175]
val:   0%|          | 0/4 [00:00<?, ?it/s, loss=0.0200]
val:  75%|███████▌  | 3/4 [00:00<00:00, 21.58it/s, loss=0.0200]
val:  75%|███████▌  | 3/4 [00:00<00:00, 21.58it/s, loss=0.0290]
                                                               
[PERF][val] samples(local/global)=8/8, batches(local/global)=4/4, samples/s(local/global)=42.9/42.9, ms/batch(local)=46.7, data_wait=5.3%, compute=94.4%, non_finite_skips(local)=0
[MEM] epoch=120 RAM(before/after)=1425.7/1425.7MB | GPU mem: gpu0 alloc=24.9MB resv=7092.0MB peak=5388.3MB
Epoch 120: train_loss=0.021284, val_loss=0.021366, lr=0.00010000
Updated best model: /home/nis/jinrui.yang/EaBNet_light/logs_cbam_flat_projection64/overfit8_epoch40_v2/best/best_model.pt (val_loss=0.021366)

Epoch 121/200

train:   0%|          | 0/4 [00:00<?, ?it/s]
train:   0%|          | 0/4 [00:00<?, ?it/s, loss=0.0159]
train:  25%|██▌       | 1/4 [00:00<00:00,  6.11it/s, loss=0.0159]
train:  25%|██▌       | 1/4 [00:00<00:00,  6.11it/s, loss=0.0288]
train:  50%|█████     | 2/4 [00:00<00:00,  6.23it/s, loss=0.0288]
train:  50%|█████     | 2/4 [00:00<00:00,  6.23it/s, loss=0.0291]
train:  75%|███████▌  | 3/4 [00:00<00:00,  6.29it/s, loss=0.0291]
train:  75%|███████▌  | 3/4 [00:00<00:00,  6.29it/s, loss=0.0112]
train: 100%|██████████| 4/4 [00:00<00:00,  6.32it/s, loss=0.0112]
                                                                 
[PERF][train] samples(local/global)=8/8, batches(local/global)=4/4, samples/s(local/global)=12.6/12.6, ms/batch(local)=159.3, data_wait=2.1%, compute=97.8%, non_finite_skips(local)=0

val:   0%|          | 0/4 [00:00<?, ?it/s]
val:   0%|          | 0/4 [00:00<?, ?it/s, loss=0.0190]
val:   0%|          | 0/4 [00:00<?, ?it/s, loss=0.0175]
val:   0%|          | 0/4 [00:00<?, ?it/s, loss=0.0200]
val:  75%|███████▌  | 3/4 [00:00<00:00, 21.40it/s, loss=0.0200]
val:  75%|███████▌  | 3/4 [00:00<00:00, 21.40it/s, loss=0.0291]
                                                               
[PERF][val] samples(local/global)=8/8, batches(local/global)=4/4, samples/s(local/global)=42.5/42.5, ms/batch(local)=47.1, data_wait=5.5%, compute=94.2%, non_finite_skips(local)=0
[MEM] epoch=121 RAM(before/after)=1425.7/1423.9MB | GPU mem: gpu0 alloc=24.9MB resv=7092.0MB peak=5388.3MB
Epoch 121: train_loss=0.021261, val_loss=0.021384, lr=0.00010000

Epoch 122/200

train:   0%|          | 0/4 [00:00<?, ?it/s]
train:   0%|          | 0/4 [00:00<?, ?it/s, loss=0.0288]
train:  25%|██▌       | 1/4 [00:00<00:00,  6.15it/s, loss=0.0288]
train:  25%|██▌       | 1/4 [00:00<00:00,  6.15it/s, loss=0.0158]
train:  50%|█████     | 2/4 [00:00<00:00,  6.25it/s, loss=0.0158]
train:  50%|█████     | 2/4 [00:00<00:00,  6.25it/s, loss=0.0251]
train:  75%|███████▌  | 3/4 [00:00<00:00,  6.28it/s, loss=0.0251]
train:  75%|███████▌  | 3/4 [00:00<00:00,  6.28it/s, loss=0.0153]
train: 100%|██████████| 4/4 [00:00<00:00,  6.32it/s, loss=0.0153]
                                                                 
[PERF][train] samples(local/global)=8/8, batches(local/global)=4/4, samples/s(local/global)=12.6/12.6, ms/batch(local)=159.0, data_wait=2.3%, compute=97.6%, non_finite_skips(local)=0

val:   0%|          | 0/4 [00:00<?, ?it/s]
val:   0%|          | 0/4 [00:00<?, ?it/s, loss=0.0189]
val:   0%|          | 0/4 [00:00<?, ?it/s, loss=0.0175]
val:   0%|          | 0/4 [00:00<?, ?it/s, loss=0.0199]
val:  75%|███████▌  | 3/4 [00:00<00:00, 21.64it/s, loss=0.0199]
val:  75%|███████▌  | 3/4 [00:00<00:00, 21.64it/s, loss=0.0290]
                                                               
[PERF][val] samples(local/global)=8/8, batches(local/global)=4/4, samples/s(local/global)=43.3/43.3, ms/batch(local)=46.2, data_wait=4.6%, compute=95.3%, non_finite_skips(local)=0
[MEM] epoch=122 RAM(before/after)=1423.9/1432.7MB | GPU mem: gpu0 alloc=24.9MB resv=7092.0MB peak=5388.3MB
Epoch 122: train_loss=0.021241, val_loss=0.021360, lr=0.00010000
Updated best model: /home/nis/jinrui.yang/EaBNet_light/logs_cbam_flat_projection64/overfit8_epoch40_v2/best/best_model.pt (val_loss=0.021360)

Epoch 123/200

train:   0%|          | 0/4 [00:00<?, ?it/s]
train:   0%|          | 0/4 [00:00<?, ?it/s, loss=0.0181]
train:  25%|██▌       | 1/4 [00:00<00:00,  6.13it/s, loss=0.0181]
train:  25%|██▌       | 1/4 [00:00<00:00,  6.13it/s, loss=0.0175]
train:  50%|█████     | 2/4 [00:00<00:00,  6.26it/s, loss=0.0175]
train:  50%|█████     | 2/4 [00:00<00:00,  6.26it/s, loss=0.0295]
train:  75%|███████▌  | 3/4 [00:00<00:00,  6.30it/s, loss=0.0295]
train:  75%|███████▌  | 3/4 [00:00<00:00,  6.30it/s, loss=0.0199]
train: 100%|██████████| 4/4 [00:00<00:00,  6.33it/s, loss=0.0199]
                                                                 
[PERF][train] samples(local/global)=8/8, batches(local/global)=4/4, samples/s(local/global)=12.6/12.6, ms/batch(local)=158.8, data_wait=2.0%, compute=97.9%, non_finite_skips(local)=0

val:   0%|          | 0/4 [00:00<?, ?it/s]
val:   0%|          | 0/4 [00:00<?, ?it/s, loss=0.0189]
val:   0%|          | 0/4 [00:00<?, ?it/s, loss=0.0175]
val:   0%|          | 0/4 [00:00<?, ?it/s, loss=0.0199]
val:  75%|███████▌  | 3/4 [00:00<00:00, 21.72it/s, loss=0.0199]
val:  75%|███████▌  | 3/4 [00:00<00:00, 21.72it/s, loss=0.0290]
                                                               
[PERF][val] samples(local/global)=8/8, batches(local/global)=4/4, samples/s(local/global)=43.4/43.4, ms/batch(local)=46.1, data_wait=4.2%, compute=95.7%, non_finite_skips(local)=0
[MEM] epoch=123 RAM(before/after)=1432.7/1432.7MB | GPU mem: gpu0 alloc=24.9MB resv=7092.0MB peak=5388.3MB
Epoch 123: train_loss=0.021275, val_loss=0.021329, lr=0.00010000
Updated best model: /home/nis/jinrui.yang/EaBNet_light/logs_cbam_flat_projection64/overfit8_epoch40_v2/best/best_model.pt (val_loss=0.021329)

Epoch 124/200

train:   0%|          | 0/4 [00:00<?, ?it/s]
train:   0%|          | 0/4 [00:00<?, ?it/s, loss=0.0251]
train:  25%|██▌       | 1/4 [00:00<00:00,  6.14it/s, loss=0.0251]
train:  25%|██▌       | 1/4 [00:00<00:00,  6.14it/s, loss=0.0157]
train:  50%|█████     | 2/4 [00:00<00:00,  6.27it/s, loss=0.0157]
train:  50%|█████     | 2/4 [00:00<00:00,  6.27it/s, loss=0.0045]
train:  75%|███████▌  | 3/4 [00:00<00:00,  6.30it/s, loss=0.0045]
train:  75%|███████▌  | 3/4 [00:00<00:00,  6.30it/s, loss=0.0397]
train: 100%|██████████| 4/4 [00:00<00:00,  6.32it/s, loss=0.0397]
                                                                 
[PERF][train] samples(local/global)=8/8, batches(local/global)=4/4, samples/s(local/global)=12.6/12.6, ms/batch(local)=158.9, data_wait=2.0%, compute=98.0%, non_finite_skips(local)=0

val:   0%|          | 0/4 [00:00<?, ?it/s]
val:   0%|          | 0/4 [00:00<?, ?it/s, loss=0.0189]
val:   0%|          | 0/4 [00:00<?, ?it/s, loss=0.0175]
val:   0%|          | 0/4 [00:00<?, ?it/s, loss=0.0199]
val:  75%|███████▌  | 3/4 [00:00<00:00, 21.65it/s, loss=0.0199]
val:  75%|███████▌  | 3/4 [00:00<00:00, 21.65it/s, loss=0.0290]
                                                               
[PERF][val] samples(local/global)=8/8, batches(local/global)=4/4, samples/s(local/global)=43.2/43.2, ms/batch(local)=46.3, data_wait=4.3%, compute=95.4%, non_finite_skips(local)=0
[MEM] epoch=124 RAM(before/after)=1432.7/1423.9MB | GPU mem: gpu0 alloc=24.9MB resv=7092.0MB peak=5388.3MB
Epoch 124: train_loss=0.021264, val_loss=0.021319, lr=0.00010000
Updated best model: /home/nis/jinrui.yang/EaBNet_light/logs_cbam_flat_projection64/overfit8_epoch40_v2/best/best_model.pt (val_loss=0.021319)

Epoch 125/200

train:   0%|          | 0/4 [00:00<?, ?it/s]
train:   0%|          | 0/4 [00:00<?, ?it/s, loss=0.0157]
train:  25%|██▌       | 1/4 [00:00<00:00,  6.27it/s, loss=0.0157]
train:  25%|██▌       | 1/4 [00:00<00:00,  6.27it/s, loss=0.0045]
train:  50%|█████     | 2/4 [00:00<00:00,  6.34it/s, loss=0.0045]
train:  50%|█████     | 2/4 [00:00<00:00,  6.34it/s, loss=0.0433]
train:  75%|███████▌  | 3/4 [00:00<00:00,  6.35it/s, loss=0.0433]
train:  75%|███████▌  | 3/4 [00:00<00:00,  6.35it/s, loss=0.0216]
train: 100%|██████████| 4/4 [00:00<00:00,  6.36it/s, loss=0.0216]
                                                                 
[PERF][train] samples(local/global)=8/8, batches(local/global)=4/4, samples/s(local/global)=12.7/12.7, ms/batch(local)=157.7, data_wait=1.8%, compute=98.1%, non_finite_skips(local)=0

val:   0%|          | 0/4 [00:00<?, ?it/s]
val:   0%|          | 0/4 [00:00<?, ?it/s, loss=0.0189]
val:   0%|          | 0/4 [00:00<?, ?it/s, loss=0.0175]
val:   0%|          | 0/4 [00:00<?, ?it/s, loss=0.0199]
val:  75%|███████▌  | 3/4 [00:00<00:00, 21.69it/s, loss=0.0199]
val:  75%|███████▌  | 3/4 [00:00<00:00, 21.69it/s, loss=0.0290]
                                                               
[PERF][val] samples(local/global)=8/8, batches(local/global)=4/4, samples/s(local/global)=43.3/43.3, ms/batch(local)=46.1, data_wait=4.4%, compute=95.5%, non_finite_skips(local)=0
[MEM] epoch=125 RAM(before/after)=1423.9/1437.7MB | GPU mem: gpu0 alloc=24.9MB resv=7092.0MB peak=5388.3MB
Epoch 125: train_loss=0.021272, val_loss=0.021316, lr=0.00010000
Updated best model: /home/nis/jinrui.yang/EaBNet_light/logs_cbam_flat_projection64/overfit8_epoch40_v2/best/best_model.pt (val_loss=0.021316)

Epoch 126/200

train:   0%|          | 0/4 [00:00<?, ?it/s]
train:   0%|          | 0/4 [00:00<?, ?it/s, loss=0.0181]
train:  25%|██▌       | 1/4 [00:00<00:00,  6.16it/s, loss=0.0181]
train:  25%|██▌       | 1/4 [00:00<00:00,  6.16it/s, loss=0.0340]
train:  50%|█████     | 2/4 [00:00<00:00,  6.28it/s, loss=0.0340]
train:  50%|█████     | 2/4 [00:00<00:00,  6.28it/s, loss=0.0212]
train:  75%|███████▌  | 3/4 [00:00<00:00,  6.31it/s, loss=0.0212]
train:  75%|███████▌  | 3/4 [00:00<00:00,  6.31it/s, loss=0.0115]
train: 100%|██████████| 4/4 [00:00<00:00,  6.32it/s, loss=0.0115]
                                                                 
[PERF][train] samples(local/global)=8/8, batches(local/global)=4/4, samples/s(local/global)=12.6/12.6, ms/batch(local)=158.9, data_wait=1.9%, compute=97.9%, non_finite_skips(local)=0

val:   0%|          | 0/4 [00:00<?, ?it/s]
val:   0%|          | 0/4 [00:00<?, ?it/s, loss=0.0189]
val:   0%|          | 0/4 [00:00<?, ?it/s, loss=0.0174]
val:   0%|          | 0/4 [00:00<?, ?it/s, loss=0.0199]
val:  75%|███████▌  | 3/4 [00:00<00:00, 21.55it/s, loss=0.0199]
val:  75%|███████▌  | 3/4 [00:00<00:00, 21.55it/s, loss=0.0290]
                                                               
[PERF][val] samples(local/global)=8/8, batches(local/global)=4/4, samples/s(local/global)=43.1/43.1, ms/batch(local)=46.4, data_wait=5.2%, compute=94.7%, non_finite_skips(local)=0
[MEM] epoch=126 RAM(before/after)=1437.7/1432.7MB | GPU mem: gpu0 alloc=24.9MB resv=7092.0MB peak=5388.3MB
Epoch 126: train_loss=0.021207, val_loss=0.021292, lr=0.00010000
Updated best model: /home/nis/jinrui.yang/EaBNet_light/logs_cbam_flat_projection64/overfit8_epoch40_v2/best/best_model.pt (val_loss=0.021292)

Epoch 127/200

train:   0%|          | 0/4 [00:00<?, ?it/s]
train:   0%|          | 0/4 [00:00<?, ?it/s, loss=0.0233]
train:  25%|██▌       | 1/4 [00:00<00:00,  6.16it/s, loss=0.0233]
train:  25%|██▌       | 1/4 [00:00<00:00,  6.16it/s, loss=0.0175]
train:  50%|█████     | 2/4 [00:00<00:00,  6.27it/s, loss=0.0175]
train:  50%|█████     | 2/4 [00:00<00:00,  6.27it/s, loss=0.0045]
train:  75%|███████▌  | 3/4 [00:00<00:00,  6.32it/s, loss=0.0045]
train:  75%|███████▌  | 3/4 [00:00<00:00,  6.32it/s, loss=0.0396]
train: 100%|██████████| 4/4 [00:00<00:00,  6.34it/s, loss=0.0396]
                                                                 
[PERF][train] samples(local/global)=8/8, batches(local/global)=4/4, samples/s(local/global)=12.6/12.6, ms/batch(local)=158.5, data_wait=1.8%, compute=98.1%, non_finite_skips(local)=0

val:   0%|          | 0/4 [00:00<?, ?it/s]
val:   0%|          | 0/4 [00:00<?, ?it/s, loss=0.0189]
val:   0%|          | 0/4 [00:00<?, ?it/s, loss=0.0174]
val:   0%|          | 0/4 [00:00<?, ?it/s, loss=0.0199]
val:  75%|███████▌  | 3/4 [00:00<00:00, 21.54it/s, loss=0.0199]
val:  75%|███████▌  | 3/4 [00:00<00:00, 21.54it/s, loss=0.0290]
                                                               
[PERF][val] samples(local/global)=8/8, batches(local/global)=4/4, samples/s(local/global)=43.0/43.0, ms/batch(local)=46.5, data_wait=5.2%, compute=94.8%, non_finite_skips(local)=0
[MEM] epoch=127 RAM(before/after)=1432.7/1432.7MB | GPU mem: gpu0 alloc=24.9MB resv=7092.0MB peak=5388.3MB
Epoch 127: train_loss=0.021225, val_loss=0.021277, lr=0.00010000
Updated best model: /home/nis/jinrui.yang/EaBNet_light/logs_cbam_flat_projection64/overfit8_epoch40_v2/best/best_model.pt (val_loss=0.021277)

Epoch 128/200

train:   0%|          | 0/4 [00:00<?, ?it/s]
train:   0%|          | 0/4 [00:00<?, ?it/s, loss=0.0045]
train:  25%|██▌       | 1/4 [00:00<00:00,  6.28it/s, loss=0.0045]
train:  25%|██▌       | 1/4 [00:00<00:00,  6.28it/s, loss=0.0212]
train:  50%|█████     | 2/4 [00:00<00:00,  6.34it/s, loss=0.0212]
train:  50%|█████     | 2/4 [00:00<00:00,  6.34it/s, loss=0.0250]
train:  75%|███████▌  | 3/4 [00:00<00:00,  6.35it/s, loss=0.0250]
train:  75%|███████▌  | 3/4 [00:00<00:00,  6.35it/s, loss=0.0339]
train: 100%|██████████| 4/4 [00:00<00:00,  6.37it/s, loss=0.0339]
                                                                 
[PERF][train] samples(local/global)=8/8, batches(local/global)=4/4, samples/s(local/global)=12.7/12.7, ms/batch(local)=157.5, data_wait=1.7%, compute=98.2%, non_finite_skips(local)=0

val:   0%|          | 0/4 [00:00<?, ?it/s]
val:   0%|          | 0/4 [00:00<?, ?it/s, loss=0.0189]
val:   0%|          | 0/4 [00:00<?, ?it/s, loss=0.0174]
val:   0%|          | 0/4 [00:00<?, ?it/s, loss=0.0198]
val:  75%|███████▌  | 3/4 [00:00<00:00, 21.45it/s, loss=0.0198]
val:  75%|███████▌  | 3/4 [00:00<00:00, 21.45it/s, loss=0.0289]
                                                               
[PERF][val] samples(local/global)=8/8, batches(local/global)=4/4, samples/s(local/global)=43.0/43.0, ms/batch(local)=46.5, data_wait=5.3%, compute=94.7%, non_finite_skips(local)=0
[MEM] epoch=128 RAM(before/after)=1432.7/1432.7MB | GPU mem: gpu0 alloc=24.9MB resv=7092.0MB peak=5388.3MB
Epoch 128: train_loss=0.021170, val_loss=0.021256, lr=0.00010000
Updated best model: /home/nis/jinrui.yang/EaBNet_light/logs_cbam_flat_projection64/overfit8_epoch40_v2/best/best_model.pt (val_loss=0.021256)

Epoch 129/200

train:   0%|          | 0/4 [00:00<?, ?it/s]
train:   0%|          | 0/4 [00:00<?, ?it/s, loss=0.0248]
train:  25%|██▌       | 1/4 [00:00<00:00,  6.29it/s, loss=0.0248]
train:  25%|██▌       | 1/4 [00:00<00:00,  6.29it/s, loss=0.0158]
train:  50%|█████     | 2/4 [00:00<00:00,  6.32it/s, loss=0.0158]
train:  50%|█████     | 2/4 [00:00<00:00,  6.32it/s, loss=0.0152]
train:  75%|███████▌  | 3/4 [00:00<00:00,  6.33it/s, loss=0.0152]
train:  75%|███████▌  | 3/4 [00:00<00:00,  6.33it/s, loss=0.0287]
train: 100%|██████████| 4/4 [00:00<00:00,  6.33it/s, loss=0.0287]
                                                                 
[PERF][train] samples(local/global)=8/8, batches(local/global)=4/4, samples/s(local/global)=12.6/12.6, ms/batch(local)=158.1, data_wait=2.1%, compute=97.9%, non_finite_skips(local)=0

val:   0%|          | 0/4 [00:00<?, ?it/s]
val:   0%|          | 0/4 [00:00<?, ?it/s, loss=0.0189]
val:   0%|          | 0/4 [00:00<?, ?it/s, loss=0.0174]
val:   0%|          | 0/4 [00:00<?, ?it/s, loss=0.0198]
val:  75%|███████▌  | 3/4 [00:00<00:00, 21.71it/s, loss=0.0198]
val:  75%|███████▌  | 3/4 [00:00<00:00, 21.71it/s, loss=0.0290]
                                                               
[PERF][val] samples(local/global)=8/8, batches(local/global)=4/4, samples/s(local/global)=43.3/43.3, ms/batch(local)=46.2, data_wait=4.2%, compute=95.6%, non_finite_skips(local)=0
[MEM] epoch=129 RAM(before/after)=1432.7/1423.9MB | GPU mem: gpu0 alloc=24.9MB resv=7092.0MB peak=5388.3MB
Epoch 129: train_loss=0.021141, val_loss=0.021267, lr=0.00010000

Epoch 130/200

train:   0%|          | 0/4 [00:00<?, ?it/s]
train:   0%|          | 0/4 [00:00<?, ?it/s, loss=0.0146]
train:  25%|██▌       | 1/4 [00:00<00:00,  6.21it/s, loss=0.0146]
train:  25%|██▌       | 1/4 [00:00<00:00,  6.21it/s, loss=0.0250]
train:  50%|█████     | 2/4 [00:00<00:00,  6.29it/s, loss=0.0250]
train:  50%|█████     | 2/4 [00:00<00:00,  6.29it/s, loss=0.0096]
train:  75%|███████▌  | 3/4 [00:00<00:00,  6.32it/s, loss=0.0096]
train:  75%|███████▌  | 3/4 [00:00<00:00,  6.32it/s, loss=0.0354]
train: 100%|██████████| 4/4 [00:00<00:00,  6.34it/s, loss=0.0354]
                                                                 
[PERF][train] samples(local/global)=8/8, batches(local/global)=4/4, samples/s(local/global)=12.6/12.6, ms/batch(local)=158.4, data_wait=2.1%, compute=97.8%, non_finite_skips(local)=0

val:   0%|          | 0/4 [00:00<?, ?it/s]
val:   0%|          | 0/4 [00:00<?, ?it/s, loss=0.0189]
val:   0%|          | 0/4 [00:00<?, ?it/s, loss=0.0174]
val:   0%|          | 0/4 [00:00<?, ?it/s, loss=0.0198]
val:  75%|███████▌  | 3/4 [00:00<00:00, 21.61it/s, loss=0.0198]
val:  75%|███████▌  | 3/4 [00:00<00:00, 21.61it/s, loss=0.0289]
                                                               
[PERF][val] samples(local/global)=8/8, batches(local/global)=4/4, samples/s(local/global)=43.2/43.2, ms/batch(local)=46.3, data_wait=4.6%, compute=95.1%, non_finite_skips(local)=0
[MEM] epoch=130 RAM(before/after)=1423.9/1423.9MB | GPU mem: gpu0 alloc=24.9MB resv=7092.0MB peak=5388.3MB
Epoch 130: train_loss=0.021157, val_loss=0.021235, lr=0.00010000
Updated best model: /home/nis/jinrui.yang/EaBNet_light/logs_cbam_flat_projection64/overfit8_epoch40_v2/best/best_model.pt (val_loss=0.021235)

Epoch 131/200

train:   0%|          | 0/4 [00:00<?, ?it/s]
train:   0%|          | 0/4 [00:00<?, ?it/s, loss=0.0395]
train:  25%|██▌       | 1/4 [00:00<00:00,  6.09it/s, loss=0.0395]
train:  25%|██▌       | 1/4 [00:00<00:00,  6.09it/s, loss=0.0158]
train:  50%|█████     | 2/4 [00:00<00:00,  6.25it/s, loss=0.0158]
train:  50%|█████     | 2/4 [00:00<00:00,  6.25it/s, loss=0.0112]
train:  75%|███████▌  | 3/4 [00:00<00:00,  6.30it/s, loss=0.0112]
train:  75%|███████▌  | 3/4 [00:00<00:00,  6.30it/s, loss=0.0181]
train: 100%|██████████| 4/4 [00:00<00:00,  6.31it/s, loss=0.0181]
                                                                 
[PERF][train] samples(local/global)=8/8, batches(local/global)=4/4, samples/s(local/global)=12.6/12.6, ms/batch(local)=159.3, data_wait=2.5%, compute=97.4%, non_finite_skips(local)=0

val:   0%|          | 0/4 [00:00<?, ?it/s]
val:   0%|          | 0/4 [00:00<?, ?it/s, loss=0.0189]
val:   0%|          | 0/4 [00:00<?, ?it/s, loss=0.0174]
val:   0%|          | 0/4 [00:00<?, ?it/s, loss=0.0198]
val:  75%|███████▌  | 3/4 [00:00<00:00, 21.48it/s, loss=0.0198]
val:  75%|███████▌  | 3/4 [00:00<00:00, 21.48it/s, loss=0.0288]
                                                               
[PERF][val] samples(local/global)=8/8, batches(local/global)=4/4, samples/s(local/global)=43.0/43.0, ms/batch(local)=46.5, data_wait=5.2%, compute=94.7%, non_finite_skips(local)=0
[MEM] epoch=131 RAM(before/after)=1423.9/1432.7MB | GPU mem: gpu0 alloc=24.9MB resv=7092.0MB peak=5388.3MB
Epoch 131: train_loss=0.021127, val_loss=0.021214, lr=0.00010000
Updated best model: /home/nis/jinrui.yang/EaBNet_light/logs_cbam_flat_projection64/overfit8_epoch40_v2/best/best_model.pt (val_loss=0.021214)

Epoch 132/200

train:   0%|          | 0/4 [00:00<?, ?it/s]
train:   0%|          | 0/4 [00:00<?, ?it/s, loss=0.0394]
train:  25%|██▌       | 1/4 [00:00<00:00,  6.17it/s, loss=0.0394]
train:  25%|██▌       | 1/4 [00:00<00:00,  6.17it/s, loss=0.0156]
train:  50%|█████     | 2/4 [00:00<00:00,  6.29it/s, loss=0.0156]
train:  50%|█████     | 2/4 [00:00<00:00,  6.29it/s, loss=0.0250]
train:  75%|███████▌  | 3/4 [00:00<00:00,  6.31it/s, loss=0.0250]
train:  75%|███████▌  | 3/4 [00:00<00:00,  6.31it/s, loss=0.0045]
train: 100%|██████████| 4/4 [00:00<00:00,  6.33it/s, loss=0.0045]
                                                                 
[PERF][train] samples(local/global)=8/8, batches(local/global)=4/4, samples/s(local/global)=12.6/12.6, ms/batch(local)=158.5, data_wait=2.0%, compute=98.0%, non_finite_skips(local)=0

val:   0%|          | 0/4 [00:00<?, ?it/s]
val:   0%|          | 0/4 [00:00<?, ?it/s, loss=0.0189]
val:   0%|          | 0/4 [00:00<?, ?it/s, loss=0.0173]
val:   0%|          | 0/4 [00:00<?, ?it/s, loss=0.0198]
val:  75%|███████▌  | 3/4 [00:00<00:00, 21.74it/s, loss=0.0198]
val:  75%|███████▌  | 3/4 [00:00<00:00, 21.74it/s, loss=0.0288]
                                                               
[PERF][val] samples(local/global)=8/8, batches(local/global)=4/4, samples/s(local/global)=43.4/43.4, ms/batch(local)=46.0, data_wait=4.2%, compute=95.6%, non_finite_skips(local)=0
[MEM] epoch=132 RAM(before/after)=1432.7/1423.9MB | GPU mem: gpu0 alloc=24.9MB resv=7092.0MB peak=5388.3MB
Epoch 132: train_loss=0.021128, val_loss=0.021209, lr=0.00010000
Updated best model: /home/nis/jinrui.yang/EaBNet_light/logs_cbam_flat_projection64/overfit8_epoch40_v2/best/best_model.pt (val_loss=0.021209)

Epoch 133/200

train:   0%|          | 0/4 [00:00<?, ?it/s]
train:   0%|          | 0/4 [00:00<?, ?it/s, loss=0.0211]
train:  25%|██▌       | 1/4 [00:00<00:00,  5.95it/s, loss=0.0211]
train:  25%|██▌       | 1/4 [00:00<00:00,  5.95it/s, loss=0.0249]
train:  50%|█████     | 2/4 [00:00<00:00,  6.19it/s, loss=0.0249]
train:  50%|█████     | 2/4 [00:00<00:00,  6.19it/s, loss=0.0338]
train:  75%|███████▌  | 3/4 [00:00<00:00,  6.27it/s, loss=0.0338]
train:  75%|███████▌  | 3/4 [00:00<00:00,  6.27it/s, loss=0.0045]
train: 100%|██████████| 4/4 [00:00<00:00,  6.31it/s, loss=0.0045]
                                                                 
[PERF][train] samples(local/global)=8/8, batches(local/global)=4/4, samples/s(local/global)=12.5/12.5, ms/batch(local)=160.0, data_wait=2.2%, compute=97.7%, non_finite_skips(local)=0

val:   0%|          | 0/4 [00:00<?, ?it/s]
val:   0%|          | 0/4 [00:00<?, ?it/s, loss=0.0188]
val:   0%|          | 0/4 [00:00<?, ?it/s, loss=0.0173]
val:   0%|          | 0/4 [00:00<?, ?it/s, loss=0.0198]
val:  75%|███████▌  | 3/4 [00:00<00:00, 21.65it/s, loss=0.0198]
val:  75%|███████▌  | 3/4 [00:00<00:00, 21.65it/s, loss=0.0289]
                                                               
[PERF][val] samples(local/global)=8/8, batches(local/global)=4/4, samples/s(local/global)=43.2/43.2, ms/batch(local)=46.3, data_wait=4.4%, compute=95.3%, non_finite_skips(local)=0
[MEM] epoch=133 RAM(before/after)=1423.9/1423.9MB | GPU mem: gpu0 alloc=24.9MB resv=7092.0MB peak=5388.3MB
Epoch 133: train_loss=0.021088, val_loss=0.021203, lr=0.00010000
Updated best model: /home/nis/jinrui.yang/EaBNet_light/logs_cbam_flat_projection64/overfit8_epoch40_v2/best/best_model.pt (val_loss=0.021203)

Epoch 134/200

train:   0%|          | 0/4 [00:00<?, ?it/s]
train:   0%|          | 0/4 [00:00<?, ?it/s, loss=0.0233]
train:  25%|██▌       | 1/4 [00:00<00:00,  5.92it/s, loss=0.0233]
train:  25%|██▌       | 1/4 [00:00<00:00,  5.92it/s, loss=0.0293]
train:  50%|█████     | 2/4 [00:00<00:00,  6.15it/s, loss=0.0293]
train:  50%|█████     | 2/4 [00:00<00:00,  6.15it/s, loss=0.0107]
train:  75%|███████▌  | 3/4 [00:00<00:00,  6.24it/s, loss=0.0107]
train:  75%|███████▌  | 3/4 [00:00<00:00,  6.24it/s, loss=0.0211]
train: 100%|██████████| 4/4 [00:00<00:00,  6.29it/s, loss=0.0211]
                                                                 
[PERF][train] samples(local/global)=8/8, batches(local/global)=4/4, samples/s(local/global)=12.5/12.5, ms/batch(local)=160.5, data_wait=3.2%, compute=96.7%, non_finite_skips(local)=0

val:   0%|          | 0/4 [00:00<?, ?it/s]
val:   0%|          | 0/4 [00:00<?, ?it/s, loss=0.0188]
val:   0%|          | 0/4 [00:00<?, ?it/s, loss=0.0173]
val:   0%|          | 0/4 [00:00<?, ?it/s, loss=0.0198]
val:  75%|███████▌  | 3/4 [00:00<00:00, 21.79it/s, loss=0.0198]
val:  75%|███████▌  | 3/4 [00:00<00:00, 21.79it/s, loss=0.0289]
                                                               
[PERF][val] samples(local/global)=8/8, batches(local/global)=4/4, samples/s(local/global)=43.5/43.5, ms/batch(local)=46.0, data_wait=4.1%, compute=95.6%, non_finite_skips(local)=0
[MEM] epoch=134 RAM(before/after)=1423.9/1423.9MB | GPU mem: gpu0 alloc=24.9MB resv=7092.0MB peak=5388.3MB
Epoch 134: train_loss=0.021103, val_loss=0.021199, lr=0.00010000
Updated best model: /home/nis/jinrui.yang/EaBNet_light/logs_cbam_flat_projection64/overfit8_epoch40_v2/best/best_model.pt (val_loss=0.021199)

Epoch 135/200

train:   0%|          | 0/4 [00:00<?, ?it/s]
train:   0%|          | 0/4 [00:00<?, ?it/s, loss=0.0107]
train:  25%|██▌       | 1/4 [00:00<00:00,  6.25it/s, loss=0.0107]
train:  25%|██▌       | 1/4 [00:00<00:00,  6.25it/s, loss=0.0096]
train:  50%|█████     | 2/4 [00:00<00:00,  6.30it/s, loss=0.0096]
train:  50%|█████     | 2/4 [00:00<00:00,  6.30it/s, loss=0.0353]
train:  75%|███████▌  | 3/4 [00:00<00:00,  6.33it/s, loss=0.0353]
train:  75%|███████▌  | 3/4 [00:00<00:00,  6.33it/s, loss=0.0289]
train: 100%|██████████| 4/4 [00:00<00:00,  6.34it/s, loss=0.0289]
                                                                 
[PERF][train] samples(local/global)=8/8, batches(local/global)=4/4, samples/s(local/global)=12.6/12.6, ms/batch(local)=158.2, data_wait=2.0%, compute=97.8%, non_finite_skips(local)=0

val:   0%|          | 0/4 [00:00<?, ?it/s]
val:   0%|          | 0/4 [00:00<?, ?it/s, loss=0.0188]
val:   0%|          | 0/4 [00:00<?, ?it/s, loss=0.0173]
val:   0%|          | 0/4 [00:00<?, ?it/s, loss=0.0197]
val:  75%|███████▌  | 3/4 [00:00<00:00, 21.50it/s, loss=0.0197]
val:  75%|███████▌  | 3/4 [00:00<00:00, 21.50it/s, loss=0.0289]
                                                               
[PERF][val] samples(local/global)=8/8, batches(local/global)=4/4, samples/s(local/global)=43.1/43.1, ms/batch(local)=46.4, data_wait=5.0%, compute=95.0%, non_finite_skips(local)=0
[MEM] epoch=135 RAM(before/after)=1423.9/1432.7MB | GPU mem: gpu0 alloc=24.9MB resv=7092.0MB peak=5388.3MB
Epoch 135: train_loss=0.021127, val_loss=0.021181, lr=0.00010000
Updated best model: /home/nis/jinrui.yang/EaBNet_light/logs_cbam_flat_projection64/overfit8_epoch40_v2/best/best_model.pt (val_loss=0.021181)

Epoch 136/200

train:   0%|          | 0/4 [00:00<?, ?it/s]
train:   0%|          | 0/4 [00:00<?, ?it/s, loss=0.0247]
train:  25%|██▌       | 1/4 [00:00<00:00,  6.20it/s, loss=0.0247]
train:  25%|██▌       | 1/4 [00:00<00:00,  6.20it/s, loss=0.0286]
train:  50%|█████     | 2/4 [00:00<00:00,  6.29it/s, loss=0.0286]
train:  50%|█████     | 2/4 [00:00<00:00,  6.29it/s, loss=0.0151]
train:  75%|███████▌  | 3/4 [00:00<00:00,  6.31it/s, loss=0.0151]
train:  75%|███████▌  | 3/4 [00:00<00:00,  6.31it/s, loss=0.0157]
train: 100%|██████████| 4/4 [00:00<00:00,  6.33it/s, loss=0.0157]
                                                                 
[PERF][train] samples(local/global)=8/8, batches(local/global)=4/4, samples/s(local/global)=12.6/12.6, ms/batch(local)=158.5, data_wait=1.9%, compute=98.0%, non_finite_skips(local)=0

val:   0%|          | 0/4 [00:00<?, ?it/s]
val:   0%|          | 0/4 [00:00<?, ?it/s, loss=0.0188]
val:   0%|          | 0/4 [00:00<?, ?it/s, loss=0.0173]
val:   0%|          | 0/4 [00:00<?, ?it/s, loss=0.0197]
val:  75%|███████▌  | 3/4 [00:00<00:00, 21.79it/s, loss=0.0197]
val:  75%|███████▌  | 3/4 [00:00<00:00, 21.79it/s, loss=0.0288]
                                                               
[PERF][val] samples(local/global)=8/8, batches(local/global)=4/4, samples/s(local/global)=43.4/43.4, ms/batch(local)=46.0, data_wait=4.4%, compute=95.6%, non_finite_skips(local)=0
[MEM] epoch=136 RAM(before/after)=1432.7/1432.7MB | GPU mem: gpu0 alloc=24.9MB resv=7092.0MB peak=5388.3MB
Epoch 136: train_loss=0.021037, val_loss=0.021163, lr=0.00010000
Updated best model: /home/nis/jinrui.yang/EaBNet_light/logs_cbam_flat_projection64/overfit8_epoch40_v2/best/best_model.pt (val_loss=0.021163)

Epoch 137/200

train:   0%|          | 0/4 [00:00<?, ?it/s]
train:   0%|          | 0/4 [00:00<?, ?it/s, loss=0.0214]
train:  25%|██▌       | 1/4 [00:00<00:00,  6.26it/s, loss=0.0214]
train:  25%|██▌       | 1/4 [00:00<00:00,  6.26it/s, loss=0.0089]
train:  50%|█████     | 2/4 [00:00<00:00,  6.31it/s, loss=0.0089]
train:  50%|█████     | 2/4 [00:00<00:00,  6.31it/s, loss=0.0188]
train:  75%|███████▌  | 3/4 [00:00<00:00,  6.32it/s, loss=0.0188]
train:  75%|███████▌  | 3/4 [00:00<00:00,  6.32it/s, loss=0.0352]
train: 100%|██████████| 4/4 [00:00<00:00,  6.34it/s, loss=0.0352]
                                                                 
[PERF][train] samples(local/global)=8/8, batches(local/global)=4/4, samples/s(local/global)=12.7/12.7, ms/batch(local)=158.1, data_wait=1.9%, compute=98.0%, non_finite_skips(local)=0

val:   0%|          | 0/4 [00:00<?, ?it/s]
val:   0%|          | 0/4 [00:00<?, ?it/s, loss=0.0188]
val:   0%|          | 0/4 [00:00<?, ?it/s, loss=0.0173]
val:   0%|          | 0/4 [00:00<?, ?it/s, loss=0.0197]
val:  75%|███████▌  | 3/4 [00:00<00:00, 21.60it/s, loss=0.0197]
val:  75%|███████▌  | 3/4 [00:00<00:00, 21.60it/s, loss=0.0288]
                                                               
[PERF][val] samples(local/global)=8/8, batches(local/global)=4/4, samples/s(local/global)=43.2/43.2, ms/batch(local)=46.3, data_wait=4.9%, compute=95.1%, non_finite_skips(local)=0
[MEM] epoch=137 RAM(before/after)=1432.7/1432.7MB | GPU mem: gpu0 alloc=24.9MB resv=7092.0MB peak=5388.3MB
Epoch 137: train_loss=0.021070, val_loss=0.021142, lr=0.00010000
Updated best model: /home/nis/jinrui.yang/EaBNet_light/logs_cbam_flat_projection64/overfit8_epoch40_v2/best/best_model.pt (val_loss=0.021142)

Epoch 138/200

train:   0%|          | 0/4 [00:00<?, ?it/s]
train:   0%|          | 0/4 [00:00<?, ?it/s, loss=0.0247]
train:  25%|██▌       | 1/4 [00:00<00:00,  6.14it/s, loss=0.0247]
train:  25%|██▌       | 1/4 [00:00<00:00,  6.14it/s, loss=0.0355]
train:  50%|█████     | 2/4 [00:00<00:00,  6.27it/s, loss=0.0355]
train:  50%|█████     | 2/4 [00:00<00:00,  6.27it/s, loss=0.0089]
train:  75%|███████▌  | 3/4 [00:00<00:00,  6.32it/s, loss=0.0089]
train:  75%|███████▌  | 3/4 [00:00<00:00,  6.32it/s, loss=0.0151]
train: 100%|██████████| 4/4 [00:00<00:00,  6.34it/s, loss=0.0151]
                                                                 
[PERF][train] samples(local/global)=8/8, batches(local/global)=4/4, samples/s(local/global)=12.6/12.6, ms/batch(local)=158.5, data_wait=1.8%, compute=98.1%, non_finite_skips(local)=0

val:   0%|          | 0/4 [00:00<?, ?it/s]
val:   0%|          | 0/4 [00:00<?, ?it/s, loss=0.0188]
val:   0%|          | 0/4 [00:00<?, ?it/s, loss=0.0173]
val:   0%|          | 0/4 [00:00<?, ?it/s, loss=0.0197]
val:  75%|███████▌  | 3/4 [00:00<00:00, 21.47it/s, loss=0.0197]
val:  75%|███████▌  | 3/4 [00:00<00:00, 21.47it/s, loss=0.0288]
                                                               
[PERF][val] samples(local/global)=8/8, batches(local/global)=4/4, samples/s(local/global)=42.9/42.9, ms/batch(local)=46.6, data_wait=5.4%, compute=94.5%, non_finite_skips(local)=0
[MEM] epoch=138 RAM(before/after)=1432.7/1432.7MB | GPU mem: gpu0 alloc=24.9MB resv=7092.0MB peak=5388.3MB
Epoch 138: train_loss=0.021025, val_loss=0.021133, lr=0.00010000
Updated best model: /home/nis/jinrui.yang/EaBNet_light/logs_cbam_flat_projection64/overfit8_epoch40_v2/best/best_model.pt (val_loss=0.021133)

Epoch 139/200

train:   0%|          | 0/4 [00:00<?, ?it/s]
train:   0%|          | 0/4 [00:00<?, ?it/s, loss=0.0157]
train:  25%|██▌       | 1/4 [00:00<00:00,  6.15it/s, loss=0.0157]
train:  25%|██▌       | 1/4 [00:00<00:00,  6.15it/s, loss=0.0104]
train:  50%|█████     | 2/4 [00:00<00:00,  6.28it/s, loss=0.0104]
train:  50%|█████     | 2/4 [00:00<00:00,  6.28it/s, loss=0.0151]
train:  75%|███████▌  | 3/4 [00:00<00:00,  6.31it/s, loss=0.0151]
train:  75%|███████▌  | 3/4 [00:00<00:00,  6.31it/s, loss=0.0430]
train: 100%|██████████| 4/4 [00:00<00:00,  6.33it/s, loss=0.0430]
                                                                 
[PERF][train] samples(local/global)=8/8, batches(local/global)=4/4, samples/s(local/global)=12.6/12.6, ms/batch(local)=158.6, data_wait=2.0%, compute=98.0%, non_finite_skips(local)=0

val:   0%|          | 0/4 [00:00<?, ?it/s]
val:   0%|          | 0/4 [00:00<?, ?it/s, loss=0.0188]
val:   0%|          | 0/4 [00:00<?, ?it/s, loss=0.0173]
val:   0%|          | 0/4 [00:00<?, ?it/s, loss=0.0197]
val:  75%|███████▌  | 3/4 [00:00<00:00, 21.65it/s, loss=0.0197]
val:  75%|███████▌  | 3/4 [00:00<00:00, 21.65it/s, loss=0.0288]
                                                               
[PERF][val] samples(local/global)=8/8, batches(local/global)=4/4, samples/s(local/global)=43.3/43.3, ms/batch(local)=46.1, data_wait=4.5%, compute=95.5%, non_finite_skips(local)=0
[MEM] epoch=139 RAM(before/after)=1432.7/1432.7MB | GPU mem: gpu0 alloc=24.9MB resv=7092.0MB peak=5388.3MB
Epoch 139: train_loss=0.021039, val_loss=0.021124, lr=0.00010000
Updated best model: /home/nis/jinrui.yang/EaBNet_light/logs_cbam_flat_projection64/overfit8_epoch40_v2/best/best_model.pt (val_loss=0.021124)

Epoch 140/200

train:   0%|          | 0/4 [00:00<?, ?it/s]
train:   0%|          | 0/4 [00:00<?, ?it/s, loss=0.0187]
train:  25%|██▌       | 1/4 [00:00<00:00,  6.22it/s, loss=0.0187]
train:  25%|██▌       | 1/4 [00:00<00:00,  6.22it/s, loss=0.0145]
train:  50%|█████     | 2/4 [00:00<00:00,  6.32it/s, loss=0.0145]
train:  50%|█████     | 2/4 [00:00<00:00,  6.32it/s, loss=0.0336]
train:  75%|███████▌  | 3/4 [00:00<00:00,  6.33it/s, loss=0.0336]
train:  75%|███████▌  | 3/4 [00:00<00:00,  6.33it/s, loss=0.0173]
train: 100%|██████████| 4/4 [00:00<00:00,  6.34it/s, loss=0.0173]
                                                                 
[PERF][train] samples(local/global)=8/8, batches(local/global)=4/4, samples/s(local/global)=12.7/12.7, ms/batch(local)=158.1, data_wait=1.9%, compute=98.0%, non_finite_skips(local)=0

val:   0%|          | 0/4 [00:00<?, ?it/s]
val:   0%|          | 0/4 [00:00<?, ?it/s, loss=0.0188]
val:   0%|          | 0/4 [00:00<?, ?it/s, loss=0.0172]
val:   0%|          | 0/4 [00:00<?, ?it/s, loss=0.0197]
val:  75%|███████▌  | 3/4 [00:00<00:00, 21.59it/s, loss=0.0197]
val:  75%|███████▌  | 3/4 [00:00<00:00, 21.59it/s, loss=0.0287]
                                                               
[PERF][val] samples(local/global)=8/8, batches(local/global)=4/4, samples/s(local/global)=43.2/43.2, ms/batch(local)=46.3, data_wait=4.8%, compute=95.2%, non_finite_skips(local)=0
[MEM] epoch=140 RAM(before/after)=1432.7/1432.7MB | GPU mem: gpu0 alloc=24.9MB resv=7092.0MB peak=5388.3MB
Epoch 140: train_loss=0.021028, val_loss=0.021110, lr=0.00010000
Updated best model: /home/nis/jinrui.yang/EaBNet_light/logs_cbam_flat_projection64/overfit8_epoch40_v2/best/best_model.pt (val_loss=0.021110)

Epoch 141/200

train:   0%|          | 0/4 [00:00<?, ?it/s]
train:   0%|          | 0/4 [00:00<?, ?it/s, loss=0.0285]
train:  25%|██▌       | 1/4 [00:00<00:00,  6.19it/s, loss=0.0285]
train:  25%|██▌       | 1/4 [00:00<00:00,  6.19it/s, loss=0.0210]
train:  50%|█████     | 2/4 [00:00<00:00,  6.28it/s, loss=0.0210]
train:  50%|█████     | 2/4 [00:00<00:00,  6.28it/s, loss=0.0095]
train:  75%|███████▌  | 3/4 [00:00<00:00,  6.31it/s, loss=0.0095]
train:  75%|███████▌  | 3/4 [00:00<00:00,  6.31it/s, loss=0.0248]
train: 100%|██████████| 4/4 [00:00<00:00,  6.34it/s, loss=0.0248]
                                                                 
[PERF][train] samples(local/global)=8/8, batches(local/global)=4/4, samples/s(local/global)=12.6/12.6, ms/batch(local)=158.4, data_wait=1.9%, compute=98.0%, non_finite_skips(local)=0

val:   0%|          | 0/4 [00:00<?, ?it/s]
val:   0%|          | 0/4 [00:00<?, ?it/s, loss=0.0188]
val:   0%|          | 0/4 [00:00<?, ?it/s, loss=0.0172]
val:   0%|          | 0/4 [00:00<?, ?it/s, loss=0.0196]
val:  75%|███████▌  | 3/4 [00:00<00:00, 21.67it/s, loss=0.0196]
val:  75%|███████▌  | 3/4 [00:00<00:00, 21.67it/s, loss=0.0287]
                                                               
[PERF][val] samples(local/global)=8/8, batches(local/global)=4/4, samples/s(local/global)=43.3/43.3, ms/batch(local)=46.2, data_wait=4.5%, compute=95.4%, non_finite_skips(local)=0
[MEM] epoch=141 RAM(before/after)=1432.7/1432.7MB | GPU mem: gpu0 alloc=24.9MB resv=7092.0MB peak=5388.3MB
Epoch 141: train_loss=0.020958, val_loss=0.021096, lr=0.00010000
Updated best model: /home/nis/jinrui.yang/EaBNet_light/logs_cbam_flat_projection64/overfit8_epoch40_v2/best/best_model.pt (val_loss=0.021096)

Epoch 142/200

train:   0%|          | 0/4 [00:00<?, ?it/s]
train:   0%|          | 0/4 [00:00<?, ?it/s, loss=0.0197]
train:  25%|██▌       | 1/4 [00:00<00:00,  6.19it/s, loss=0.0197]
train:  25%|██▌       | 1/4 [00:00<00:00,  6.19it/s, loss=0.0107]
train:  50%|█████     | 2/4 [00:00<00:00,  6.29it/s, loss=0.0107]
train:  50%|█████     | 2/4 [00:00<00:00,  6.29it/s, loss=0.0429]
train:  75%|███████▌  | 3/4 [00:00<00:00,  6.33it/s, loss=0.0429]
train:  75%|███████▌  | 3/4 [00:00<00:00,  6.33it/s, loss=0.0111]
train: 100%|██████████| 4/4 [00:00<00:00,  6.34it/s, loss=0.0111]
                                                                 
[PERF][train] samples(local/global)=8/8, batches(local/global)=4/4, samples/s(local/global)=12.6/12.6, ms/batch(local)=158.3, data_wait=1.7%, compute=98.2%, non_finite_skips(local)=0

val:   0%|          | 0/4 [00:00<?, ?it/s]
val:   0%|          | 0/4 [00:00<?, ?it/s, loss=0.0188]
val:   0%|          | 0/4 [00:00<?, ?it/s, loss=0.0172]
val:   0%|          | 0/4 [00:00<?, ?it/s, loss=0.0196]
val:  75%|███████▌  | 3/4 [00:00<00:00, 21.48it/s, loss=0.0196]
val:  75%|███████▌  | 3/4 [00:00<00:00, 21.48it/s, loss=0.0287]
                                                               
[PERF][val] samples(local/global)=8/8, batches(local/global)=4/4, samples/s(local/global)=43.0/43.0, ms/batch(local)=46.5, data_wait=5.2%, compute=94.8%, non_finite_skips(local)=0
[MEM] epoch=142 RAM(before/after)=1432.7/1432.7MB | GPU mem: gpu0 alloc=24.9MB resv=7092.0MB peak=5388.3MB
Epoch 142: train_loss=0.021081, val_loss=0.021088, lr=0.00010000
Updated best model: /home/nis/jinrui.yang/EaBNet_light/logs_cbam_flat_projection64/overfit8_epoch40_v2/best/best_model.pt (val_loss=0.021088)

Epoch 143/200

train:   0%|          | 0/4 [00:00<?, ?it/s]
train:   0%|          | 0/4 [00:00<?, ?it/s, loss=0.0196]
train:  25%|██▌       | 1/4 [00:00<00:00,  6.29it/s, loss=0.0196]
train:  25%|██▌       | 1/4 [00:00<00:00,  6.29it/s, loss=0.0114]
train:  50%|█████     | 2/4 [00:00<00:00,  6.34it/s, loss=0.0114]
train:  50%|█████     | 2/4 [00:00<00:00,  6.34it/s, loss=0.0429]
train:  75%|███████▌  | 3/4 [00:00<00:00,  6.34it/s, loss=0.0429]
train:  75%|███████▌  | 3/4 [00:00<00:00,  6.34it/s, loss=0.0104]
train: 100%|██████████| 4/4 [00:00<00:00,  6.35it/s, loss=0.0104]
                                                                 
[PERF][train] samples(local/global)=8/8, batches(local/global)=4/4, samples/s(local/global)=12.7/12.7, ms/batch(local)=157.7, data_wait=1.7%, compute=98.2%, non_finite_skips(local)=0

val:   0%|          | 0/4 [00:00<?, ?it/s]
val:   0%|          | 0/4 [00:00<?, ?it/s, loss=0.0188]
val:   0%|          | 0/4 [00:00<?, ?it/s, loss=0.0172]
val:   0%|          | 0/4 [00:00<?, ?it/s, loss=0.0197]
val:  75%|███████▌  | 3/4 [00:00<00:00, 21.67it/s, loss=0.0197]
val:  75%|███████▌  | 3/4 [00:00<00:00, 21.67it/s, loss=0.0287]
                                                               
[PERF][val] samples(local/global)=8/8, batches(local/global)=4/4, samples/s(local/global)=43.3/43.3, ms/batch(local)=46.1, data_wait=3.9%, compute=95.8%, non_finite_skips(local)=0
[MEM] epoch=143 RAM(before/after)=1432.7/1423.9MB | GPU mem: gpu0 alloc=24.9MB resv=7092.0MB peak=5388.3MB
Epoch 143: train_loss=0.021052, val_loss=0.021092, lr=0.00010000

Epoch 144/200

train:   0%|          | 0/4 [00:00<?, ?it/s]
train:   0%|          | 0/4 [00:00<?, ?it/s, loss=0.0095]
train:  25%|██▌       | 1/4 [00:00<00:00,  6.16it/s, loss=0.0095]
train:  25%|██▌       | 1/4 [00:00<00:00,  6.16it/s, loss=0.0353]
train:  50%|█████     | 2/4 [00:00<00:00,  6.27it/s, loss=0.0353]
train:  50%|█████     | 2/4 [00:00<00:00,  6.27it/s, loss=0.0209]
train:  75%|███████▌  | 3/4 [00:00<00:00,  6.31it/s, loss=0.0209]
train:  75%|███████▌  | 3/4 [00:00<00:00,  6.31it/s, loss=0.0180]
train: 100%|██████████| 4/4 [00:00<00:00,  6.33it/s, loss=0.0180]
                                                                 
[PERF][train] samples(local/global)=8/8, batches(local/global)=4/4, samples/s(local/global)=12.6/12.6, ms/batch(local)=158.7, data_wait=2.2%, compute=97.7%, non_finite_skips(local)=0

val:   0%|          | 0/4 [00:00<?, ?it/s]
val:   0%|          | 0/4 [00:00<?, ?it/s, loss=0.0188]
val:   0%|          | 0/4 [00:00<?, ?it/s, loss=0.0172]
val:   0%|          | 0/4 [00:00<?, ?it/s, loss=0.0196]
val:  75%|███████▌  | 3/4 [00:00<00:00, 21.69it/s, loss=0.0196]
val:  75%|███████▌  | 3/4 [00:00<00:00, 21.69it/s, loss=0.0287]
                                                               
[PERF][val] samples(local/global)=8/8, batches(local/global)=4/4, samples/s(local/global)=43.2/43.2, ms/batch(local)=46.3, data_wait=4.4%, compute=95.3%, non_finite_skips(local)=0
[MEM] epoch=144 RAM(before/after)=1423.9/1423.9MB | GPU mem: gpu0 alloc=24.9MB resv=7092.0MB peak=5388.3MB
Epoch 144: train_loss=0.020942, val_loss=0.021072, lr=0.00010000
Updated best model: /home/nis/jinrui.yang/EaBNet_light/logs_cbam_flat_projection64/overfit8_epoch40_v2/best/best_model.pt (val_loss=0.021072)

Epoch 145/200

train:   0%|          | 0/4 [00:00<?, ?it/s]
train:   0%|          | 0/4 [00:00<?, ?it/s, loss=0.0172]
train:  25%|██▌       | 1/4 [00:00<00:00,  5.93it/s, loss=0.0172]
train:  25%|██▌       | 1/4 [00:00<00:00,  5.93it/s, loss=0.0292]
train:  50%|█████     | 2/4 [00:00<00:00,  6.17it/s, loss=0.0292]
train:  50%|█████     | 2/4 [00:00<00:00,  6.17it/s, loss=0.0180]
train:  75%|███████▌  | 3/4 [00:00<00:00,  6.24it/s, loss=0.0180]
train:  75%|███████▌  | 3/4 [00:00<00:00,  6.24it/s, loss=0.0195]
train: 100%|██████████| 4/4 [00:00<00:00,  6.29it/s, loss=0.0195]
                                                                 
[PERF][train] samples(local/global)=8/8, batches(local/global)=4/4, samples/s(local/global)=12.5/12.5, ms/batch(local)=160.4, data_wait=2.6%, compute=97.4%, non_finite_skips(local)=0

val:   0%|          | 0/4 [00:00<?, ?it/s]
val:   0%|          | 0/4 [00:00<?, ?it/s, loss=0.0188]
val:   0%|          | 0/4 [00:00<?, ?it/s, loss=0.0172]
val:   0%|          | 0/4 [00:00<?, ?it/s, loss=0.0196]
val:  75%|███████▌  | 3/4 [00:00<00:00, 21.70it/s, loss=0.0196]
val:  75%|███████▌  | 3/4 [00:00<00:00, 21.70it/s, loss=0.0287]
                                                               
[PERF][val] samples(local/global)=8/8, batches(local/global)=4/4, samples/s(local/global)=43.2/43.2, ms/batch(local)=46.2, data_wait=4.2%, compute=95.5%, non_finite_skips(local)=0
[MEM] epoch=145 RAM(before/after)=1423.9/1423.9MB | GPU mem: gpu0 alloc=24.9MB resv=7092.0MB peak=5388.3MB
Epoch 145: train_loss=0.020963, val_loss=0.021046, lr=0.00010000
Updated best model: /home/nis/jinrui.yang/EaBNet_light/logs_cbam_flat_projection64/overfit8_epoch40_v2/best/best_model.pt (val_loss=0.021046)

Epoch 146/200

train:   0%|          | 0/4 [00:00<?, ?it/s]
train:   0%|          | 0/4 [00:00<?, ?it/s, loss=0.0246]
train:  25%|██▌       | 1/4 [00:00<00:00,  6.23it/s, loss=0.0246]
train:  25%|██▌       | 1/4 [00:00<00:00,  6.23it/s, loss=0.0213]
train:  50%|█████     | 2/4 [00:00<00:00,  6.29it/s, loss=0.0213]
train:  50%|█████     | 2/4 [00:00<00:00,  6.29it/s, loss=0.0088]
train:  75%|███████▌  | 3/4 [00:00<00:00,  6.32it/s, loss=0.0088]
train:  75%|███████▌  | 3/4 [00:00<00:00,  6.32it/s, loss=0.0291]
train: 100%|██████████| 4/4 [00:00<00:00,  6.34it/s, loss=0.0291]
                                                                 
[PERF][train] samples(local/global)=8/8, batches(local/global)=4/4, samples/s(local/global)=12.6/12.6, ms/batch(local)=158.4, data_wait=2.1%, compute=97.7%, non_finite_skips(local)=0

val:   0%|          | 0/4 [00:00<?, ?it/s]
val:   0%|          | 0/4 [00:00<?, ?it/s, loss=0.0187]
val:   0%|          | 0/4 [00:00<?, ?it/s, loss=0.0171]
val:   0%|          | 0/4 [00:00<?, ?it/s, loss=0.0196]
val:  75%|███████▌  | 3/4 [00:00<00:00, 21.53it/s, loss=0.0196]
val:  75%|███████▌  | 3/4 [00:00<00:00, 21.53it/s, loss=0.0286]
                                                               
[PERF][val] samples(local/global)=8/8, batches(local/global)=4/4, samples/s(local/global)=43.1/43.1, ms/batch(local)=46.4, data_wait=4.9%, compute=95.0%, non_finite_skips(local)=0
[MEM] epoch=146 RAM(before/after)=1423.9/1432.7MB | GPU mem: gpu0 alloc=24.9MB resv=7092.0MB peak=5388.3MB
Epoch 146: train_loss=0.020949, val_loss=0.021026, lr=0.00010000
Updated best model: /home/nis/jinrui.yang/EaBNet_light/logs_cbam_flat_projection64/overfit8_epoch40_v2/best/best_model.pt (val_loss=0.021026)

Epoch 147/200

train:   0%|          | 0/4 [00:00<?, ?it/s]
train:   0%|          | 0/4 [00:00<?, ?it/s, loss=0.0187]
train:  25%|██▌       | 1/4 [00:00<00:00,  6.14it/s, loss=0.0187]
train:  25%|██▌       | 1/4 [00:00<00:00,  6.14it/s, loss=0.0392]
train:  50%|█████     | 2/4 [00:00<00:00,  6.26it/s, loss=0.0392]
train:  50%|█████     | 2/4 [00:00<00:00,  6.26it/s, loss=0.0155]
train:  75%|███████▌  | 3/4 [00:00<00:00,  6.31it/s, loss=0.0155]
train:  75%|███████▌  | 3/4 [00:00<00:00,  6.31it/s, loss=0.0103]
train: 100%|██████████| 4/4 [00:00<00:00,  6.33it/s, loss=0.0103]
                                                                 
[PERF][train] samples(local/global)=8/8, batches(local/global)=4/4, samples/s(local/global)=12.6/12.6, ms/batch(local)=158.8, data_wait=1.9%, compute=98.0%, non_finite_skips(local)=0

val:   0%|          | 0/4 [00:00<?, ?it/s]
val:   0%|          | 0/4 [00:00<?, ?it/s, loss=0.0187]
val:   0%|          | 0/4 [00:00<?, ?it/s, loss=0.0171]
val:   0%|          | 0/4 [00:00<?, ?it/s, loss=0.0196]
val:  75%|███████▌  | 3/4 [00:00<00:00, 21.58it/s, loss=0.0196]
val:  75%|███████▌  | 3/4 [00:00<00:00, 21.58it/s, loss=0.0286]
                                                               
[PERF][val] samples(local/global)=8/8, batches(local/global)=4/4, samples/s(local/global)=43.1/43.1, ms/batch(local)=46.4, data_wait=4.7%, compute=95.1%, non_finite_skips(local)=0
[MEM] epoch=147 RAM(before/after)=1432.7/1425.7MB | GPU mem: gpu0 alloc=24.9MB resv=7092.0MB peak=5388.3MB
Epoch 147: train_loss=0.020938, val_loss=0.021017, lr=0.00010000
Updated best model: /home/nis/jinrui.yang/EaBNet_light/logs_cbam_flat_projection64/overfit8_epoch40_v2/best/best_model.pt (val_loss=0.021017)

Epoch 148/200

train:   0%|          | 0/4 [00:00<?, ?it/s]
train:   0%|          | 0/4 [00:00<?, ?it/s, loss=0.0287]
train:  25%|██▌       | 1/4 [00:00<00:00,  6.15it/s, loss=0.0287]
train:  25%|██▌       | 1/4 [00:00<00:00,  6.15it/s, loss=0.0351]
train:  50%|█████     | 2/4 [00:00<00:00,  6.26it/s, loss=0.0351]
train:  50%|█████     | 2/4 [00:00<00:00,  6.26it/s, loss=0.0045]
train:  75%|███████▌  | 3/4 [00:00<00:00,  6.30it/s, loss=0.0045]
train:  75%|███████▌  | 3/4 [00:00<00:00,  6.30it/s, loss=0.0155]
train: 100%|██████████| 4/4 [00:00<00:00,  6.30it/s, loss=0.0155]
                                                                 
[PERF][train] samples(local/global)=8/8, batches(local/global)=4/4, samples/s(local/global)=12.6/12.6, ms/batch(local)=159.2, data_wait=2.4%, compute=97.5%, non_finite_skips(local)=0

val:   0%|          | 0/4 [00:00<?, ?it/s]
val:   0%|          | 0/4 [00:00<?, ?it/s, loss=0.0188]
val:   0%|          | 0/4 [00:00<?, ?it/s, loss=0.0171]
val:   0%|          | 0/4 [00:00<?, ?it/s, loss=0.0196]
val:  75%|███████▌  | 3/4 [00:00<00:00, 21.56it/s, loss=0.0196]
val:  75%|███████▌  | 3/4 [00:00<00:00, 21.56it/s, loss=0.0286]
                                                               
[PERF][val] samples(local/global)=8/8, batches(local/global)=4/4, samples/s(local/global)=42.9/42.9, ms/batch(local)=46.6, data_wait=5.1%, compute=94.9%, non_finite_skips(local)=0
[MEM] epoch=148 RAM(before/after)=1425.7/1431.6MB | GPU mem: gpu0 alloc=24.9MB resv=7092.0MB peak=5388.3MB
Epoch 148: train_loss=0.020954, val_loss=0.021008, lr=0.00010000
Updated best model: /home/nis/jinrui.yang/EaBNet_light/logs_cbam_flat_projection64/overfit8_epoch40_v2/best/best_model.pt (val_loss=0.021008)

Epoch 149/200

train:   0%|          | 0/4 [00:00<?, ?it/s]
train:   0%|          | 0/4 [00:00<?, ?it/s, loss=0.0171]
train:  25%|██▌       | 1/4 [00:00<00:00,  6.18it/s, loss=0.0171]
train:  25%|██▌       | 1/4 [00:00<00:00,  6.18it/s, loss=0.0428]
train:  50%|█████     | 2/4 [00:00<00:00,  6.28it/s, loss=0.0428]
train:  50%|█████     | 2/4 [00:00<00:00,  6.28it/s, loss=0.0088]
train:  75%|███████▌  | 3/4 [00:00<00:00,  6.32it/s, loss=0.0088]
train:  75%|███████▌  | 3/4 [00:00<00:00,  6.32it/s, loss=0.0150]
train: 100%|██████████| 4/4 [00:00<00:00,  6.34it/s, loss=0.0150]
                                                                 
[PERF][train] samples(local/global)=8/8, batches(local/global)=4/4, samples/s(local/global)=12.6/12.6, ms/batch(local)=158.4, data_wait=1.8%, compute=98.1%, non_finite_skips(local)=0

val:   0%|          | 0/4 [00:00<?, ?it/s]
val:   0%|          | 0/4 [00:00<?, ?it/s, loss=0.0188]
val:   0%|          | 0/4 [00:00<?, ?it/s, loss=0.0171]
val:   0%|          | 0/4 [00:00<?, ?it/s, loss=0.0195]
val:  75%|███████▌  | 3/4 [00:00<00:00, 21.59it/s, loss=0.0195]
val:  75%|███████▌  | 3/4 [00:00<00:00, 21.59it/s, loss=0.0286]
                                                               
[PERF][val] samples(local/global)=8/8, batches(local/global)=4/4, samples/s(local/global)=43.1/43.1, ms/batch(local)=46.4, data_wait=4.5%, compute=95.1%, non_finite_skips(local)=0
[MEM] epoch=149 RAM(before/after)=1431.6/1424.5MB | GPU mem: gpu0 alloc=24.9MB resv=7092.0MB peak=5388.3MB
Epoch 149: train_loss=0.020916, val_loss=0.021011, lr=0.00010000

Epoch 150/200

train:   0%|          | 0/4 [00:00<?, ?it/s]
train:   0%|          | 0/4 [00:00<?, ?it/s, loss=0.0150]
train:  25%|██▌       | 1/4 [00:00<00:00,  6.13it/s, loss=0.0150]
train:  25%|██▌       | 1/4 [00:00<00:00,  6.13it/s, loss=0.0088]
train:  50%|█████     | 2/4 [00:00<00:00,  6.24it/s, loss=0.0088]
train:  50%|█████     | 2/4 [00:00<00:00,  6.24it/s, loss=0.0171]
train:  75%|███████▌  | 3/4 [00:00<00:00,  6.29it/s, loss=0.0171]
train:  75%|███████▌  | 3/4 [00:00<00:00,  6.29it/s, loss=0.0427]
train: 100%|██████████| 4/4 [00:00<00:00,  6.32it/s, loss=0.0427]
                                                                 
[PERF][train] samples(local/global)=8/8, batches(local/global)=4/4, samples/s(local/global)=12.6/12.6, ms/batch(local)=159.1, data_wait=2.3%, compute=97.5%, non_finite_skips(local)=0

val:   0%|          | 0/4 [00:00<?, ?it/s]
val:   0%|          | 0/4 [00:00<?, ?it/s, loss=0.0188]
val:   0%|          | 0/4 [00:00<?, ?it/s, loss=0.0171]
val:   0%|          | 0/4 [00:00<?, ?it/s, loss=0.0195]
val:  75%|███████▌  | 3/4 [00:00<00:00, 21.37it/s, loss=0.0195]
val:  75%|███████▌  | 3/4 [00:00<00:00, 21.37it/s, loss=0.0286]
                                                               
[PERF][val] samples(local/global)=8/8, batches(local/global)=4/4, samples/s(local/global)=42.9/42.9, ms/batch(local)=46.7, data_wait=5.2%, compute=94.5%, non_finite_skips(local)=0
[MEM] epoch=150 RAM(before/after)=1424.5/1424.5MB | GPU mem: gpu0 alloc=24.9MB resv=7092.0MB peak=5388.3MB
Epoch 150: train_loss=0.020888, val_loss=0.021008, lr=0.00010000
Updated best model: /home/nis/jinrui.yang/EaBNet_light/logs_cbam_flat_projection64/overfit8_epoch40_v2/best/best_model.pt (val_loss=0.021008)

Epoch 151/200

train:   0%|          | 0/4 [00:00<?, ?it/s]
train:   0%|          | 0/4 [00:00<?, ?it/s, loss=0.0352]
train:  25%|██▌       | 1/4 [00:00<00:00,  6.05it/s, loss=0.0352]
train:  25%|██▌       | 1/4 [00:00<00:00,  6.05it/s, loss=0.0154]
train:  50%|█████     | 2/4 [00:00<00:00,  6.23it/s, loss=0.0154]
train:  50%|█████     | 2/4 [00:00<00:00,  6.23it/s, loss=0.0286]
train:  75%|███████▌  | 3/4 [00:00<00:00,  6.28it/s, loss=0.0286]
train:  75%|███████▌  | 3/4 [00:00<00:00,  6.28it/s, loss=0.0045]
train: 100%|██████████| 4/4 [00:00<00:00,  6.31it/s, loss=0.0045]
                                                                 
[PERF][train] samples(local/global)=8/8, batches(local/global)=4/4, samples/s(local/global)=12.5/12.5, ms/batch(local)=159.4, data_wait=2.5%, compute=97.5%, non_finite_skips(local)=0

val:   0%|          | 0/4 [00:00<?, ?it/s]
val:   0%|          | 0/4 [00:00<?, ?it/s, loss=0.0188]
val:   0%|          | 0/4 [00:00<?, ?it/s, loss=0.0171]
val:   0%|          | 0/4 [00:00<?, ?it/s, loss=0.0195]
val:  75%|███████▌  | 3/4 [00:00<00:00, 21.68it/s, loss=0.0195]
val:  75%|███████▌  | 3/4 [00:00<00:00, 21.68it/s, loss=0.0287]
                                                               
[PERF][val] samples(local/global)=8/8, batches(local/global)=4/4, samples/s(local/global)=43.2/43.2, ms/batch(local)=46.3, data_wait=4.7%, compute=95.2%, non_finite_skips(local)=0
[MEM] epoch=151 RAM(before/after)=1424.5/1433.3MB | GPU mem: gpu0 alloc=24.9MB resv=7092.0MB peak=5388.3MB
Epoch 151: train_loss=0.020922, val_loss=0.021014, lr=0.00010000

Epoch 152/200

train:   0%|          | 0/4 [00:00<?, ?it/s]
train:   0%|          | 0/4 [00:00<?, ?it/s, loss=0.0149]
train:  25%|██▌       | 1/4 [00:00<00:00,  6.18it/s, loss=0.0149]
train:  25%|██▌       | 1/4 [00:00<00:00,  6.18it/s, loss=0.0245]
train:  50%|█████     | 2/4 [00:00<00:00,  6.29it/s, loss=0.0245]
train:  50%|█████     | 2/4 [00:00<00:00,  6.29it/s, loss=0.0087]
train:  75%|███████▌  | 3/4 [00:00<00:00,  6.33it/s, loss=0.0087]
train:  75%|███████▌  | 3/4 [00:00<00:00,  6.33it/s, loss=0.0351]
train: 100%|██████████| 4/4 [00:00<00:00,  6.35it/s, loss=0.0351]
                                                                 
[PERF][train] samples(local/global)=8/8, batches(local/global)=4/4, samples/s(local/global)=12.6/12.6, ms/batch(local)=158.3, data_wait=1.8%, compute=98.1%, non_finite_skips(local)=0

val:   0%|          | 0/4 [00:00<?, ?it/s]
val:   0%|          | 0/4 [00:00<?, ?it/s, loss=0.0188]
val:   0%|          | 0/4 [00:00<?, ?it/s, loss=0.0171]
val:   0%|          | 0/4 [00:00<?, ?it/s, loss=0.0195]
val:  75%|███████▌  | 3/4 [00:00<00:00, 21.55it/s, loss=0.0195]
val:  75%|███████▌  | 3/4 [00:00<00:00, 21.55it/s, loss=0.0286]
                                                               
[PERF][val] samples(local/global)=8/8, batches(local/global)=4/4, samples/s(local/global)=43.0/43.0, ms/batch(local)=46.5, data_wait=4.7%, compute=94.9%, non_finite_skips(local)=0
[MEM] epoch=152 RAM(before/after)=1433.3/1424.5MB | GPU mem: gpu0 alloc=24.9MB resv=7092.0MB peak=5388.3MB
Epoch 152: train_loss=0.020827, val_loss=0.020988, lr=0.00010000
Updated best model: /home/nis/jinrui.yang/EaBNet_light/logs_cbam_flat_projection64/overfit8_epoch40_v2/best/best_model.pt (val_loss=0.020988)

Epoch 153/200

train:   0%|          | 0/4 [00:00<?, ?it/s]
train:   0%|          | 0/4 [00:00<?, ?it/s, loss=0.0426]
train:  25%|██▌       | 1/4 [00:00<00:00,  6.11it/s, loss=0.0426]
train:  25%|██▌       | 1/4 [00:00<00:00,  6.11it/s, loss=0.0149]
train:  50%|█████     | 2/4 [00:00<00:00,  6.23it/s, loss=0.0149]
train:  50%|█████     | 2/4 [00:00<00:00,  6.23it/s, loss=0.0170]
train:  75%|███████▌  | 3/4 [00:00<00:00,  6.30it/s, loss=0.0170]
train:  75%|███████▌  | 3/4 [00:00<00:00,  6.30it/s, loss=0.0087]
train: 100%|██████████| 4/4 [00:00<00:00,  6.33it/s, loss=0.0087]
                                                                 
[PERF][train] samples(local/global)=8/8, batches(local/global)=4/4, samples/s(local/global)=12.6/12.6, ms/batch(local)=159.1, data_wait=2.2%, compute=97.7%, non_finite_skips(local)=0

val:   0%|          | 0/4 [00:00<?, ?it/s]
val:   0%|          | 0/4 [00:00<?, ?it/s, loss=0.0188]
val:   0%|          | 0/4 [00:00<?, ?it/s, loss=0.0171]
val:   0%|          | 0/4 [00:00<?, ?it/s, loss=0.0195]
val:  75%|███████▌  | 3/4 [00:00<00:00, 21.53it/s, loss=0.0195]
val:  75%|███████▌  | 3/4 [00:00<00:00, 21.53it/s, loss=0.0286]
                                                               
[PERF][val] samples(local/global)=8/8, batches(local/global)=4/4, samples/s(local/global)=43.1/43.1, ms/batch(local)=46.4, data_wait=5.1%, compute=94.9%, non_finite_skips(local)=0
[MEM] epoch=153 RAM(before/after)=1424.5/1432.7MB | GPU mem: gpu0 alloc=24.9MB resv=7092.0MB peak=5388.3MB
Epoch 153: train_loss=0.020828, val_loss=0.020988, lr=0.00010000

Epoch 154/200

train:   0%|          | 0/4 [00:00<?, ?it/s]
train:   0%|          | 0/4 [00:00<?, ?it/s, loss=0.0103]
train:  25%|██▌       | 1/4 [00:00<00:00,  6.23it/s, loss=0.0103]
train:  25%|██▌       | 1/4 [00:00<00:00,  6.23it/s, loss=0.0247]
train:  50%|█████     | 2/4 [00:00<00:00,  6.30it/s, loss=0.0247]
train:  50%|█████     | 2/4 [00:00<00:00,  6.30it/s, loss=0.0095]
train:  75%|███████▌  | 3/4 [00:00<00:00,  6.32it/s, loss=0.0095]
train:  75%|███████▌  | 3/4 [00:00<00:00,  6.32it/s, loss=0.0390]
train: 100%|██████████| 4/4 [00:00<00:00,  6.33it/s, loss=0.0390]
                                                                 
[PERF][train] samples(local/global)=8/8, batches(local/global)=4/4, samples/s(local/global)=12.6/12.6, ms/batch(local)=158.2, data_wait=2.0%, compute=98.0%, non_finite_skips(local)=0

val:   0%|          | 0/4 [00:00<?, ?it/s]
val:   0%|          | 0/4 [00:00<?, ?it/s, loss=0.0188]
val:   0%|          | 0/4 [00:00<?, ?it/s, loss=0.0171]
val:   0%|          | 0/4 [00:00<?, ?it/s, loss=0.0195]
val:  75%|███████▌  | 3/4 [00:00<00:00, 21.60it/s, loss=0.0195]
val:  75%|███████▌  | 3/4 [00:00<00:00, 21.60it/s, loss=0.0286]
                                                               
[PERF][val] samples(local/global)=8/8, batches(local/global)=4/4, samples/s(local/global)=43.2/43.2, ms/batch(local)=46.3, data_wait=4.7%, compute=95.2%, non_finite_skips(local)=0
[MEM] epoch=154 RAM(before/after)=1432.7/1432.7MB | GPU mem: gpu0 alloc=24.9MB resv=7092.0MB peak=5388.3MB
Epoch 154: train_loss=0.020859, val_loss=0.020969, lr=0.00010000
Updated best model: /home/nis/jinrui.yang/EaBNet_light/logs_cbam_flat_projection64/overfit8_epoch40_v2/best/best_model.pt (val_loss=0.020969)

Epoch 155/200

train:   0%|          | 0/4 [00:00<?, ?it/s]
train:   0%|          | 0/4 [00:00<?, ?it/s, loss=0.0154]
train:  25%|██▌       | 1/4 [00:00<00:00,  6.16it/s, loss=0.0154]
train:  25%|██▌       | 1/4 [00:00<00:00,  6.16it/s, loss=0.0110]
train:  50%|█████     | 2/4 [00:00<00:00,  6.28it/s, loss=0.0110]
train:  50%|█████     | 2/4 [00:00<00:00,  6.28it/s, loss=0.0179]
train:  75%|███████▌  | 3/4 [00:00<00:00,  6.31it/s, loss=0.0179]
train:  75%|███████▌  | 3/4 [00:00<00:00,  6.31it/s, loss=0.0389]
train: 100%|██████████| 4/4 [00:00<00:00,  6.33it/s, loss=0.0389]
                                                                 
[PERF][train] samples(local/global)=8/8, batches(local/global)=4/4, samples/s(local/global)=12.6/12.6, ms/batch(local)=158.7, data_wait=2.0%, compute=97.9%, non_finite_skips(local)=0

val:   0%|          | 0/4 [00:00<?, ?it/s]
val:   0%|          | 0/4 [00:00<?, ?it/s, loss=0.0187]
val:   0%|          | 0/4 [00:00<?, ?it/s, loss=0.0170]
val:   0%|          | 0/4 [00:00<?, ?it/s, loss=0.0194]
val:  75%|███████▌  | 3/4 [00:00<00:00, 21.68it/s, loss=0.0194]
val:  75%|███████▌  | 3/4 [00:00<00:00, 21.68it/s, loss=0.0285]
                                                               
[PERF][val] samples(local/global)=8/8, batches(local/global)=4/4, samples/s(local/global)=43.3/43.3, ms/batch(local)=46.2, data_wait=4.7%, compute=95.2%, non_finite_skips(local)=0
[MEM] epoch=155 RAM(before/after)=1432.7/1432.7MB | GPU mem: gpu0 alloc=24.9MB resv=7092.0MB peak=5388.3MB
Epoch 155: train_loss=0.020820, val_loss=0.020932, lr=0.00010000
Updated best model: /home/nis/jinrui.yang/EaBNet_light/logs_cbam_flat_projection64/overfit8_epoch40_v2/best/best_model.pt (val_loss=0.020932)

Epoch 156/200

train:   0%|          | 0/4 [00:00<?, ?it/s]
train:   0%|          | 0/4 [00:00<?, ?it/s, loss=0.0283]
train:  25%|██▌       | 1/4 [00:00<00:00,  6.21it/s, loss=0.0283]
train:  25%|██▌       | 1/4 [00:00<00:00,  6.21it/s, loss=0.0186]
train:  50%|█████     | 2/4 [00:00<00:00,  6.29it/s, loss=0.0186]
train:  50%|█████     | 2/4 [00:00<00:00,  6.29it/s, loss=0.0211]
train:  75%|███████▌  | 3/4 [00:00<00:00,  6.32it/s, loss=0.0211]
train:  75%|███████▌  | 3/4 [00:00<00:00,  6.32it/s, loss=0.0153]
train: 100%|██████████| 4/4 [00:00<00:00,  6.33it/s, loss=0.0153]
                                                                 
[PERF][train] samples(local/global)=8/8, batches(local/global)=4/4, samples/s(local/global)=12.6/12.6, ms/batch(local)=158.3, data_wait=1.8%, compute=98.1%, non_finite_skips(local)=0

val:   0%|          | 0/4 [00:00<?, ?it/s]
val:   0%|          | 0/4 [00:00<?, ?it/s, loss=0.0187]
val:   0%|          | 0/4 [00:00<?, ?it/s, loss=0.0170]
val:   0%|          | 0/4 [00:00<?, ?it/s, loss=0.0194]
val:  75%|███████▌  | 3/4 [00:00<00:00, 21.52it/s, loss=0.0194]
val:  75%|███████▌  | 3/4 [00:00<00:00, 21.52it/s, loss=0.0285]
                                                               
[PERF][val] samples(local/global)=8/8, batches(local/global)=4/4, samples/s(local/global)=43.0/43.0, ms/batch(local)=46.5, data_wait=5.1%, compute=94.9%, non_finite_skips(local)=0
[MEM] epoch=156 RAM(before/after)=1432.7/1432.7MB | GPU mem: gpu0 alloc=24.9MB resv=7092.0MB peak=5388.3MB
Epoch 156: train_loss=0.020824, val_loss=0.020911, lr=0.00010000
Updated best model: /home/nis/jinrui.yang/EaBNet_light/logs_cbam_flat_projection64/overfit8_epoch40_v2/best/best_model.pt (val_loss=0.020911)

Epoch 157/200

train:   0%|          | 0/4 [00:00<?, ?it/s]
train:   0%|          | 0/4 [00:00<?, ?it/s, loss=0.0170]
train:  25%|██▌       | 1/4 [00:00<00:00,  6.07it/s, loss=0.0170]
train:  25%|██▌       | 1/4 [00:00<00:00,  6.07it/s, loss=0.0230]
train:  50%|█████     | 2/4 [00:00<00:00,  6.23it/s, loss=0.0230]
train:  50%|█████     | 2/4 [00:00<00:00,  6.23it/s, loss=0.0388]
train:  75%|███████▌  | 3/4 [00:00<00:00,  6.28it/s, loss=0.0388]
train:  75%|███████▌  | 3/4 [00:00<00:00,  6.28it/s, loss=0.0045]
train: 100%|██████████| 4/4 [00:00<00:00,  6.31it/s, loss=0.0045]
                                                                 
[PERF][train] samples(local/global)=8/8, batches(local/global)=4/4, samples/s(local/global)=12.6/12.6, ms/batch(local)=159.4, data_wait=1.9%, compute=98.0%, non_finite_skips(local)=0

val:   0%|          | 0/4 [00:00<?, ?it/s]
val:   0%|          | 0/4 [00:00<?, ?it/s, loss=0.0187]
val:   0%|          | 0/4 [00:00<?, ?it/s, loss=0.0170]
val:   0%|          | 0/4 [00:00<?, ?it/s, loss=0.0194]
val:  75%|███████▌  | 3/4 [00:00<00:00, 21.66it/s, loss=0.0194]
val:  75%|███████▌  | 3/4 [00:00<00:00, 21.66it/s, loss=0.0285]
                                                               
[PERF][val] samples(local/global)=8/8, batches(local/global)=4/4, samples/s(local/global)=43.3/43.3, ms/batch(local)=46.2, data_wait=4.6%, compute=95.3%, non_finite_skips(local)=0
[MEM] epoch=157 RAM(before/after)=1432.7/1432.7MB | GPU mem: gpu0 alloc=24.9MB resv=7092.0MB peak=5388.3MB
Epoch 157: train_loss=0.020821, val_loss=0.020905, lr=0.00010000
Updated best model: /home/nis/jinrui.yang/EaBNet_light/logs_cbam_flat_projection64/overfit8_epoch40_v2/best/best_model.pt (val_loss=0.020905)

Epoch 158/200

train:   0%|          | 0/4 [00:00<?, ?it/s]
train:   0%|          | 0/4 [00:00<?, ?it/s, loss=0.0350]
train:  25%|██▌       | 1/4 [00:00<00:00,  6.23it/s, loss=0.0350]
train:  25%|██▌       | 1/4 [00:00<00:00,  6.23it/s, loss=0.0179]
train:  50%|█████     | 2/4 [00:00<00:00,  6.30it/s, loss=0.0179]
train:  50%|█████     | 2/4 [00:00<00:00,  6.30it/s, loss=0.0094]
train:  75%|███████▌  | 3/4 [00:00<00:00,  6.32it/s, loss=0.0094]
train:  75%|███████▌  | 3/4 [00:00<00:00,  6.32it/s, loss=0.0208]
train: 100%|██████████| 4/4 [00:00<00:00,  6.34it/s, loss=0.0208]
                                                                 
[PERF][train] samples(local/global)=8/8, batches(local/global)=4/4, samples/s(local/global)=12.6/12.6, ms/batch(local)=158.2, data_wait=1.8%, compute=98.1%, non_finite_skips(local)=0

val:   0%|          | 0/4 [00:00<?, ?it/s]
val:   0%|          | 0/4 [00:00<?, ?it/s, loss=0.0187]
val:   0%|          | 0/4 [00:00<?, ?it/s, loss=0.0170]
val:   0%|          | 0/4 [00:00<?, ?it/s, loss=0.0194]
val:  75%|███████▌  | 3/4 [00:00<00:00, 21.61it/s, loss=0.0194]
val:  75%|███████▌  | 3/4 [00:00<00:00, 21.61it/s, loss=0.0285]
                                                               
[PERF][val] samples(local/global)=8/8, batches(local/global)=4/4, samples/s(local/global)=43.1/43.1, ms/batch(local)=46.4, data_wait=4.4%, compute=95.2%, non_finite_skips(local)=0
[MEM] epoch=158 RAM(before/after)=1432.7/1423.9MB | GPU mem: gpu0 alloc=24.9MB resv=7092.0MB peak=5388.3MB
Epoch 158: train_loss=0.020767, val_loss=0.020882, lr=0.00010000
Updated best model: /home/nis/jinrui.yang/EaBNet_light/logs_cbam_flat_projection64/overfit8_epoch40_v2/best/best_model.pt (val_loss=0.020882)

Epoch 159/200

train:   0%|          | 0/4 [00:00<?, ?it/s]
train:   0%|          | 0/4 [00:00<?, ?it/s, loss=0.0207]
train:  25%|██▌       | 1/4 [00:00<00:00,  6.07it/s, loss=0.0207]
train:  25%|██▌       | 1/4 [00:00<00:00,  6.07it/s, loss=0.0045]
train:  50%|█████     | 2/4 [00:00<00:00,  6.23it/s, loss=0.0045]
train:  50%|█████     | 2/4 [00:00<00:00,  6.23it/s, loss=0.0350]
train:  75%|███████▌  | 3/4 [00:00<00:00,  6.28it/s, loss=0.0350]
train:  75%|███████▌  | 3/4 [00:00<00:00,  6.28it/s, loss=0.0230]
train: 100%|██████████| 4/4 [00:00<00:00,  6.30it/s, loss=0.0230]
                                                                 
[PERF][train] samples(local/global)=8/8, batches(local/global)=4/4, samples/s(local/global)=12.5/12.5, ms/batch(local)=159.6, data_wait=2.5%, compute=97.4%, non_finite_skips(local)=0

val:   0%|          | 0/4 [00:00<?, ?it/s]
val:   0%|          | 0/4 [00:00<?, ?it/s, loss=0.0187]
val:   0%|          | 0/4 [00:00<?, ?it/s, loss=0.0170]
val:   0%|          | 0/4 [00:00<?, ?it/s, loss=0.0194]
val:  75%|███████▌  | 3/4 [00:00<00:00, 21.40it/s, loss=0.0194]
val:  75%|███████▌  | 3/4 [00:00<00:00, 21.40it/s, loss=0.0285]
                                                               
[PERF][val] samples(local/global)=8/8, batches(local/global)=4/4, samples/s(local/global)=42.9/42.9, ms/batch(local)=46.6, data_wait=5.4%, compute=94.6%, non_finite_skips(local)=0
[MEM] epoch=159 RAM(before/after)=1423.9/1432.7MB | GPU mem: gpu0 alloc=24.9MB resv=7092.0MB peak=5388.3MB
Epoch 159: train_loss=0.020786, val_loss=0.020881, lr=0.00010000
Updated best model: /home/nis/jinrui.yang/EaBNet_light/logs_cbam_flat_projection64/overfit8_epoch40_v2/best/best_model.pt (val_loss=0.020881)

Epoch 160/200

train:   0%|          | 0/4 [00:00<?, ?it/s]
train:   0%|          | 0/4 [00:00<?, ?it/s, loss=0.0290]
train:  25%|██▌       | 1/4 [00:00<00:00,  6.18it/s, loss=0.0290]
train:  25%|██▌       | 1/4 [00:00<00:00,  6.18it/s, loss=0.0153]
train:  50%|█████     | 2/4 [00:00<00:00,  6.28it/s, loss=0.0153]
train:  50%|█████     | 2/4 [00:00<00:00,  6.28it/s, loss=0.0246]
train:  75%|███████▌  | 3/4 [00:00<00:00,  6.31it/s, loss=0.0246]
train:  75%|███████▌  | 3/4 [00:00<00:00,  6.31it/s, loss=0.0142]
train: 100%|██████████| 4/4 [00:00<00:00,  6.33it/s, loss=0.0142]
                                                                 
[PERF][train] samples(local/global)=8/8, batches(local/global)=4/4, samples/s(local/global)=12.6/12.6, ms/batch(local)=158.6, data_wait=2.0%, compute=98.0%, non_finite_skips(local)=0

val:   0%|          | 0/4 [00:00<?, ?it/s]
val:   0%|          | 0/4 [00:00<?, ?it/s, loss=0.0187]
val:   0%|          | 0/4 [00:00<?, ?it/s, loss=0.0170]
val:   0%|          | 0/4 [00:00<?, ?it/s, loss=0.0194]
val:  75%|███████▌  | 3/4 [00:00<00:00, 21.69it/s, loss=0.0194]
val:  75%|███████▌  | 3/4 [00:00<00:00, 21.69it/s, loss=0.0285]
                                                               
[PERF][val] samples(local/global)=8/8, batches(local/global)=4/4, samples/s(local/global)=43.2/43.2, ms/batch(local)=46.3, data_wait=4.3%, compute=95.4%, non_finite_skips(local)=0
[MEM] epoch=160 RAM(before/after)=1432.7/1423.9MB | GPU mem: gpu0 alloc=24.9MB resv=7092.0MB peak=5388.3MB
Epoch 160: train_loss=0.020776, val_loss=0.020890, lr=0.00010000

Epoch 161/200

train:   0%|          | 0/4 [00:00<?, ?it/s]
train:   0%|          | 0/4 [00:00<?, ?it/s, loss=0.0387]
train:  25%|██▌       | 1/4 [00:00<00:00,  6.22it/s, loss=0.0387]
train:  25%|██▌       | 1/4 [00:00<00:00,  6.22it/s, loss=0.0112]
train:  50%|█████     | 2/4 [00:00<00:00,  6.30it/s, loss=0.0112]
train:  50%|█████     | 2/4 [00:00<00:00,  6.30it/s, loss=0.0229]
train:  75%|███████▌  | 3/4 [00:00<00:00,  6.33it/s, loss=0.0229]
train:  75%|███████▌  | 3/4 [00:00<00:00,  6.33it/s, loss=0.0102]
train: 100%|██████████| 4/4 [00:00<00:00,  6.35it/s, loss=0.0102]
                                                                 
[PERF][train] samples(local/global)=8/8, batches(local/global)=4/4, samples/s(local/global)=12.7/12.7, ms/batch(local)=158.1, data_wait=1.9%, compute=98.0%, non_finite_skips(local)=0

val:   0%|          | 0/4 [00:00<?, ?it/s]
val:   0%|          | 0/4 [00:00<?, ?it/s, loss=0.0187]
val:   0%|          | 0/4 [00:00<?, ?it/s, loss=0.0169]
val:   0%|          | 0/4 [00:00<?, ?it/s, loss=0.0194]
val:  75%|███████▌  | 3/4 [00:00<00:00, 21.75it/s, loss=0.0194]
val:  75%|███████▌  | 3/4 [00:00<00:00, 21.75it/s, loss=0.0285]
                                                               
[PERF][val] samples(local/global)=8/8, batches(local/global)=4/4, samples/s(local/global)=43.4/43.4, ms/batch(local)=46.1, data_wait=4.3%, compute=95.5%, non_finite_skips(local)=0
[MEM] epoch=161 RAM(before/after)=1423.9/1423.9MB | GPU mem: gpu0 alloc=24.9MB resv=7092.0MB peak=5388.3MB
Epoch 161: train_loss=0.020774, val_loss=0.020895, lr=0.00010000

Epoch 162/200

train:   0%|          | 0/4 [00:00<?, ?it/s]
train:   0%|          | 0/4 [00:00<?, ?it/s, loss=0.0193]
train:  25%|██▌       | 1/4 [00:00<00:00,  6.11it/s, loss=0.0193]
train:  25%|██▌       | 1/4 [00:00<00:00,  6.11it/s, loss=0.0169]
train:  50%|█████     | 2/4 [00:00<00:00,  6.25it/s, loss=0.0169]
train:  50%|█████     | 2/4 [00:00<00:00,  6.25it/s, loss=0.0282]
train:  75%|███████▌  | 3/4 [00:00<00:00,  6.30it/s, loss=0.0282]
train:  75%|███████▌  | 3/4 [00:00<00:00,  6.30it/s, loss=0.0186]
train: 100%|██████████| 4/4 [00:00<00:00,  6.33it/s, loss=0.0186]
                                                                 
[PERF][train] samples(local/global)=8/8, batches(local/global)=4/4, samples/s(local/global)=12.6/12.6, ms/batch(local)=158.9, data_wait=2.1%, compute=97.8%, non_finite_skips(local)=0

val:   0%|          | 0/4 [00:00<?, ?it/s]
val:   0%|          | 0/4 [00:00<?, ?it/s, loss=0.0187]
val:   0%|          | 0/4 [00:00<?, ?it/s, loss=0.0169]
val:   0%|          | 0/4 [00:00<?, ?it/s, loss=0.0194]
val:  75%|███████▌  | 3/4 [00:00<00:00, 21.73it/s, loss=0.0194]
val:  75%|███████▌  | 3/4 [00:00<00:00, 21.73it/s, loss=0.0285]
                                                               
[PERF][val] samples(local/global)=8/8, batches(local/global)=4/4, samples/s(local/global)=43.4/43.4, ms/batch(local)=46.1, data_wait=4.2%, compute=95.6%, non_finite_skips(local)=0
[MEM] epoch=162 RAM(before/after)=1423.9/1423.9MB | GPU mem: gpu0 alloc=24.9MB resv=7092.0MB peak=5388.3MB
Epoch 162: train_loss=0.020757, val_loss=0.020864, lr=0.00010000
Updated best model: /home/nis/jinrui.yang/EaBNet_light/logs_cbam_flat_projection64/overfit8_epoch40_v2/best/best_model.pt (val_loss=0.020864)

Epoch 163/200

train:   0%|          | 0/4 [00:00<?, ?it/s]
train:   0%|          | 0/4 [00:00<?, ?it/s, loss=0.0282]
train:  25%|██▌       | 1/4 [00:00<00:00,  6.11it/s, loss=0.0282]
train:  25%|██▌       | 1/4 [00:00<00:00,  6.11it/s, loss=0.0206]
train:  50%|█████     | 2/4 [00:00<00:00,  6.24it/s, loss=0.0206]
train:  50%|█████     | 2/4 [00:00<00:00,  6.24it/s, loss=0.0112]
train:  75%|███████▌  | 3/4 [00:00<00:00,  6.30it/s, loss=0.0112]
train:  75%|███████▌  | 3/4 [00:00<00:00,  6.30it/s, loss=0.0229]
train: 100%|██████████| 4/4 [00:00<00:00,  6.33it/s, loss=0.0229]
                                                                 
[PERF][train] samples(local/global)=8/8, batches(local/global)=4/4, samples/s(local/global)=12.6/12.6, ms/batch(local)=159.0, data_wait=2.3%, compute=97.6%, non_finite_skips(local)=0

val:   0%|          | 0/4 [00:00<?, ?it/s]
val:   0%|          | 0/4 [00:00<?, ?it/s, loss=0.0187]
val:   0%|          | 0/4 [00:00<?, ?it/s, loss=0.0169]
val:   0%|          | 0/4 [00:00<?, ?it/s, loss=0.0193]
val:  75%|███████▌  | 3/4 [00:00<00:00, 21.40it/s, loss=0.0193]
val:  75%|███████▌  | 3/4 [00:00<00:00, 21.40it/s, loss=0.0284]
                                                               
[PERF][val] samples(local/global)=8/8, batches(local/global)=4/4, samples/s(local/global)=42.9/42.9, ms/batch(local)=46.6, data_wait=5.4%, compute=94.6%, non_finite_skips(local)=0
[MEM] epoch=163 RAM(before/after)=1423.9/1432.7MB | GPU mem: gpu0 alloc=24.9MB resv=7092.0MB peak=5388.3MB
Epoch 163: train_loss=0.020715, val_loss=0.020835, lr=0.00010000
Updated best model: /home/nis/jinrui.yang/EaBNet_light/logs_cbam_flat_projection64/overfit8_epoch40_v2/best/best_model.pt (val_loss=0.020835)

Epoch 164/200

train:   0%|          | 0/4 [00:00<?, ?it/s]
train:   0%|          | 0/4 [00:00<?, ?it/s, loss=0.0148]
train:  25%|██▌       | 1/4 [00:00<00:00,  6.25it/s, loss=0.0148]
train:  25%|██▌       | 1/4 [00:00<00:00,  6.25it/s, loss=0.0244]
train:  50%|█████     | 2/4 [00:00<00:00,  6.31it/s, loss=0.0244]
train:  50%|█████     | 2/4 [00:00<00:00,  6.31it/s, loss=0.0333]
train:  75%|███████▌  | 3/4 [00:00<00:00,  6.33it/s, loss=0.0333]
train:  75%|███████▌  | 3/4 [00:00<00:00,  6.33it/s, loss=0.0105]
train: 100%|██████████| 4/4 [00:00<00:00,  6.33it/s, loss=0.0105]
                                                                 
[PERF][train] samples(local/global)=8/8, batches(local/global)=4/4, samples/s(local/global)=12.6/12.6, ms/batch(local)=158.4, data_wait=2.1%, compute=97.7%, non_finite_skips(local)=0

val:   0%|          | 0/4 [00:00<?, ?it/s]
val:   0%|          | 0/4 [00:00<?, ?it/s, loss=0.0187]
val:   0%|          | 0/4 [00:00<?, ?it/s, loss=0.0169]
val:   0%|          | 0/4 [00:00<?, ?it/s, loss=0.0193]
val:  75%|███████▌  | 3/4 [00:00<00:00, 21.50it/s, loss=0.0193]
val:  75%|███████▌  | 3/4 [00:00<00:00, 21.50it/s, loss=0.0284]
                                                               
[PERF][val] samples(local/global)=8/8, batches(local/global)=4/4, samples/s(local/global)=43.0/43.0, ms/batch(local)=46.5, data_wait=5.3%, compute=94.7%, non_finite_skips(local)=0
[MEM] epoch=164 RAM(before/after)=1432.7/1432.7MB | GPU mem: gpu0 alloc=24.9MB resv=7092.0MB peak=5388.3MB
Epoch 164: train_loss=0.020758, val_loss=0.020841, lr=0.00010000

Epoch 165/200

train:   0%|          | 0/4 [00:00<?, ?it/s]
train:   0%|          | 0/4 [00:00<?, ?it/s, loss=0.0246]
train:  25%|██▌       | 1/4 [00:00<00:00,  6.24it/s, loss=0.0246]
train:  25%|██▌       | 1/4 [00:00<00:00,  6.24it/s, loss=0.0087]
train:  50%|█████     | 2/4 [00:00<00:00,  6.29it/s, loss=0.0087]
train:  50%|█████     | 2/4 [00:00<00:00,  6.29it/s, loss=0.0206]
train:  75%|███████▌  | 3/4 [00:00<00:00,  6.33it/s, loss=0.0206]
train:  75%|███████▌  | 3/4 [00:00<00:00,  6.33it/s, loss=0.0289]
train: 100%|██████████| 4/4 [00:00<00:00,  6.34it/s, loss=0.0289]
                                                                 
[PERF][train] samples(local/global)=8/8, batches(local/global)=4/4, samples/s(local/global)=12.6/12.6, ms/batch(local)=158.2, data_wait=2.0%, compute=97.9%, non_finite_skips(local)=0

val:   0%|          | 0/4 [00:00<?, ?it/s]
val:   0%|          | 0/4 [00:00<?, ?it/s, loss=0.0187]
val:   0%|          | 0/4 [00:00<?, ?it/s, loss=0.0169]
val:   0%|          | 0/4 [00:00<?, ?it/s, loss=0.0193]
val:  75%|███████▌  | 3/4 [00:00<00:00, 21.56it/s, loss=0.0193]
val:  75%|███████▌  | 3/4 [00:00<00:00, 21.56it/s, loss=0.0284]
                                                               
[PERF][val] samples(local/global)=8/8, batches(local/global)=4/4, samples/s(local/global)=43.0/43.0, ms/batch(local)=46.5, data_wait=5.2%, compute=94.8%, non_finite_skips(local)=0
[MEM] epoch=165 RAM(before/after)=1432.7/1432.7MB | GPU mem: gpu0 alloc=24.9MB resv=7092.0MB peak=5388.3MB
Epoch 165: train_loss=0.020671, val_loss=0.020825, lr=0.00010000
Updated best model: /home/nis/jinrui.yang/EaBNet_light/logs_cbam_flat_projection64/overfit8_epoch40_v2/best/best_model.pt (val_loss=0.020825)

Epoch 166/200

train:   0%|          | 0/4 [00:00<?, ?it/s]
train:   0%|          | 0/4 [00:00<?, ?it/s, loss=0.0102]
train:  25%|██▌       | 1/4 [00:00<00:00,  6.16it/s, loss=0.0102]
train:  25%|██▌       | 1/4 [00:00<00:00,  6.16it/s, loss=0.0186]
train:  50%|█████     | 2/4 [00:00<00:00,  6.27it/s, loss=0.0186]
train:  50%|█████     | 2/4 [00:00<00:00,  6.27it/s, loss=0.0192]
train:  75%|███████▌  | 3/4 [00:00<00:00,  6.30it/s, loss=0.0192]
train:  75%|███████▌  | 3/4 [00:00<00:00,  6.30it/s, loss=0.0348]
train: 100%|██████████| 4/4 [00:00<00:00,  6.31it/s, loss=0.0348]
                                                                 
[PERF][train] samples(local/global)=8/8, batches(local/global)=4/4, samples/s(local/global)=12.6/12.6, ms/batch(local)=159.1, data_wait=2.0%, compute=97.9%, non_finite_skips(local)=0

val:   0%|          | 0/4 [00:00<?, ?it/s]
val:   0%|          | 0/4 [00:00<?, ?it/s, loss=0.0186]
val:   0%|          | 0/4 [00:00<?, ?it/s, loss=0.0169]
val:   0%|          | 0/4 [00:00<?, ?it/s, loss=0.0193]
val:  75%|███████▌  | 3/4 [00:00<00:00, 21.35it/s, loss=0.0193]
val:  75%|███████▌  | 3/4 [00:00<00:00, 21.35it/s, loss=0.0284]
                                                               
[PERF][val] samples(local/global)=8/8, batches(local/global)=4/4, samples/s(local/global)=42.8/42.8, ms/batch(local)=46.7, data_wait=5.5%, compute=94.4%, non_finite_skips(local)=0
[MEM] epoch=166 RAM(before/after)=1432.7/1432.7MB | GPU mem: gpu0 alloc=24.9MB resv=7092.0MB peak=5388.3MB
Epoch 166: train_loss=0.020698, val_loss=0.020798, lr=0.00010000
Updated best model: /home/nis/jinrui.yang/EaBNet_light/logs_cbam_flat_projection64/overfit8_epoch40_v2/best/best_model.pt (val_loss=0.020798)

Epoch 167/200

train:   0%|          | 0/4 [00:00<?, ?it/s]
train:   0%|          | 0/4 [00:00<?, ?it/s, loss=0.0209]
train:  25%|██▌       | 1/4 [00:00<00:00,  6.15it/s, loss=0.0209]
train:  25%|██▌       | 1/4 [00:00<00:00,  6.15it/s, loss=0.0152]
train:  50%|█████     | 2/4 [00:00<00:00,  6.27it/s, loss=0.0152]
train:  50%|█████     | 2/4 [00:00<00:00,  6.27it/s, loss=0.0425]
train:  75%|███████▌  | 3/4 [00:00<00:00,  6.31it/s, loss=0.0425]
train:  75%|███████▌  | 3/4 [00:00<00:00,  6.31it/s, loss=0.0045]
train: 100%|██████████| 4/4 [00:00<00:00,  6.34it/s, loss=0.0045]
                                                                 
[PERF][train] samples(local/global)=8/8, batches(local/global)=4/4, samples/s(local/global)=12.6/12.6, ms/batch(local)=158.6, data_wait=1.8%, compute=98.1%, non_finite_skips(local)=0

val:   0%|          | 0/4 [00:00<?, ?it/s]
val:   0%|          | 0/4 [00:00<?, ?it/s, loss=0.0187]
val:   0%|          | 0/4 [00:00<?, ?it/s, loss=0.0169]
val:   0%|          | 0/4 [00:00<?, ?it/s, loss=0.0193]
val:  75%|███████▌  | 3/4 [00:00<00:00, 21.39it/s, loss=0.0193]
val:  75%|███████▌  | 3/4 [00:00<00:00, 21.39it/s, loss=0.0284]
                                                               
[PERF][val] samples(local/global)=8/8, batches(local/global)=4/4, samples/s(local/global)=42.9/42.9, ms/batch(local)=46.6, data_wait=5.3%, compute=94.7%, non_finite_skips(local)=0
[MEM] epoch=167 RAM(before/after)=1432.7/1432.7MB | GPU mem: gpu0 alloc=24.9MB resv=7092.0MB peak=5388.3MB
Epoch 167: train_loss=0.020757, val_loss=0.020807, lr=0.00010000

Epoch 168/200

train:   0%|          | 0/4 [00:00<?, ?it/s]
train:   0%|          | 0/4 [00:00<?, ?it/s, loss=0.0209]
train:  25%|██▌       | 1/4 [00:00<00:00,  6.23it/s, loss=0.0209]
train:  25%|██▌       | 1/4 [00:00<00:00,  6.23it/s, loss=0.0228]
train:  50%|█████     | 2/4 [00:00<00:00,  6.30it/s, loss=0.0228]
train:  50%|█████     | 2/4 [00:00<00:00,  6.30it/s, loss=0.0347]
train:  75%|███████▌  | 3/4 [00:00<00:00,  6.31it/s, loss=0.0347]
train:  75%|███████▌  | 3/4 [00:00<00:00,  6.31it/s, loss=0.0045]
train: 100%|██████████| 4/4 [00:00<00:00,  6.32it/s, loss=0.0045]
                                                                 
[PERF][train] samples(local/global)=8/8, batches(local/global)=4/4, samples/s(local/global)=12.6/12.6, ms/batch(local)=158.5, data_wait=2.1%, compute=97.8%, non_finite_skips(local)=0

val:   0%|          | 0/4 [00:00<?, ?it/s]
val:   0%|          | 0/4 [00:00<?, ?it/s, loss=0.0186]
val:   0%|          | 0/4 [00:00<?, ?it/s, loss=0.0168]
val:   0%|          | 0/4 [00:00<?, ?it/s, loss=0.0193]
val:  75%|███████▌  | 3/4 [00:00<00:00, 21.59it/s, loss=0.0193]
val:  75%|███████▌  | 3/4 [00:00<00:00, 21.59it/s, loss=0.0284]
                                                               
[PERF][val] samples(local/global)=8/8, batches(local/global)=4/4, samples/s(local/global)=43.0/43.0, ms/batch(local)=46.5, data_wait=4.7%, compute=95.3%, non_finite_skips(local)=0
[MEM] epoch=168 RAM(before/after)=1432.7/1432.7MB | GPU mem: gpu0 alloc=24.9MB resv=7092.0MB peak=5388.3MB
Epoch 168: train_loss=0.020714, val_loss=0.020779, lr=0.00010000
Updated best model: /home/nis/jinrui.yang/EaBNet_light/logs_cbam_flat_projection64/overfit8_epoch40_v2/best/best_model.pt (val_loss=0.020779)

Epoch 169/200

train:   0%|          | 0/4 [00:00<?, ?it/s]
train:   0%|          | 0/4 [00:00<?, ?it/s, loss=0.0288]
train:  25%|██▌       | 1/4 [00:00<00:00,  6.18it/s, loss=0.0288]
train:  25%|██▌       | 1/4 [00:00<00:00,  6.18it/s, loss=0.0284]
train:  50%|█████     | 2/4 [00:00<00:00,  6.28it/s, loss=0.0284]
train:  50%|█████     | 2/4 [00:00<00:00,  6.28it/s, loss=0.0153]
train:  75%|███████▌  | 3/4 [00:00<00:00,  6.31it/s, loss=0.0153]
train:  75%|███████▌  | 3/4 [00:00<00:00,  6.31it/s, loss=0.0102]
train: 100%|██████████| 4/4 [00:00<00:00,  6.32it/s, loss=0.0102]
                                                                 
[PERF][train] samples(local/global)=8/8, batches(local/global)=4/4, samples/s(local/global)=12.6/12.6, ms/batch(local)=158.7, data_wait=1.9%, compute=98.0%, non_finite_skips(local)=0

val:   0%|          | 0/4 [00:00<?, ?it/s]
val:   0%|          | 0/4 [00:00<?, ?it/s, loss=0.0186]
val:   0%|          | 0/4 [00:00<?, ?it/s, loss=0.0168]
val:   0%|          | 0/4 [00:00<?, ?it/s, loss=0.0193]
val:  75%|███████▌  | 3/4 [00:00<00:00, 21.70it/s, loss=0.0193]
val:  75%|███████▌  | 3/4 [00:00<00:00, 21.70it/s, loss=0.0283]
                                                               
[PERF][val] samples(local/global)=8/8, batches(local/global)=4/4, samples/s(local/global)=43.3/43.3, ms/batch(local)=46.2, data_wait=4.6%, compute=95.3%, non_finite_skips(local)=0
[MEM] epoch=169 RAM(before/after)=1432.7/1432.7MB | GPU mem: gpu0 alloc=24.9MB resv=7092.0MB peak=5388.3MB
Epoch 169: train_loss=0.020679, val_loss=0.020764, lr=0.00010000
Updated best model: /home/nis/jinrui.yang/EaBNet_light/logs_cbam_flat_projection64/overfit8_epoch40_v2/best/best_model.pt (val_loss=0.020764)

Epoch 170/200

train:   0%|          | 0/4 [00:00<?, ?it/s]
train:   0%|          | 0/4 [00:00<?, ?it/s, loss=0.0424]
train:  25%|██▌       | 1/4 [00:00<00:00,  6.02it/s, loss=0.0424]
train:  25%|██▌       | 1/4 [00:00<00:00,  6.02it/s, loss=0.0093]
train:  50%|█████     | 2/4 [00:00<00:00,  6.23it/s, loss=0.0093]
train:  50%|█████     | 2/4 [00:00<00:00,  6.23it/s, loss=0.0169]
train:  75%|███████▌  | 3/4 [00:00<00:00,  6.30it/s, loss=0.0169]
train:  75%|███████▌  | 3/4 [00:00<00:00,  6.30it/s, loss=0.0141]
train: 100%|██████████| 4/4 [00:00<00:00,  6.32it/s, loss=0.0141]
                                                                 
[PERF][train] samples(local/global)=8/8, batches(local/global)=4/4, samples/s(local/global)=12.6/12.6, ms/batch(local)=159.4, data_wait=1.8%, compute=98.1%, non_finite_skips(local)=0

val:   0%|          | 0/4 [00:00<?, ?it/s]
val:   0%|          | 0/4 [00:00<?, ?it/s, loss=0.0186]
val:   0%|          | 0/4 [00:00<?, ?it/s, loss=0.0168]
val:   0%|          | 0/4 [00:00<?, ?it/s, loss=0.0192]
val:  75%|███████▌  | 3/4 [00:00<00:00, 21.69it/s, loss=0.0192]
val:  75%|███████▌  | 3/4 [00:00<00:00, 21.69it/s, loss=0.0284]
                                                               
[PERF][val] samples(local/global)=8/8, batches(local/global)=4/4, samples/s(local/global)=43.3/43.3, ms/batch(local)=46.2, data_wait=4.3%, compute=95.4%, non_finite_skips(local)=0
[MEM] epoch=170 RAM(before/after)=1432.7/1423.9MB | GPU mem: gpu0 alloc=24.9MB resv=7092.0MB peak=5388.3MB
Epoch 170: train_loss=0.020680, val_loss=0.020765, lr=0.00010000

Epoch 171/200

train:   0%|          | 0/4 [00:00<?, ?it/s]
train:   0%|          | 0/4 [00:00<?, ?it/s, loss=0.0284]
train:  25%|██▌       | 1/4 [00:00<00:00,  6.19it/s, loss=0.0284]
train:  25%|██▌       | 1/4 [00:00<00:00,  6.19it/s, loss=0.0151]
train:  50%|█████     | 2/4 [00:00<00:00,  6.26it/s, loss=0.0151]
train:  50%|█████     | 2/4 [00:00<00:00,  6.26it/s, loss=0.0105]
train:  75%|███████▌  | 3/4 [00:00<00:00,  6.28it/s, loss=0.0105]
train:  75%|███████▌  | 3/4 [00:00<00:00,  6.28it/s, loss=0.0288]
train: 100%|██████████| 4/4 [00:00<00:00,  6.31it/s, loss=0.0288]
                                                                 
[PERF][train] samples(local/global)=8/8, batches(local/global)=4/4, samples/s(local/global)=12.6/12.6, ms/batch(local)=159.0, data_wait=2.4%, compute=97.5%, non_finite_skips(local)=0

val:   0%|          | 0/4 [00:00<?, ?it/s]
val:   0%|          | 0/4 [00:00<?, ?it/s, loss=0.0187]
val:   0%|          | 0/4 [00:00<?, ?it/s, loss=0.0168]
val:   0%|          | 0/4 [00:00<?, ?it/s, loss=0.0193]
val:  75%|███████▌  | 3/4 [00:00<00:00, 21.68it/s, loss=0.0193]
val:  75%|███████▌  | 3/4 [00:00<00:00, 21.68it/s, loss=0.0284]
                                                               
[PERF][val] samples(local/global)=8/8, batches(local/global)=4/4, samples/s(local/global)=43.3/43.3, ms/batch(local)=46.2, data_wait=4.2%, compute=95.6%, non_finite_skips(local)=0
[MEM] epoch=171 RAM(before/after)=1423.9/1423.9MB | GPU mem: gpu0 alloc=24.9MB resv=7092.0MB peak=5388.3MB
Epoch 171: train_loss=0.020678, val_loss=0.020786, lr=0.00010000

Epoch 172/200

train:   0%|          | 0/4 [00:00<?, ?it/s]
train:   0%|          | 0/4 [00:00<?, ?it/s, loss=0.0423]
train:  25%|██▌       | 1/4 [00:00<00:00,  6.10it/s, loss=0.0423]
train:  25%|██▌       | 1/4 [00:00<00:00,  6.10it/s, loss=0.0045]
train:  50%|█████     | 2/4 [00:00<00:00,  6.22it/s, loss=0.0045]
train:  50%|█████     | 2/4 [00:00<00:00,  6.22it/s, loss=0.0191]
train:  75%|███████▌  | 3/4 [00:00<00:00,  6.29it/s, loss=0.0191]
train:  75%|███████▌  | 3/4 [00:00<00:00,  6.29it/s, loss=0.0168]
train: 100%|██████████| 4/4 [00:00<00:00,  6.32it/s, loss=0.0168]
                                                                 
[PERF][train] samples(local/global)=8/8, batches(local/global)=4/4, samples/s(local/global)=12.6/12.6, ms/batch(local)=159.3, data_wait=2.3%, compute=97.6%, non_finite_skips(local)=0

val:   0%|          | 0/4 [00:00<?, ?it/s]
val:   0%|          | 0/4 [00:00<?, ?it/s, loss=0.0187]
val:   0%|          | 0/4 [00:00<?, ?it/s, loss=0.0168]
val:   0%|          | 0/4 [00:00<?, ?it/s, loss=0.0192]
val:  75%|███████▌  | 3/4 [00:00<00:00, 21.54it/s, loss=0.0192]
val:  75%|███████▌  | 3/4 [00:00<00:00, 21.54it/s, loss=0.0284]
                                                               
[PERF][val] samples(local/global)=8/8, batches(local/global)=4/4, samples/s(local/global)=43.1/43.1, ms/batch(local)=46.4, data_wait=4.8%, compute=95.2%, non_finite_skips(local)=0
[MEM] epoch=172 RAM(before/after)=1423.9/1432.7MB | GPU mem: gpu0 alloc=24.9MB resv=7092.0MB peak=5388.3MB
Epoch 172: train_loss=0.020676, val_loss=0.020769, lr=0.00010000

Epoch 173/200

train:   0%|          | 0/4 [00:00<?, ?it/s]
train:   0%|          | 0/4 [00:00<?, ?it/s, loss=0.0191]
train:  25%|██▌       | 1/4 [00:00<00:00,  6.36it/s, loss=0.0191]
train:  25%|██▌       | 1/4 [00:00<00:00,  6.36it/s, loss=0.0245]
train:  50%|█████     | 2/4 [00:00<00:00,  6.36it/s, loss=0.0245]
train:  50%|█████     | 2/4 [00:00<00:00,  6.36it/s, loss=0.0345]
train:  75%|███████▌  | 3/4 [00:00<00:00,  6.35it/s, loss=0.0345]
train:  75%|███████▌  | 3/4 [00:00<00:00,  6.35it/s, loss=0.0044]
train: 100%|██████████| 4/4 [00:00<00:00,  6.35it/s, loss=0.0044]
                                                                 
[PERF][train] samples(local/global)=8/8, batches(local/global)=4/4, samples/s(local/global)=12.7/12.7, ms/batch(local)=157.4, data_wait=1.6%, compute=98.3%, non_finite_skips(local)=0

val:   0%|          | 0/4 [00:00<?, ?it/s]
val:   0%|          | 0/4 [00:00<?, ?it/s, loss=0.0187]
val:   0%|          | 0/4 [00:00<?, ?it/s, loss=0.0168]
val:   0%|          | 0/4 [00:00<?, ?it/s, loss=0.0192]
val:  75%|███████▌  | 3/4 [00:00<00:00, 21.64it/s, loss=0.0192]
val:  75%|███████▌  | 3/4 [00:00<00:00, 21.64it/s, loss=0.0283]
                                                               
[PERF][val] samples(local/global)=8/8, batches(local/global)=4/4, samples/s(local/global)=43.3/43.3, ms/batch(local)=46.2, data_wait=4.4%, compute=95.5%, non_finite_skips(local)=0
[MEM] epoch=173 RAM(before/after)=1432.7/1432.7MB | GPU mem: gpu0 alloc=24.9MB resv=7092.0MB peak=5388.3MB
Epoch 173: train_loss=0.020639, val_loss=0.020754, lr=0.00010000
Updated best model: /home/nis/jinrui.yang/EaBNet_light/logs_cbam_flat_projection64/overfit8_epoch40_v2/best/best_model.pt (val_loss=0.020754)

Epoch 174/200

train:   0%|          | 0/4 [00:00<?, ?it/s]
train:   0%|          | 0/4 [00:00<?, ?it/s, loss=0.0101]
train:  25%|██▌       | 1/4 [00:00<00:00,  6.26it/s, loss=0.0101]
train:  25%|██▌       | 1/4 [00:00<00:00,  6.26it/s, loss=0.0228]
train:  50%|█████     | 2/4 [00:00<00:00,  6.31it/s, loss=0.0228]
train:  50%|█████     | 2/4 [00:00<00:00,  6.31it/s, loss=0.0208]
train:  75%|███████▌  | 3/4 [00:00<00:00,  6.32it/s, loss=0.0208]
train:  75%|███████▌  | 3/4 [00:00<00:00,  6.32it/s, loss=0.0287]
train: 100%|██████████| 4/4 [00:00<00:00,  6.34it/s, loss=0.0287]
                                                                 
[PERF][train] samples(local/global)=8/8, batches(local/global)=4/4, samples/s(local/global)=12.6/12.6, ms/batch(local)=158.2, data_wait=1.9%, compute=98.0%, non_finite_skips(local)=0

val:   0%|          | 0/4 [00:00<?, ?it/s]
val:   0%|          | 0/4 [00:00<?, ?it/s, loss=0.0187]
val:   0%|          | 0/4 [00:00<?, ?it/s, loss=0.0168]
val:   0%|          | 0/4 [00:00<?, ?it/s, loss=0.0192]
val:  75%|███████▌  | 3/4 [00:00<00:00, 21.64it/s, loss=0.0192]
val:  75%|███████▌  | 3/4 [00:00<00:00, 21.64it/s, loss=0.0284]
                                                               
[PERF][val] samples(local/global)=8/8, batches(local/global)=4/4, samples/s(local/global)=43.2/43.2, ms/batch(local)=46.3, data_wait=4.7%, compute=95.2%, non_finite_skips(local)=0
[MEM] epoch=174 RAM(before/after)=1432.7/1432.7MB | GPU mem: gpu0 alloc=24.9MB resv=7092.0MB peak=5388.3MB
Epoch 174: train_loss=0.020598, val_loss=0.020752, lr=0.00010000
Updated best model: /home/nis/jinrui.yang/EaBNet_light/logs_cbam_flat_projection64/overfit8_epoch40_v2/best/best_model.pt (val_loss=0.020752)

Epoch 175/200

train:   0%|          | 0/4 [00:00<?, ?it/s]
train:   0%|          | 0/4 [00:00<?, ?it/s, loss=0.0243]
train:  25%|██▌       | 1/4 [00:00<00:00,  6.18it/s, loss=0.0243]
train:  25%|██▌       | 1/4 [00:00<00:00,  6.18it/s, loss=0.0287]
train:  50%|█████     | 2/4 [00:00<00:00,  6.27it/s, loss=0.0287]
train:  50%|█████     | 2/4 [00:00<00:00,  6.27it/s, loss=0.0141]
train:  75%|███████▌  | 3/4 [00:00<00:00,  6.30it/s, loss=0.0141]
train:  75%|███████▌  | 3/4 [00:00<00:00,  6.30it/s, loss=0.0152]
train: 100%|██████████| 4/4 [00:00<00:00,  6.32it/s, loss=0.0152]
                                                                 
[PERF][train] samples(local/global)=8/8, batches(local/global)=4/4, samples/s(local/global)=12.6/12.6, ms/batch(local)=158.8, data_wait=1.9%, compute=98.1%, non_finite_skips(local)=0

val:   0%|          | 0/4 [00:00<?, ?it/s]
val:   0%|          | 0/4 [00:00<?, ?it/s, loss=0.0186]
val:   0%|          | 0/4 [00:00<?, ?it/s, loss=0.0168]
val:   0%|          | 0/4 [00:00<?, ?it/s, loss=0.0192]
val:  75%|███████▌  | 3/4 [00:00<00:00, 21.65it/s, loss=0.0192]
val:  75%|███████▌  | 3/4 [00:00<00:00, 21.65it/s, loss=0.0283]
                                                               
[PERF][val] samples(local/global)=8/8, batches(local/global)=4/4, samples/s(local/global)=43.2/43.2, ms/batch(local)=46.3, data_wait=4.3%, compute=95.3%, non_finite_skips(local)=0
[MEM] epoch=175 RAM(before/after)=1432.7/1423.9MB | GPU mem: gpu0 alloc=24.9MB resv=7092.0MB peak=5388.3MB
Epoch 175: train_loss=0.020572, val_loss=0.020716, lr=0.00010000
Updated best model: /home/nis/jinrui.yang/EaBNet_light/logs_cbam_flat_projection64/overfit8_epoch40_v2/best/best_model.pt (val_loss=0.020716)

Epoch 176/200

train:   0%|          | 0/4 [00:00<?, ?it/s]
train:   0%|          | 0/4 [00:00<?, ?it/s, loss=0.0283]
train:  25%|██▌       | 1/4 [00:00<00:00,  6.12it/s, loss=0.0283]
train:  25%|██▌       | 1/4 [00:00<00:00,  6.12it/s, loss=0.0086]
train:  50%|█████     | 2/4 [00:00<00:00,  6.23it/s, loss=0.0086]
train:  50%|█████     | 2/4 [00:00<00:00,  6.23it/s, loss=0.0109]
train:  75%|███████▌  | 3/4 [00:00<00:00,  6.28it/s, loss=0.0109]
train:  75%|███████▌  | 3/4 [00:00<00:00,  6.28it/s, loss=0.0346]
train: 100%|██████████| 4/4 [00:00<00:00,  6.31it/s, loss=0.0346]
                                                                 
[PERF][train] samples(local/global)=8/8, batches(local/global)=4/4, samples/s(local/global)=12.6/12.6, ms/batch(local)=159.3, data_wait=2.3%, compute=97.6%, non_finite_skips(local)=0

val:   0%|          | 0/4 [00:00<?, ?it/s]
val:   0%|          | 0/4 [00:00<?, ?it/s, loss=0.0186]
val:   0%|          | 0/4 [00:00<?, ?it/s, loss=0.0167]
val:   0%|          | 0/4 [00:00<?, ?it/s, loss=0.0192]
val:  75%|███████▌  | 3/4 [00:00<00:00, 21.51it/s, loss=0.0192]
val:  75%|███████▌  | 3/4 [00:00<00:00, 21.51it/s, loss=0.0282]
                                                               
[PERF][val] samples(local/global)=8/8, batches(local/global)=4/4, samples/s(local/global)=43.1/43.1, ms/batch(local)=46.4, data_wait=4.9%, compute=95.0%, non_finite_skips(local)=0
[MEM] epoch=176 RAM(before/after)=1423.9/1432.7MB | GPU mem: gpu0 alloc=24.9MB resv=7092.0MB peak=5388.3MB
Epoch 176: train_loss=0.020593, val_loss=0.020700, lr=0.00010000
Updated best model: /home/nis/jinrui.yang/EaBNet_light/logs_cbam_flat_projection64/overfit8_epoch40_v2/best/best_model.pt (val_loss=0.020700)

Epoch 177/200

train:   0%|          | 0/4 [00:00<?, ?it/s]
train:   0%|          | 0/4 [00:00<?, ?it/s, loss=0.0140]
train:  25%|██▌       | 1/4 [00:00<00:00,  6.15it/s, loss=0.0140]
train:  25%|██▌       | 1/4 [00:00<00:00,  6.15it/s, loss=0.0150]
train:  50%|█████     | 2/4 [00:00<00:00,  6.26it/s, loss=0.0150]
train:  50%|█████     | 2/4 [00:00<00:00,  6.26it/s, loss=0.0346]
train:  75%|███████▌  | 3/4 [00:00<00:00,  6.30it/s, loss=0.0346]
train:  75%|███████▌  | 3/4 [00:00<00:00,  6.30it/s, loss=0.0185]
train: 100%|██████████| 4/4 [00:00<00:00,  6.32it/s, loss=0.0185]
                                                                 
[PERF][train] samples(local/global)=8/8, batches(local/global)=4/4, samples/s(local/global)=12.6/12.6, ms/batch(local)=158.8, data_wait=1.9%, compute=98.1%, non_finite_skips(local)=0

val:   0%|          | 0/4 [00:00<?, ?it/s]
val:   0%|          | 0/4 [00:00<?, ?it/s, loss=0.0186]
val:   0%|          | 0/4 [00:00<?, ?it/s, loss=0.0167]
val:   0%|          | 0/4 [00:00<?, ?it/s, loss=0.0192]
val:  75%|███████▌  | 3/4 [00:00<00:00, 21.67it/s, loss=0.0192]
val:  75%|███████▌  | 3/4 [00:00<00:00, 21.67it/s, loss=0.0282]
                                                               
[PERF][val] samples(local/global)=8/8, batches(local/global)=4/4, samples/s(local/global)=43.4/43.4, ms/batch(local)=46.1, data_wait=4.5%, compute=95.5%, non_finite_skips(local)=0
[MEM] epoch=177 RAM(before/after)=1432.7/1432.7MB | GPU mem: gpu0 alloc=24.9MB resv=7092.0MB peak=5388.3MB
Epoch 177: train_loss=0.020556, val_loss=0.020691, lr=0.00010000
Updated best model: /home/nis/jinrui.yang/EaBNet_light/logs_cbam_flat_projection64/overfit8_epoch40_v2/best/best_model.pt (val_loss=0.020691)

Epoch 178/200

train:   0%|          | 0/4 [00:00<?, ?it/s]
train:   0%|          | 0/4 [00:00<?, ?it/s, loss=0.0093]
train:  25%|██▌       | 1/4 [00:00<00:00,  6.27it/s, loss=0.0093]
train:  25%|██▌       | 1/4 [00:00<00:00,  6.27it/s, loss=0.0422]
train:  50%|█████     | 2/4 [00:00<00:00,  6.32it/s, loss=0.0422]
train:  50%|█████     | 2/4 [00:00<00:00,  6.32it/s, loss=0.0167]
train:  75%|███████▌  | 3/4 [00:00<00:00,  6.33it/s, loss=0.0167]
train:  75%|███████▌  | 3/4 [00:00<00:00,  6.33it/s, loss=0.0140]
train: 100%|██████████| 4/4 [00:00<00:00,  6.34it/s, loss=0.0140]
                                                                 
[PERF][train] samples(local/global)=8/8, batches(local/global)=4/4, samples/s(local/global)=12.7/12.7, ms/batch(local)=158.0, data_wait=1.9%, compute=98.0%, non_finite_skips(local)=0

val:   0%|          | 0/4 [00:00<?, ?it/s]
val:   0%|          | 0/4 [00:00<?, ?it/s, loss=0.0186]
val:   0%|          | 0/4 [00:00<?, ?it/s, loss=0.0167]
val:   0%|          | 0/4 [00:00<?, ?it/s, loss=0.0192]
val:  75%|███████▌  | 3/4 [00:00<00:00, 21.62it/s, loss=0.0192]
val:  75%|███████▌  | 3/4 [00:00<00:00, 21.62it/s, loss=0.0283]
                                                               
[PERF][val] samples(local/global)=8/8, batches(local/global)=4/4, samples/s(local/global)=43.2/43.2, ms/batch(local)=46.3, data_wait=4.6%, compute=95.4%, non_finite_skips(local)=0
[MEM] epoch=178 RAM(before/after)=1432.7/1432.7MB | GPU mem: gpu0 alloc=24.9MB resv=7092.0MB peak=5388.3MB
Epoch 178: train_loss=0.020561, val_loss=0.020709, lr=0.00010000

Epoch 179/200

train:   0%|          | 0/4 [00:00<?, ?it/s]
train:   0%|          | 0/4 [00:00<?, ?it/s, loss=0.0244]
train:  25%|██▌       | 1/4 [00:00<00:00,  6.24it/s, loss=0.0244]
train:  25%|██▌       | 1/4 [00:00<00:00,  6.24it/s, loss=0.0280]
train:  50%|█████     | 2/4 [00:00<00:00,  6.31it/s, loss=0.0280]
train:  50%|█████     | 2/4 [00:00<00:00,  6.31it/s, loss=0.0093]
train:  75%|███████▌  | 3/4 [00:00<00:00,  6.33it/s, loss=0.0093]
train:  75%|███████▌  | 3/4 [00:00<00:00,  6.33it/s, loss=0.0204]
train: 100%|██████████| 4/4 [00:00<00:00,  6.32it/s, loss=0.0204]
                                                                 
[PERF][train] samples(local/global)=8/8, batches(local/global)=4/4, samples/s(local/global)=12.6/12.6, ms/batch(local)=158.6, data_wait=2.1%, compute=97.8%, non_finite_skips(local)=0

val:   0%|          | 0/4 [00:00<?, ?it/s]
val:   0%|          | 0/4 [00:00<?, ?it/s, loss=0.0186]
val:   0%|          | 0/4 [00:00<?, ?it/s, loss=0.0167]
val:   0%|          | 0/4 [00:00<?, ?it/s, loss=0.0191]
val:  75%|███████▌  | 3/4 [00:00<00:00, 21.46it/s, loss=0.0191]
val:  75%|███████▌  | 3/4 [00:00<00:00, 21.46it/s, loss=0.0282]
                                                               
[PERF][val] samples(local/global)=8/8, batches(local/global)=4/4, samples/s(local/global)=43.0/43.0, ms/batch(local)=46.5, data_wait=5.2%, compute=94.8%, non_finite_skips(local)=0
[MEM] epoch=179 RAM(before/after)=1432.7/1432.7MB | GPU mem: gpu0 alloc=24.9MB resv=7092.0MB peak=5388.3MB
Epoch 179: train_loss=0.020509, val_loss=0.020674, lr=0.00010000
Updated best model: /home/nis/jinrui.yang/EaBNet_light/logs_cbam_flat_projection64/overfit8_epoch40_v2/best/best_model.pt (val_loss=0.020674)

Epoch 180/200

train:   0%|          | 0/4 [00:00<?, ?it/s]
train:   0%|          | 0/4 [00:00<?, ?it/s, loss=0.0384]
train:  25%|██▌       | 1/4 [00:00<00:00,  6.19it/s, loss=0.0384]
train:  25%|██▌       | 1/4 [00:00<00:00,  6.19it/s, loss=0.0244]
train:  50%|█████     | 2/4 [00:00<00:00,  6.27it/s, loss=0.0244]
train:  50%|█████     | 2/4 [00:00<00:00,  6.27it/s, loss=0.0150]
train:  75%|███████▌  | 3/4 [00:00<00:00,  6.31it/s, loss=0.0150]
train:  75%|███████▌  | 3/4 [00:00<00:00,  6.31it/s, loss=0.0044]
train: 100%|██████████| 4/4 [00:00<00:00,  6.33it/s, loss=0.0044]
                                                                 
[PERF][train] samples(local/global)=8/8, batches(local/global)=4/4, samples/s(local/global)=12.6/12.6, ms/batch(local)=158.7, data_wait=1.8%, compute=98.1%, non_finite_skips(local)=0

val:   0%|          | 0/4 [00:00<?, ?it/s]
val:   0%|          | 0/4 [00:00<?, ?it/s, loss=0.0186]
val:   0%|          | 0/4 [00:00<?, ?it/s, loss=0.0167]
val:   0%|          | 0/4 [00:00<?, ?it/s, loss=0.0191]
val:  75%|███████▌  | 3/4 [00:00<00:00, 21.45it/s, loss=0.0191]
val:  75%|███████▌  | 3/4 [00:00<00:00, 21.45it/s, loss=0.0282]
                                                               
[PERF][val] samples(local/global)=8/8, batches(local/global)=4/4, samples/s(local/global)=43.0/43.0, ms/batch(local)=46.6, data_wait=5.2%, compute=94.8%, non_finite_skips(local)=0
[MEM] epoch=180 RAM(before/after)=1432.7/1432.7MB | GPU mem: gpu0 alloc=24.9MB resv=7092.0MB peak=5388.3MB
Epoch 180: train_loss=0.020563, val_loss=0.020650, lr=0.00010000
Updated best model: /home/nis/jinrui.yang/EaBNet_light/logs_cbam_flat_projection64/overfit8_epoch40_v2/best/best_model.pt (val_loss=0.020650)

Epoch 181/200

train:   0%|          | 0/4 [00:00<?, ?it/s]
train:   0%|          | 0/4 [00:00<?, ?it/s, loss=0.0206]
train:  25%|██▌       | 1/4 [00:00<00:00,  6.18it/s, loss=0.0206]
train:  25%|██▌       | 1/4 [00:00<00:00,  6.18it/s, loss=0.0287]
train:  50%|█████     | 2/4 [00:00<00:00,  6.27it/s, loss=0.0287]
train:  50%|█████     | 2/4 [00:00<00:00,  6.27it/s, loss=0.0101]
train:  75%|███████▌  | 3/4 [00:00<00:00,  6.30it/s, loss=0.0101]
train:  75%|███████▌  | 3/4 [00:00<00:00,  6.30it/s, loss=0.0227]
train: 100%|██████████| 4/4 [00:00<00:00,  6.31it/s, loss=0.0227]
                                                                 
[PERF][train] samples(local/global)=8/8, batches(local/global)=4/4, samples/s(local/global)=12.6/12.6, ms/batch(local)=158.9, data_wait=2.0%, compute=98.0%, non_finite_skips(local)=0

val:   0%|          | 0/4 [00:00<?, ?it/s]
val:   0%|          | 0/4 [00:00<?, ?it/s, loss=0.0186]
val:   0%|          | 0/4 [00:00<?, ?it/s, loss=0.0167]
val:   0%|          | 0/4 [00:00<?, ?it/s, loss=0.0191]
val:  75%|███████▌  | 3/4 [00:00<00:00, 21.65it/s, loss=0.0191]
val:  75%|███████▌  | 3/4 [00:00<00:00, 21.65it/s, loss=0.0282]
                                                               
[PERF][val] samples(local/global)=8/8, batches(local/global)=4/4, samples/s(local/global)=43.2/43.2, ms/batch(local)=46.3, data_wait=4.3%, compute=95.4%, non_finite_skips(local)=0
[MEM] epoch=181 RAM(before/after)=1432.7/1423.9MB | GPU mem: gpu0 alloc=24.9MB resv=7092.0MB peak=5388.3MB
Epoch 181: train_loss=0.020528, val_loss=0.020657, lr=0.00010000

Epoch 182/200

train:   0%|          | 0/4 [00:00<?, ?it/s]
train:   0%|          | 0/4 [00:00<?, ?it/s, loss=0.0329]
train:  25%|██▌       | 1/4 [00:00<00:00,  6.09it/s, loss=0.0329]
train:  25%|██▌       | 1/4 [00:00<00:00,  6.09it/s, loss=0.0178]
train:  50%|█████     | 2/4 [00:00<00:00,  6.24it/s, loss=0.0178]
train:  50%|█████     | 2/4 [00:00<00:00,  6.24it/s, loss=0.0108]
train:  75%|███████▌  | 3/4 [00:00<00:00,  6.30it/s, loss=0.0108]
train:  75%|███████▌  | 3/4 [00:00<00:00,  6.30it/s, loss=0.0206]
train: 100%|██████████| 4/4 [00:00<00:00,  6.33it/s, loss=0.0206]
                                                                 
[PERF][train] samples(local/global)=8/8, batches(local/global)=4/4, samples/s(local/global)=12.6/12.6, ms/batch(local)=159.0, data_wait=2.3%, compute=97.5%, non_finite_skips(local)=0

val:   0%|          | 0/4 [00:00<?, ?it/s]
val:   0%|          | 0/4 [00:00<?, ?it/s, loss=0.0186]
val:   0%|          | 0/4 [00:00<?, ?it/s, loss=0.0167]
val:   0%|          | 0/4 [00:00<?, ?it/s, loss=0.0191]
val:  75%|███████▌  | 3/4 [00:00<00:00, 21.46it/s, loss=0.0191]
val:  75%|███████▌  | 3/4 [00:00<00:00, 21.46it/s, loss=0.0283]
                                                               
[PERF][val] samples(local/global)=8/8, batches(local/global)=4/4, samples/s(local/global)=43.1/43.1, ms/batch(local)=46.5, data_wait=5.0%, compute=94.9%, non_finite_skips(local)=0
[MEM] epoch=182 RAM(before/after)=1423.9/1432.7MB | GPU mem: gpu0 alloc=24.9MB resv=7092.0MB peak=5388.3MB
Epoch 182: train_loss=0.020531, val_loss=0.020658, lr=0.00010000

Epoch 183/200

train:   0%|          | 0/4 [00:00<?, ?it/s]
train:   0%|          | 0/4 [00:00<?, ?it/s, loss=0.0279]
train:  25%|██▌       | 1/4 [00:00<00:00,  6.22it/s, loss=0.0279]
train:  25%|██▌       | 1/4 [00:00<00:00,  6.22it/s, loss=0.0185]
train:  50%|█████     | 2/4 [00:00<00:00,  6.28it/s, loss=0.0185]
train:  50%|█████     | 2/4 [00:00<00:00,  6.28it/s, loss=0.0149]
train:  75%|███████▌  | 3/4 [00:00<00:00,  6.31it/s, loss=0.0149]
train:  75%|███████▌  | 3/4 [00:00<00:00,  6.31it/s, loss=0.0206]
train: 100%|██████████| 4/4 [00:00<00:00,  6.33it/s, loss=0.0206]
                                                                 
[PERF][train] samples(local/global)=8/8, batches(local/global)=4/4, samples/s(local/global)=12.6/12.6, ms/batch(local)=158.6, data_wait=2.0%, compute=97.9%, non_finite_skips(local)=0

val:   0%|          | 0/4 [00:00<?, ?it/s]
val:   0%|          | 0/4 [00:00<?, ?it/s, loss=0.0185]
val:   0%|          | 0/4 [00:00<?, ?it/s, loss=0.0167]
val:   0%|          | 0/4 [00:00<?, ?it/s, loss=0.0191]
val:  75%|███████▌  | 3/4 [00:00<00:00, 21.60it/s, loss=0.0191]
val:  75%|███████▌  | 3/4 [00:00<00:00, 21.60it/s, loss=0.0282]
                                                               
[PERF][val] samples(local/global)=8/8, batches(local/global)=4/4, samples/s(local/global)=43.1/43.1, ms/batch(local)=46.4, data_wait=4.7%, compute=95.0%, non_finite_skips(local)=0
[MEM] epoch=183 RAM(before/after)=1432.7/1425.7MB | GPU mem: gpu0 alloc=24.9MB resv=7092.0MB peak=5388.3MB
Epoch 183: train_loss=0.020470, val_loss=0.020614, lr=0.00010000
Updated best model: /home/nis/jinrui.yang/EaBNet_light/logs_cbam_flat_projection64/overfit8_epoch40_v2/best/best_model.pt (val_loss=0.020614)

Epoch 184/200

train:   0%|          | 0/4 [00:00<?, ?it/s]
train:   0%|          | 0/4 [00:00<?, ?it/s, loss=0.0167]
train:  25%|██▌       | 1/4 [00:00<00:00,  6.10it/s, loss=0.0167]
train:  25%|██▌       | 1/4 [00:00<00:00,  6.10it/s, loss=0.0383]
train:  50%|█████     | 2/4 [00:00<00:00,  6.23it/s, loss=0.0383]
train:  50%|█████     | 2/4 [00:00<00:00,  6.23it/s, loss=0.0178]
train:  75%|███████▌  | 3/4 [00:00<00:00,  6.28it/s, loss=0.0178]
train:  75%|███████▌  | 3/4 [00:00<00:00,  6.28it/s, loss=0.0092]
train: 100%|██████████| 4/4 [00:00<00:00,  6.29it/s, loss=0.0092]
                                                                 
[PERF][train] samples(local/global)=8/8, batches(local/global)=4/4, samples/s(local/global)=12.5/12.5, ms/batch(local)=159.7, data_wait=2.4%, compute=97.5%, non_finite_skips(local)=0

val:   0%|          | 0/4 [00:00<?, ?it/s]
val:   0%|          | 0/4 [00:00<?, ?it/s, loss=0.0186]
val:   0%|          | 0/4 [00:00<?, ?it/s, loss=0.0167]
val:   0%|          | 0/4 [00:00<?, ?it/s, loss=0.0190]
val:  75%|███████▌  | 3/4 [00:00<00:00, 21.60it/s, loss=0.0190]
val:  75%|███████▌  | 3/4 [00:00<00:00, 21.60it/s, loss=0.0282]
                                                               
[PERF][val] samples(local/global)=8/8, batches(local/global)=4/4, samples/s(local/global)=42.8/42.8, ms/batch(local)=46.7, data_wait=5.5%, compute=94.3%, non_finite_skips(local)=0
[MEM] epoch=184 RAM(before/after)=1425.7/1425.7MB | GPU mem: gpu0 alloc=24.9MB resv=7092.0MB peak=5388.3MB
Epoch 184: train_loss=0.020492, val_loss=0.020599, lr=0.00010000
Updated best model: /home/nis/jinrui.yang/EaBNet_light/logs_cbam_flat_projection64/overfit8_epoch40_v2/best/best_model.pt (val_loss=0.020599)

Epoch 185/200

train:   0%|          | 0/4 [00:00<?, ?it/s]
train:   0%|          | 0/4 [00:00<?, ?it/s, loss=0.0189]
train:  25%|██▌       | 1/4 [00:00<00:00,  5.95it/s, loss=0.0189]
train:  25%|██▌       | 1/4 [00:00<00:00,  5.95it/s, loss=0.0101]
train:  50%|█████     | 2/4 [00:00<00:00,  6.17it/s, loss=0.0101]
train:  50%|█████     | 2/4 [00:00<00:00,  6.17it/s, loss=0.0286]
train:  75%|███████▌  | 3/4 [00:00<00:00,  6.25it/s, loss=0.0286]
train:  75%|███████▌  | 3/4 [00:00<00:00,  6.25it/s, loss=0.0243]
train: 100%|██████████| 4/4 [00:00<00:00,  6.29it/s, loss=0.0243]
                                                                 
[PERF][train] samples(local/global)=8/8, batches(local/global)=4/4, samples/s(local/global)=12.5/12.5, ms/batch(local)=160.3, data_wait=2.4%, compute=97.5%, non_finite_skips(local)=0

val:   0%|          | 0/4 [00:00<?, ?it/s]
val:   0%|          | 0/4 [00:00<?, ?it/s, loss=0.0185]
val:   0%|          | 0/4 [00:00<?, ?it/s, loss=0.0167]
val:   0%|          | 0/4 [00:00<?, ?it/s, loss=0.0190]
val:  75%|███████▌  | 3/4 [00:00<00:00, 21.61it/s, loss=0.0190]
val:  75%|███████▌  | 3/4 [00:00<00:00, 21.61it/s, loss=0.0281]
                                                               
[PERF][val] samples(local/global)=8/8, batches(local/global)=4/4, samples/s(local/global)=42.9/42.9, ms/batch(local)=46.6, data_wait=5.1%, compute=94.5%, non_finite_skips(local)=0
[MEM] epoch=185 RAM(before/after)=1425.7/1425.1MB | GPU mem: gpu0 alloc=24.9MB resv=7092.0MB peak=5388.3MB
Epoch 185: train_loss=0.020467, val_loss=0.020589, lr=0.00010000
Updated best model: /home/nis/jinrui.yang/EaBNet_light/logs_cbam_flat_projection64/overfit8_epoch40_v2/best/best_model.pt (val_loss=0.020589)

Epoch 186/200

train:   0%|          | 0/4 [00:00<?, ?it/s]
train:   0%|          | 0/4 [00:00<?, ?it/s, loss=0.0189]
train:  25%|██▌       | 1/4 [00:00<00:00,  6.10it/s, loss=0.0189]
train:  25%|██▌       | 1/4 [00:00<00:00,  6.10it/s, loss=0.0104]
train:  50%|█████     | 2/4 [00:00<00:00,  6.23it/s, loss=0.0104]
train:  50%|█████     | 2/4 [00:00<00:00,  6.23it/s, loss=0.0185]
train:  75%|███████▌  | 3/4 [00:00<00:00,  6.28it/s, loss=0.0185]
train:  75%|███████▌  | 3/4 [00:00<00:00,  6.28it/s, loss=0.0343]
train: 100%|██████████| 4/4 [00:00<00:00,  6.31it/s, loss=0.0343]
                                                                 
[PERF][train] samples(local/global)=8/8, batches(local/global)=4/4, samples/s(local/global)=12.6/12.6, ms/batch(local)=159.4, data_wait=2.4%, compute=97.5%, non_finite_skips(local)=0

val:   0%|          | 0/4 [00:00<?, ?it/s]
val:   0%|          | 0/4 [00:00<?, ?it/s, loss=0.0186]
val:   0%|          | 0/4 [00:00<?, ?it/s, loss=0.0166]
val:   0%|          | 0/4 [00:00<?, ?it/s, loss=0.0190]
val:  75%|███████▌  | 3/4 [00:00<00:00, 21.72it/s, loss=0.0190]
val:  75%|███████▌  | 3/4 [00:00<00:00, 21.72it/s, loss=0.0281]
                                                               
[PERF][val] samples(local/global)=8/8, batches(local/global)=4/4, samples/s(local/global)=43.4/43.4, ms/batch(local)=46.1, data_wait=4.0%, compute=95.7%, non_finite_skips(local)=0
[MEM] epoch=186 RAM(before/after)=1425.1/1423.9MB | GPU mem: gpu0 alloc=24.9MB resv=7092.0MB peak=5388.3MB
Epoch 186: train_loss=0.020501, val_loss=0.020575, lr=0.00010000
Updated best model: /home/nis/jinrui.yang/EaBNet_light/logs_cbam_flat_projection64/overfit8_epoch40_v2/best/best_model.pt (val_loss=0.020575)

Epoch 187/200

train:   0%|          | 0/4 [00:00<?, ?it/s]
train:   0%|          | 0/4 [00:00<?, ?it/s, loss=0.0203]
train:  25%|██▌       | 1/4 [00:00<00:00,  6.23it/s, loss=0.0203]
train:  25%|██▌       | 1/4 [00:00<00:00,  6.23it/s, loss=0.0344]
train:  50%|█████     | 2/4 [00:00<00:00,  6.28it/s, loss=0.0344]
train:  50%|█████     | 2/4 [00:00<00:00,  6.28it/s, loss=0.0185]
train:  75%|███████▌  | 3/4 [00:00<00:00,  6.31it/s, loss=0.0185]
train:  75%|███████▌  | 3/4 [00:00<00:00,  6.31it/s, loss=0.0085]
train: 100%|██████████| 4/4 [00:00<00:00,  6.33it/s, loss=0.0085]
                                                                 
[PERF][train] samples(local/global)=8/8, batches(local/global)=4/4, samples/s(local/global)=12.6/12.6, ms/batch(local)=158.5, data_wait=2.1%, compute=97.8%, non_finite_skips(local)=0

val:   0%|          | 0/4 [00:00<?, ?it/s]
val:   0%|          | 0/4 [00:00<?, ?it/s, loss=0.0186]
val:   0%|          | 0/4 [00:00<?, ?it/s, loss=0.0166]
val:   0%|          | 0/4 [00:00<?, ?it/s, loss=0.0190]
val:  75%|███████▌  | 3/4 [00:00<00:00, 21.44it/s, loss=0.0190]
val:  75%|███████▌  | 3/4 [00:00<00:00, 21.44it/s, loss=0.0281]
                                                               
[PERF][val] samples(local/global)=8/8, batches(local/global)=4/4, samples/s(local/global)=43.0/43.0, ms/batch(local)=46.5, data_wait=5.1%, compute=94.8%, non_finite_skips(local)=0
[MEM] epoch=187 RAM(before/after)=1423.9/1432.7MB | GPU mem: gpu0 alloc=24.9MB resv=7092.0MB peak=5388.3MB
Epoch 187: train_loss=0.020425, val_loss=0.020590, lr=0.00010000

Epoch 188/200

train:   0%|          | 0/4 [00:00<?, ?it/s]
train:   0%|          | 0/4 [00:00<?, ?it/s, loss=0.0382]
train:  25%|██▌       | 1/4 [00:00<00:00,  6.14it/s, loss=0.0382]
train:  25%|██▌       | 1/4 [00:00<00:00,  6.14it/s, loss=0.0185]
train:  50%|█████     | 2/4 [00:00<00:00,  6.25it/s, loss=0.0185]
train:  50%|█████     | 2/4 [00:00<00:00,  6.25it/s, loss=0.0151]
train:  75%|███████▌  | 3/4 [00:00<00:00,  6.29it/s, loss=0.0151]
train:  75%|███████▌  | 3/4 [00:00<00:00,  6.29it/s, loss=0.0100]
train: 100%|██████████| 4/4 [00:00<00:00,  6.32it/s, loss=0.0100]
                                                                 
[PERF][train] samples(local/global)=8/8, batches(local/global)=4/4, samples/s(local/global)=12.6/12.6, ms/batch(local)=159.0, data_wait=2.1%, compute=97.8%, non_finite_skips(local)=0

val:   0%|          | 0/4 [00:00<?, ?it/s]
val:   0%|          | 0/4 [00:00<?, ?it/s, loss=0.0186]
val:   0%|          | 0/4 [00:00<?, ?it/s, loss=0.0166]
val:   0%|          | 0/4 [00:00<?, ?it/s, loss=0.0190]
val:  75%|███████▌  | 3/4 [00:00<00:00, 21.59it/s, loss=0.0190]
val:  75%|███████▌  | 3/4 [00:00<00:00, 21.59it/s, loss=0.0281]
                                                               
[PERF][val] samples(local/global)=8/8, batches(local/global)=4/4, samples/s(local/global)=43.2/43.2, ms/batch(local)=46.3, data_wait=4.7%, compute=95.2%, non_finite_skips(local)=0
[MEM] epoch=188 RAM(before/after)=1432.7/1432.7MB | GPU mem: gpu0 alloc=24.9MB resv=7092.0MB peak=5388.3MB
Epoch 188: train_loss=0.020434, val_loss=0.020592, lr=0.00010000

Epoch 189/200

train:   0%|          | 0/4 [00:00<?, ?it/s]
train:   0%|          | 0/4 [00:00<?, ?it/s, loss=0.0044]
train:  25%|██▌       | 1/4 [00:00<00:00,  6.26it/s, loss=0.0044]
train:  25%|██▌       | 1/4 [00:00<00:00,  6.26it/s, loss=0.0421]
train:  50%|█████     | 2/4 [00:00<00:00,  6.30it/s, loss=0.0421]
train:  50%|█████     | 2/4 [00:00<00:00,  6.30it/s, loss=0.0188]
train:  75%|███████▌  | 3/4 [00:00<00:00,  6.31it/s, loss=0.0188]
train:  75%|███████▌  | 3/4 [00:00<00:00,  6.31it/s, loss=0.0166]
train: 100%|██████████| 4/4 [00:00<00:00,  6.33it/s, loss=0.0166]
                                                                 
[PERF][train] samples(local/global)=8/8, batches(local/global)=4/4, samples/s(local/global)=12.6/12.6, ms/batch(local)=158.4, data_wait=2.1%, compute=97.9%, non_finite_skips(local)=0

val:   0%|          | 0/4 [00:00<?, ?it/s]
val:   0%|          | 0/4 [00:00<?, ?it/s, loss=0.0186]
val:   0%|          | 0/4 [00:00<?, ?it/s, loss=0.0166]
val:   0%|          | 0/4 [00:00<?, ?it/s, loss=0.0190]
val:  75%|███████▌  | 3/4 [00:00<00:00, 21.60it/s, loss=0.0190]
val:  75%|███████▌  | 3/4 [00:00<00:00, 21.60it/s, loss=0.0281]
                                                               
[PERF][val] samples(local/global)=8/8, batches(local/global)=4/4, samples/s(local/global)=43.2/43.2, ms/batch(local)=46.3, data_wait=4.7%, compute=95.3%, non_finite_skips(local)=0
[MEM] epoch=189 RAM(before/after)=1432.7/1432.7MB | GPU mem: gpu0 alloc=24.9MB resv=7092.0MB peak=5388.3MB
Epoch 189: train_loss=0.020467, val_loss=0.020586, lr=0.00010000

Epoch 190/200

train:   0%|          | 0/4 [00:00<?, ?it/s]
train:   0%|          | 0/4 [00:00<?, ?it/s, loss=0.0100]
train:  25%|██▌       | 1/4 [00:00<00:00,  6.05it/s, loss=0.0100]
train:  25%|██▌       | 1/4 [00:00<00:00,  6.05it/s, loss=0.0281]
train:  50%|█████     | 2/4 [00:00<00:00,  6.24it/s, loss=0.0281]
train:  50%|█████     | 2/4 [00:00<00:00,  6.24it/s, loss=0.0344]
train:  75%|███████▌  | 3/4 [00:00<00:00,  6.28it/s, loss=0.0344]
train:  75%|███████▌  | 3/4 [00:00<00:00,  6.28it/s, loss=0.0092]
train: 100%|██████████| 4/4 [00:00<00:00,  6.31it/s, loss=0.0092]
                                                                 
[PERF][train] samples(local/global)=8/8, batches(local/global)=4/4, samples/s(local/global)=12.6/12.6, ms/batch(local)=159.3, data_wait=2.0%, compute=97.9%, non_finite_skips(local)=0

val:   0%|          | 0/4 [00:00<?, ?it/s]
val:   0%|          | 0/4 [00:00<?, ?it/s, loss=0.0186]
val:   0%|          | 0/4 [00:00<?, ?it/s, loss=0.0166]
val:   0%|          | 0/4 [00:00<?, ?it/s, loss=0.0190]
val:  75%|███████▌  | 3/4 [00:00<00:00, 21.67it/s, loss=0.0190]
val:  75%|███████▌  | 3/4 [00:00<00:00, 21.67it/s, loss=0.0281]
                                                               
[PERF][val] samples(local/global)=8/8, batches(local/global)=4/4, samples/s(local/global)=43.3/43.3, ms/batch(local)=46.2, data_wait=4.4%, compute=95.5%, non_finite_skips(local)=0
[MEM] epoch=190 RAM(before/after)=1432.7/1432.7MB | GPU mem: gpu0 alloc=24.9MB resv=7092.0MB peak=5388.3MB
Epoch 190: train_loss=0.020429, val_loss=0.020571, lr=0.00010000
Updated best model: /home/nis/jinrui.yang/EaBNet_light/logs_cbam_flat_projection64/overfit8_epoch40_v2/best/best_model.pt (val_loss=0.020571)

Epoch 191/200

train:   0%|          | 0/4 [00:00<?, ?it/s]
train:   0%|          | 0/4 [00:00<?, ?it/s, loss=0.0343]
train:  25%|██▌       | 1/4 [00:00<00:00,  6.14it/s, loss=0.0343]
train:  25%|██▌       | 1/4 [00:00<00:00,  6.14it/s, loss=0.0241]
train:  50%|█████     | 2/4 [00:00<00:00,  6.26it/s, loss=0.0241]
train:  50%|█████     | 2/4 [00:00<00:00,  6.26it/s, loss=0.0092]
train:  75%|███████▌  | 3/4 [00:00<00:00,  6.30it/s, loss=0.0092]
train:  75%|███████▌  | 3/4 [00:00<00:00,  6.30it/s, loss=0.0139]
train: 100%|██████████| 4/4 [00:00<00:00,  6.32it/s, loss=0.0139]
                                                                 
[PERF][train] samples(local/global)=8/8, batches(local/global)=4/4, samples/s(local/global)=12.6/12.6, ms/batch(local)=158.9, data_wait=2.0%, compute=98.0%, non_finite_skips(local)=0

val:   0%|          | 0/4 [00:00<?, ?it/s]
val:   0%|          | 0/4 [00:00<?, ?it/s, loss=0.0186]
val:   0%|          | 0/4 [00:00<?, ?it/s, loss=0.0166]
val:   0%|          | 0/4 [00:00<?, ?it/s, loss=0.0190]
val:  75%|███████▌  | 3/4 [00:00<00:00, 21.68it/s, loss=0.0190]
val:  75%|███████▌  | 3/4 [00:00<00:00, 21.68it/s, loss=0.0280]
                                                               
[PERF][val] samples(local/global)=8/8, batches(local/global)=4/4, samples/s(local/global)=43.3/43.3, ms/batch(local)=46.2, data_wait=4.3%, compute=95.6%, non_finite_skips(local)=0
[MEM] epoch=191 RAM(before/after)=1432.7/1432.7MB | GPU mem: gpu0 alloc=24.9MB resv=7092.0MB peak=5388.3MB
Epoch 191: train_loss=0.020396, val_loss=0.020535, lr=0.00010000
Updated best model: /home/nis/jinrui.yang/EaBNet_light/logs_cbam_flat_projection64/overfit8_epoch40_v2/best/best_model.pt (val_loss=0.020535)

Epoch 192/200

train:   0%|          | 0/4 [00:00<?, ?it/s]
train:   0%|          | 0/4 [00:00<?, ?it/s, loss=0.0103]
train:  25%|██▌       | 1/4 [00:00<00:00,  6.16it/s, loss=0.0103]
train:  25%|██▌       | 1/4 [00:00<00:00,  6.16it/s, loss=0.0381]
train:  50%|█████     | 2/4 [00:00<00:00,  6.28it/s, loss=0.0381]
train:  50%|█████     | 2/4 [00:00<00:00,  6.28it/s, loss=0.0226]
train:  75%|███████▌  | 3/4 [00:00<00:00,  6.32it/s, loss=0.0226]
train:  75%|███████▌  | 3/4 [00:00<00:00,  6.32it/s, loss=0.0107]
train: 100%|██████████| 4/4 [00:00<00:00,  6.34it/s, loss=0.0107]
                                                                 
[PERF][train] samples(local/global)=8/8, batches(local/global)=4/4, samples/s(local/global)=12.6/12.6, ms/batch(local)=158.6, data_wait=1.7%, compute=98.2%, non_finite_skips(local)=0

val:   0%|          | 0/4 [00:00<?, ?it/s]
val:   0%|          | 0/4 [00:00<?, ?it/s, loss=0.0186]
val:   0%|          | 0/4 [00:00<?, ?it/s, loss=0.0166]
val:   0%|          | 0/4 [00:00<?, ?it/s, loss=0.0190]
val:  75%|███████▌  | 3/4 [00:00<00:00, 21.61it/s, loss=0.0190]
val:  75%|███████▌  | 3/4 [00:00<00:00, 21.61it/s, loss=0.0280]
                                                               
[PERF][val] samples(local/global)=8/8, batches(local/global)=4/4, samples/s(local/global)=43.2/43.2, ms/batch(local)=46.3, data_wait=4.5%, compute=95.3%, non_finite_skips(local)=0
[MEM] epoch=192 RAM(before/after)=1432.7/1423.9MB | GPU mem: gpu0 alloc=24.9MB resv=7092.0MB peak=5388.3MB
Epoch 192: train_loss=0.020424, val_loss=0.020539, lr=0.00010000

Epoch 193/200

train:   0%|          | 0/4 [00:00<?, ?it/s]
train:   0%|          | 0/4 [00:00<?, ?it/s, loss=0.0285]
train:  25%|██▌       | 1/4 [00:00<00:00,  5.84it/s, loss=0.0285]
train:  25%|██▌       | 1/4 [00:00<00:00,  5.84it/s, loss=0.0202]
train:  50%|█████     | 2/4 [00:00<00:00,  6.11it/s, loss=0.0202]
train:  50%|█████     | 2/4 [00:00<00:00,  6.11it/s, loss=0.0150]
train:  75%|███████▌  | 3/4 [00:00<00:00,  6.22it/s, loss=0.0150]
train:  75%|███████▌  | 3/4 [00:00<00:00,  6.22it/s, loss=0.0177]
train: 100%|██████████| 4/4 [00:00<00:00,  6.28it/s, loss=0.0177]
                                                                 
[PERF][train] samples(local/global)=8/8, batches(local/global)=4/4, samples/s(local/global)=12.4/12.4, ms/batch(local)=161.1, data_wait=2.5%, compute=97.4%, non_finite_skips(local)=0

val:   0%|          | 0/4 [00:00<?, ?it/s]
val:   0%|          | 0/4 [00:00<?, ?it/s, loss=0.0185]
val:   0%|          | 0/4 [00:00<?, ?it/s, loss=0.0166]
val:   0%|          | 0/4 [00:00<?, ?it/s, loss=0.0189]
val:  75%|███████▌  | 3/4 [00:00<00:00, 21.51it/s, loss=0.0189]
val:  75%|███████▌  | 3/4 [00:00<00:00, 21.51it/s, loss=0.0281]
                                                               
[PERF][val] samples(local/global)=8/8, batches(local/global)=4/4, samples/s(local/global)=43.1/43.1, ms/batch(local)=46.4, data_wait=5.1%, compute=94.8%, non_finite_skips(local)=0
[MEM] epoch=193 RAM(before/after)=1423.9/1432.7MB | GPU mem: gpu0 alloc=24.9MB resv=7092.0MB peak=5388.3MB
Epoch 193: train_loss=0.020354, val_loss=0.020535, lr=0.00010000

Epoch 194/200

train:   0%|          | 0/4 [00:00<?, ?it/s]
train:   0%|          | 0/4 [00:00<?, ?it/s, loss=0.0085]
train:  25%|██▌       | 1/4 [00:00<00:00,  6.20it/s, loss=0.0085]
train:  25%|██▌       | 1/4 [00:00<00:00,  6.20it/s, loss=0.0184]
train:  50%|█████     | 2/4 [00:00<00:00,  6.28it/s, loss=0.0184]
train:  50%|█████     | 2/4 [00:00<00:00,  6.28it/s, loss=0.0201]
train:  75%|███████▌  | 3/4 [00:00<00:00,  6.30it/s, loss=0.0201]
train:  75%|███████▌  | 3/4 [00:00<00:00,  6.30it/s, loss=0.0342]
train: 100%|██████████| 4/4 [00:00<00:00,  6.32it/s, loss=0.0342]
                                                                 
[PERF][train] samples(local/global)=8/8, batches(local/global)=4/4, samples/s(local/global)=12.6/12.6, ms/batch(local)=158.7, data_wait=2.1%, compute=97.9%, non_finite_skips(local)=0

val:   0%|          | 0/4 [00:00<?, ?it/s]
val:   0%|          | 0/4 [00:00<?, ?it/s, loss=0.0185]
val:   0%|          | 0/4 [00:00<?, ?it/s, loss=0.0165]
val:   0%|          | 0/4 [00:00<?, ?it/s, loss=0.0189]
val:  75%|███████▌  | 3/4 [00:00<00:00, 21.67it/s, loss=0.0189]
val:  75%|███████▌  | 3/4 [00:00<00:00, 21.67it/s, loss=0.0280]
                                                               
[PERF][val] samples(local/global)=8/8, batches(local/global)=4/4, samples/s(local/global)=43.2/43.2, ms/batch(local)=46.3, data_wait=4.6%, compute=95.3%, non_finite_skips(local)=0
[MEM] epoch=194 RAM(before/after)=1432.7/1432.7MB | GPU mem: gpu0 alloc=24.9MB resv=7092.0MB peak=5388.3MB
Epoch 194: train_loss=0.020319, val_loss=0.020495, lr=0.00010000
Updated best model: /home/nis/jinrui.yang/EaBNet_light/logs_cbam_flat_projection64/overfit8_epoch40_v2/best/best_model.pt (val_loss=0.020495)

Epoch 195/200

train:   0%|          | 0/4 [00:00<?, ?it/s]
train:   0%|          | 0/4 [00:00<?, ?it/s, loss=0.0341]
train:  25%|██▌       | 1/4 [00:00<00:00,  6.00it/s, loss=0.0341]
train:  25%|██▌       | 1/4 [00:00<00:00,  6.00it/s, loss=0.0139]
train:  50%|█████     | 2/4 [00:00<00:00,  6.19it/s, loss=0.0139]
train:  50%|█████     | 2/4 [00:00<00:00,  6.19it/s, loss=0.0184]
train:  75%|███████▌  | 3/4 [00:00<00:00,  6.27it/s, loss=0.0184]
train:  75%|███████▌  | 3/4 [00:00<00:00,  6.27it/s, loss=0.0150]
train: 100%|██████████| 4/4 [00:00<00:00,  6.30it/s, loss=0.0150]
                                                                 
[PERF][train] samples(local/global)=8/8, batches(local/global)=4/4, samples/s(local/global)=12.5/12.5, ms/batch(local)=159.8, data_wait=1.8%, compute=98.1%, non_finite_skips(local)=0

val:   0%|          | 0/4 [00:00<?, ?it/s]
val:   0%|          | 0/4 [00:00<?, ?it/s, loss=0.0185]
val:   0%|          | 0/4 [00:00<?, ?it/s, loss=0.0165]
val:   0%|          | 0/4 [00:00<?, ?it/s, loss=0.0189]
val:  75%|███████▌  | 3/4 [00:00<00:00, 21.74it/s, loss=0.0189]
val:  75%|███████▌  | 3/4 [00:00<00:00, 21.74it/s, loss=0.0279]
                                                               
[PERF][val] samples(local/global)=8/8, batches(local/global)=4/4, samples/s(local/global)=43.3/43.3, ms/batch(local)=46.2, data_wait=4.5%, compute=95.5%, non_finite_skips(local)=0
[MEM] epoch=195 RAM(before/after)=1432.7/1432.7MB | GPU mem: gpu0 alloc=24.9MB resv=7092.0MB peak=5388.3MB
Epoch 195: train_loss=0.020347, val_loss=0.020468, lr=0.00010000
Updated best model: /home/nis/jinrui.yang/EaBNet_light/logs_cbam_flat_projection64/overfit8_epoch40_v2/best/best_model.pt (val_loss=0.020468)

Epoch 196/200

train:   0%|          | 0/4 [00:00<?, ?it/s]
train:   0%|          | 0/4 [00:00<?, ?it/s, loss=0.0284]
train:  25%|██▌       | 1/4 [00:00<00:00,  6.20it/s, loss=0.0284]
train:  25%|██▌       | 1/4 [00:00<00:00,  6.20it/s, loss=0.0084]
train:  50%|█████     | 2/4 [00:00<00:00,  6.29it/s, loss=0.0084]
train:  50%|█████     | 2/4 [00:00<00:00,  6.29it/s, loss=0.0201]
train:  75%|███████▌  | 3/4 [00:00<00:00,  6.32it/s, loss=0.0201]
train:  75%|███████▌  | 3/4 [00:00<00:00,  6.32it/s, loss=0.0242]
train: 100%|██████████| 4/4 [00:00<00:00,  6.34it/s, loss=0.0242]
                                                                 
[PERF][train] samples(local/global)=8/8, batches(local/global)=4/4, samples/s(local/global)=12.6/12.6, ms/batch(local)=158.5, data_wait=1.6%, compute=98.3%, non_finite_skips(local)=0

val:   0%|          | 0/4 [00:00<?, ?it/s]
val:   0%|          | 0/4 [00:00<?, ?it/s, loss=0.0185]
val:   0%|          | 0/4 [00:00<?, ?it/s, loss=0.0165]
val:   0%|          | 0/4 [00:00<?, ?it/s, loss=0.0188]
val:  75%|███████▌  | 3/4 [00:00<00:00, 21.41it/s, loss=0.0188]
val:  75%|███████▌  | 3/4 [00:00<00:00, 21.41it/s, loss=0.0280]
                                                               
[PERF][val] samples(local/global)=8/8, batches(local/global)=4/4, samples/s(local/global)=42.9/42.9, ms/batch(local)=46.6, data_wait=5.3%, compute=94.7%, non_finite_skips(local)=0
[MEM] epoch=196 RAM(before/after)=1432.7/1432.7MB | GPU mem: gpu0 alloc=24.9MB resv=7092.0MB peak=5388.3MB
Epoch 196: train_loss=0.020294, val_loss=0.020467, lr=0.00010000
Updated best model: /home/nis/jinrui.yang/EaBNet_light/logs_cbam_flat_projection64/overfit8_epoch40_v2/best/best_model.pt (val_loss=0.020467)

Epoch 197/200

train:   0%|          | 0/4 [00:00<?, ?it/s]
train:   0%|          | 0/4 [00:00<?, ?it/s, loss=0.0340]
train:  25%|██▌       | 1/4 [00:00<00:00,  6.14it/s, loss=0.0340]
train:  25%|██▌       | 1/4 [00:00<00:00,  6.14it/s, loss=0.0103]
train:  50%|█████     | 2/4 [00:00<00:00,  6.27it/s, loss=0.0103]
train:  50%|█████     | 2/4 [00:00<00:00,  6.27it/s, loss=0.0225]
train:  75%|███████▌  | 3/4 [00:00<00:00,  6.30it/s, loss=0.0225]
train:  75%|███████▌  | 3/4 [00:00<00:00,  6.30it/s, loss=0.0145]
train: 100%|██████████| 4/4 [00:00<00:00,  6.30it/s, loss=0.0145]
                                                                 
[PERF][train] samples(local/global)=8/8, batches(local/global)=4/4, samples/s(local/global)=12.6/12.6, ms/batch(local)=159.2, data_wait=2.1%, compute=97.8%, non_finite_skips(local)=0

val:   0%|          | 0/4 [00:00<?, ?it/s]
val:   0%|          | 0/4 [00:00<?, ?it/s, loss=0.0185]
val:   0%|          | 0/4 [00:00<?, ?it/s, loss=0.0165]
val:   0%|          | 0/4 [00:00<?, ?it/s, loss=0.0188]
val:  75%|███████▌  | 3/4 [00:00<00:00, 21.47it/s, loss=0.0188]
val:  75%|███████▌  | 3/4 [00:00<00:00, 21.47it/s, loss=0.0280]
                                                               
[PERF][val] samples(local/global)=8/8, batches(local/global)=4/4, samples/s(local/global)=42.9/42.9, ms/batch(local)=46.6, data_wait=5.2%, compute=94.8%, non_finite_skips(local)=0
[MEM] epoch=197 RAM(before/after)=1432.7/1432.7MB | GPU mem: gpu0 alloc=24.9MB resv=7092.0MB peak=5388.3MB
Epoch 197: train_loss=0.020342, val_loss=0.020470, lr=0.00010000

Epoch 198/200

train:   0%|          | 0/4 [00:00<?, ?it/s]
train:   0%|          | 0/4 [00:00<?, ?it/s, loss=0.0148]
train:  25%|██▌       | 1/4 [00:00<00:00,  6.21it/s, loss=0.0148]
train:  25%|██▌       | 1/4 [00:00<00:00,  6.21it/s, loss=0.0044]
train:  50%|█████     | 2/4 [00:00<00:00,  6.30it/s, loss=0.0044]
train:  50%|█████     | 2/4 [00:00<00:00,  6.30it/s, loss=0.0280]
train:  75%|███████▌  | 3/4 [00:00<00:00,  6.32it/s, loss=0.0280]
train:  75%|███████▌  | 3/4 [00:00<00:00,  6.32it/s, loss=0.0342]
train: 100%|██████████| 4/4 [00:00<00:00,  6.33it/s, loss=0.0342]
                                                                 
[PERF][train] samples(local/global)=8/8, batches(local/global)=4/4, samples/s(local/global)=12.6/12.6, ms/batch(local)=158.3, data_wait=2.0%, compute=97.9%, non_finite_skips(local)=0

val:   0%|          | 0/4 [00:00<?, ?it/s]
val:   0%|          | 0/4 [00:00<?, ?it/s, loss=0.0185]
val:   0%|          | 0/4 [00:00<?, ?it/s, loss=0.0165]
val:   0%|          | 0/4 [00:00<?, ?it/s, loss=0.0188]
val:  75%|███████▌  | 3/4 [00:00<00:00, 21.65it/s, loss=0.0188]
val:  75%|███████▌  | 3/4 [00:00<00:00, 21.65it/s, loss=0.0280]
                                                               
[PERF][val] samples(local/global)=8/8, batches(local/global)=4/4, samples/s(local/global)=43.2/43.2, ms/batch(local)=46.3, data_wait=4.2%, compute=95.3%, non_finite_skips(local)=0
[MEM] epoch=198 RAM(before/after)=1432.7/1423.9MB | GPU mem: gpu0 alloc=24.9MB resv=7092.0MB peak=5388.3MB
Epoch 198: train_loss=0.020356, val_loss=0.020470, lr=0.00010000

Epoch 199/200

train:   0%|          | 0/4 [00:00<?, ?it/s]
train:   0%|          | 0/4 [00:00<?, ?it/s, loss=0.0277]
train:  25%|██▌       | 1/4 [00:00<00:00,  6.13it/s, loss=0.0277]
train:  25%|██▌       | 1/4 [00:00<00:00,  6.13it/s, loss=0.0225]
train:  50%|█████     | 2/4 [00:00<00:00,  6.25it/s, loss=0.0225]
train:  50%|█████     | 2/4 [00:00<00:00,  6.25it/s, loss=0.0204]
train:  75%|███████▌  | 3/4 [00:00<00:00,  6.30it/s, loss=0.0204]
train:  75%|███████▌  | 3/4 [00:00<00:00,  6.30it/s, loss=0.0107]
train: 100%|██████████| 4/4 [00:00<00:00,  6.32it/s, loss=0.0107]
                                                                 
[PERF][train] samples(local/global)=8/8, batches(local/global)=4/4, samples/s(local/global)=12.6/12.6, ms/batch(local)=159.0, data_wait=2.1%, compute=97.7%, non_finite_skips(local)=0

val:   0%|          | 0/4 [00:00<?, ?it/s]
val:   0%|          | 0/4 [00:00<?, ?it/s, loss=0.0185]
val:   0%|          | 0/4 [00:00<?, ?it/s, loss=0.0165]
val:   0%|          | 0/4 [00:00<?, ?it/s, loss=0.0188]
val:  75%|███████▌  | 3/4 [00:00<00:00, 21.56it/s, loss=0.0188]
val:  75%|███████▌  | 3/4 [00:00<00:00, 21.56it/s, loss=0.0281]
                                                               
[PERF][val] samples(local/global)=8/8, batches(local/global)=4/4, samples/s(local/global)=43.1/43.1, ms/batch(local)=46.4, data_wait=4.6%, compute=95.1%, non_finite_skips(local)=0
[MEM] epoch=199 RAM(before/after)=1423.9/1423.9MB | GPU mem: gpu0 alloc=24.9MB resv=7092.0MB peak=5388.3MB
Epoch 199: train_loss=0.020312, val_loss=0.020490, lr=0.00010000

Epoch 200/200

train:   0%|          | 0/4 [00:00<?, ?it/s]
train:   0%|          | 0/4 [00:00<?, ?it/s, loss=0.0342]
train:  25%|██▌       | 1/4 [00:00<00:00,  6.19it/s, loss=0.0342]
train:  25%|██▌       | 1/4 [00:00<00:00,  6.19it/s, loss=0.0138]
train:  50%|█████     | 2/4 [00:00<00:00,  6.29it/s, loss=0.0138]
train:  50%|█████     | 2/4 [00:00<00:00,  6.29it/s, loss=0.0148]
train:  75%|███████▌  | 3/4 [00:00<00:00,  6.32it/s, loss=0.0148]
train:  75%|███████▌  | 3/4 [00:00<00:00,  6.32it/s, loss=0.0184]
train: 100%|██████████| 4/4 [00:00<00:00,  6.32it/s, loss=0.0184]
                                                                 
[PERF][train] samples(local/global)=8/8, batches(local/global)=4/4, samples/s(local/global)=12.6/12.6, ms/batch(local)=158.6, data_wait=2.2%, compute=97.8%, non_finite_skips(local)=0

val:   0%|          | 0/4 [00:00<?, ?it/s]
val:   0%|          | 0/4 [00:00<?, ?it/s, loss=0.0185]
val:   0%|          | 0/4 [00:00<?, ?it/s, loss=0.0165]
val:   0%|          | 0/4 [00:00<?, ?it/s, loss=0.0188]
val:  75%|███████▌  | 3/4 [00:00<00:00, 21.61it/s, loss=0.0188]
val:  75%|███████▌  | 3/4 [00:00<00:00, 21.61it/s, loss=0.0280]
                                                               
[PERF][val] samples(local/global)=8/8, batches(local/global)=4/4, samples/s(local/global)=43.3/43.3, ms/batch(local)=46.2, data_wait=4.5%, compute=95.4%, non_finite_skips(local)=0
[MEM] epoch=200 RAM(before/after)=1423.9/1432.7MB | GPU mem: gpu0 alloc=24.9MB resv=7092.0MB peak=5388.3MB
Epoch 200: train_loss=0.020276, val_loss=0.020442, lr=0.00010000
Updated best model: /home/nis/jinrui.yang/EaBNet_light/logs_cbam_flat_projection64/overfit8_epoch40_v2/best/best_model.pt (val_loss=0.020442)

Training finished.
val:   0%|          | 0/4 [00:00<?, ?it/s]val:   0%|          | 0/4 [00:00<?, ?it/s, loss=0.0185]val:  25%|██▌       | 1/4 [00:00<00:00,  3.55it/s, loss=0.0185]val:  25%|██▌       | 1/4 [00:00<00:00,  3.55it/s, loss=0.0165]val:  25%|██▌       | 1/4 [00:00<00:00,  3.55it/s, loss=0.0188]val:  25%|██▌       | 1/4 [00:00<00:00,  3.55it/s, loss=0.0280]val: 100%|██████████| 4/4 [00:00<00:00, 10.93it/s, loss=0.0280]                                                               [PERF][val] samples(local/global)=8/8, batches(local/global)=4/4, samples/s(local/global)=18.9/18.9, ms/batch(local)=105.9, data_wait=3.4%, compute=96.5%, non_finite_skips(local)=0
Device: cuda; candidate: cbam_flat_projection64; samples: 8
Training frontend: {"sample_rate": 16000, "n_fft": 512, "hop_length": 160, "win_length": 320, "power": 0.5, "target_ref_mic": 0}; microphones=8; normalization=none
Reference-dependent estimate gain matching: False
Evaluating:   0%|          | 0/8 [00:00<?, ?it/s]Evaluating:  12%|█▎        | 1/8 [00:00<00:02,  3.07it/s]Evaluating:  25%|██▌       | 2/8 [00:00<00:01,  3.55it/s]Evaluating:  38%|███▊      | 3/8 [00:00<00:01,  3.77it/s]Evaluating:  50%|█████     | 4/8 [00:01<00:01,  3.66it/s]Evaluating:  62%|██████▎   | 5/8 [00:01<00:00,  3.50it/s]Evaluating:  75%|███████▌  | 6/8 [00:01<00:00,  3.66it/s]Evaluating:  88%|████████▊ | 7/8 [00:01<00:00,  3.59it/s]Evaluating: 100%|██████████| 8/8 [00:02<00:00,  3.42it/s]Evaluating: 100%|██████████| 8/8 [00:02<00:00,  3.52it/s]
{
  "enhanced": {
    "pesq": 2.869246184825897,
    "stoi": 0.9369720990871098,
    "estoi": 0.8594782808981221,
    "si_snr_db": 13.965105157559876,
    "sdr_db": 14.580069864030632
  },
  "noisy": {
    "pesq": 1.1155323386192322,
    "stoi": 0.6907424347173695,
    "estoi": 0.4803354449203156,
    "si_snr_db": -1.2522045605865997,
    "sdr_db": -1.1920623289599863
  }
}
Per-sample metadata: /home/nis/jinrui.yang/EaBNet_light/logs_cbam_flat_projection64/overfit8_epoch40_v2/after_latest/metadata.csv
Summary: /home/nis/jinrui.yang/EaBNet_light/logs_cbam_flat_projection64/overfit8_epoch40_v2/after_latest/summary.json
val:   0%|          | 0/4 [00:00<?, ?it/s]val:   0%|          | 0/4 [00:00<?, ?it/s, loss=0.0185]val:   0%|          | 0/4 [00:00<?, ?it/s, loss=0.0165]val:   0%|          | 0/4 [00:00<?, ?it/s, loss=0.0188]val:  75%|███████▌  | 3/4 [00:00<00:00, 20.86it/s, loss=0.0188]val:  75%|███████▌  | 3/4 [00:00<00:00, 20.86it/s, loss=0.0280]                                                               [PERF][val] samples(local/global)=8/8, batches(local/global)=4/4, samples/s(local/global)=41.2/41.2, ms/batch(local)=48.6, data_wait=5.1%, compute=94.4%, non_finite_skips(local)=0
Device: cuda; candidate: cbam_flat_projection64; samples: 8
Training frontend: {"sample_rate": 16000, "n_fft": 512, "hop_length": 160, "win_length": 320, "power": 0.5, "target_ref_mic": 0}; microphones=8; normalization=none
Reference-dependent estimate gain matching: False
Evaluating:   0%|          | 0/8 [00:00<?, ?it/s]Evaluating:  12%|█▎        | 1/8 [00:00<00:01,  3.52it/s]Evaluating:  25%|██▌       | 2/8 [00:00<00:01,  3.67it/s]Evaluating:  38%|███▊      | 3/8 [00:00<00:01,  3.77it/s]Evaluating:  50%|█████     | 4/8 [00:01<00:01,  3.57it/s]Evaluating:  62%|██████▎   | 5/8 [00:01<00:00,  3.39it/s]Evaluating:  75%|███████▌  | 6/8 [00:01<00:00,  3.54it/s]Evaluating:  88%|████████▊ | 7/8 [00:01<00:00,  3.43it/s]Evaluating: 100%|██████████| 8/8 [00:02<00:00,  3.27it/s]Evaluating: 100%|██████████| 8/8 [00:02<00:00,  3.43it/s]
{
  "enhanced": {
    "pesq": 2.8692378103733063,
    "stoi": 0.9369721011387667,
    "estoi": 0.8594782827614373,
    "si_snr_db": 13.96510504453697,
    "sdr_db": 14.580069751506514
  },
  "noisy": {
    "pesq": 1.1155323386192322,
    "stoi": 0.6907424347173695,
    "estoi": 0.48033544492031555,
    "si_snr_db": -1.2522045605865997,
    "sdr_db": -1.1920623289599863
  }
}
Per-sample metadata: /home/nis/jinrui.yang/EaBNet_light/logs_cbam_flat_projection64/overfit8_epoch40_v2/after_best/metadata.csv
Summary: /home/nis/jinrui.yang/EaBNet_light/logs_cbam_flat_projection64/overfit8_epoch40_v2/after_best/summary.json
{
  "status": "complete",
  "scope": "Training-subset fitting only; not generalization, a PESQ > 3.4 guarantee, or proof of paper equivalence.",
  "output_dir": "/home/nis/jinrui.yang/EaBNet_light/logs_cbam_flat_projection64/overfit8_epoch40_v2",
  "source_checkpoint": "/home/nis/jinrui.yang/EaBNet_light/checkpoints_cbam_flat_projection64/model_epoch_40.pt",
  "training_log": "/home/nis/jinrui.yang/EaBNet_light/logs_cbam_flat_projection64/overfit8_epoch40_v2/training.log",
  "before": {
    "checkpoint": "/home/nis/jinrui.yang/EaBNet_light/logs_cbam_flat_projection64/overfit8_epoch40_v2/initial_checkpoint.pt",
    "epoch": 0,
    "eval_loss": 0.025256304536014795,
    "metrics": {
      "enhanced": {
        "pesq": 2.287191942334175,
        "stoi": 0.8994646212243382,
        "estoi": 0.7835721959903683,
        "si_snr_db": 12.15838257827789,
        "sdr_db": 13.036213676401307
      },
      "noisy": {
        "pesq": 1.1155323386192322,
        "stoi": 0.6907424347173695,
        "estoi": 0.48033544492031555,
        "si_snr_db": -1.2522045605865997,
        "sdr_db": -1.1920623289599863
      }
    },
    "summary_json": "/home/nis/jinrui.yang/EaBNet_light/logs_cbam_flat_projection64/overfit8_epoch40_v2/before/summary.json"
  },
  "after_latest": {
    "checkpoint": "/home/nis/jinrui.yang/EaBNet_light/logs_cbam_flat_projection64/overfit8_epoch40_v2/checkpoints/checkpoint_latest.pt",
    "epoch": 200,
    "eval_loss": 0.02044204669073224,
    "metrics": {
      "enhanced": {
        "pesq": 2.869246184825897,
        "stoi": 0.9369720990871098,
        "estoi": 0.8594782808981221,
        "si_snr_db": 13.965105157559876,
        "sdr_db": 14.580069864030632
      },
      "noisy": {
        "pesq": 1.1155323386192322,
        "stoi": 0.6907424347173695,
        "estoi": 0.4803354449203156,
        "si_snr_db": -1.2522045605865997,
        "sdr_db": -1.1920623289599863
      }
    },
    "summary_json": "/home/nis/jinrui.yang/EaBNet_light/logs_cbam_flat_projection64/overfit8_epoch40_v2/after_latest/summary.json"
  },
  "after_best": {
    "checkpoint": "/home/nis/jinrui.yang/EaBNet_light/logs_cbam_flat_projection64/overfit8_epoch40_v2/best/best_model.pt",
    "epoch": 200,
    "eval_loss": 0.02044204669073224,
    "metrics": {
      "enhanced": {
        "pesq": 2.8692378103733063,
        "stoi": 0.9369721011387667,
        "estoi": 0.8594782827614373,
        "si_snr_db": 13.96510504453697,
        "sdr_db": 14.580069751506514
      },
      "noisy": {
        "pesq": 1.1155323386192322,
        "stoi": 0.6907424347173695,
        "estoi": 0.48033544492031555,
        "si_snr_db": -1.2522045605865997,
        "sdr_db": -1.1920623289599863
      }
    },
    "summary_json": "/home/nis/jinrui.yang/EaBNet_light/logs_cbam_flat_projection64/overfit8_epoch40_v2/after_best/summary.json"
  },
  "source_epoch": 40,
  "source_checkpoint_sha256": "aa778ce97bad0db0a4b2b4b094857d1b784bf1090fe18ff141068dcf7f602c7b",
  "candidate": "cbam_flat_projection64",
  "device": "cuda",
  "num_samples": 8,
  "epochs": 200,
  "batch_size": 2,
  "learning_rate": 0.0001,
  "segment_seconds": 6.0,
  "frontend": {
    "sample_rate": 16000,
    "n_fft": 512,
    "hop_length": 160,
    "win_length": 320,
    "power": 0.5,
    "target_ref_mic": 0
  },
  "subset_manifest": "/home/nis/jinrui.yang/EaBNet_light/logs_cbam_flat_projection64/overfit8_epoch40_v2/subset_manifest.json",
  "training_config": "/home/nis/jinrui.yang/EaBNet_light/logs_cbam_flat_projection64/overfit8_epoch40_v2/training_command.json",
  "steps": 800,
  "resume_history": [
    {
      "time_utc": "2026-09-24T03:49:28.664012+00:00",
      "epoch": 25,
      "optimizer_steps": 100,
      "previous_status": "running",
      "previous_error": null,
      "rng_note": "Original trainer reseeds on restart; not a bitwise continuation of batch order."
    }
  ],
  "training_returncode": 0,
  "actual_optimizer_steps": 800
}
