Structure hypothesis: cbam_flat_projection64; author equivalence is unverified.
Device: cuda:0
GPU IDs: [0]
CPU threads (intra/inter-op): 2/1
TF32/cudnn_benchmark: no/no
MALLOC_ARENA_MAX env: <unset> | mallopt target: 2
Train dir: /home/nis/jinrui.yang/EaBNet_light/logs_cbam_flat_projection64/overfit8_lr1e3_20260924_161645/dataset
Val dir: /home/nis/jinrui.yang/EaBNet_light/logs_cbam_flat_projection64/overfit8_lr1e3_20260924_161645/dataset
Checkpoint dir: /home/nis/jinrui.yang/EaBNet_light/logs_cbam_flat_projection64/overfit8_lr1e3_20260924_161645/checkpoints
Best model dir: /home/nis/jinrui.yang/EaBNet_light/logs_cbam_flat_projection64/overfit8_lr1e3_20260924_161645/best
TensorBoard log dir: /home/nis/jinrui.yang/EaBNet_light/logs_cbam_flat_projection64/overfit8_lr1e3_20260924_161645/logs
DataLoader config: workers=0, pin_memory=False, persistent_workers=False, prefetch_factor=N/A, strict_memory=yes, segment_samples=0, parallel_mode=none
/home/nis/jinrui.yang/EaBNet_light/train_light.py:777: FutureWarning: You are using `torch.load` with `weights_only=False` (the current default value), which uses the default pickle module implicitly. It is possible to construct malicious pickle data which will execute arbitrary code during unpickling (See https://github.com/pytorch/pytorch/blob/main/SECURITY.md#untrusted-models for more details). In a future release, the default value for `weights_only` will be flipped to `True`. This limits the functions that could be executed during unpickling. Arbitrary objects will no longer be allowed to be loaded via this mode unless they are explicitly allowlisted by the user via `torch.serialization.add_safe_globals`. We recommend you start setting `weights_only=True` for any use case where you don't have full control of the loaded file. Please open an issue on GitHub for any issues related to this experimental feature.
  checkpoint = torch.load(checkpoint_path, map_location=device)
Resumed from /home/nis/jinrui.yang/EaBNet_light/logs_cbam_flat_projection64/overfit8_lr1e3_20260924_161645/checkpoints/checkpoint_latest.pt at epoch 0, best_val_loss=inf
Training samples: 8
Validation samples: 8

Epoch 1/200

train:   0%|          | 0/4 [00:00<?, ?it/s]
train:   0%|          | 0/4 [00:00<?, ?it/s, loss=0.0206]
train:  25%|██▌       | 1/4 [00:00<00:01,  2.12it/s, loss=0.0206]
train:  25%|██▌       | 1/4 [00:00<00:01,  2.12it/s, loss=0.0285]
train:  50%|█████     | 2/4 [00:00<00:00,  3.48it/s, loss=0.0285]
train:  50%|█████     | 2/4 [00:00<00:00,  3.48it/s, loss=0.0212]
train:  75%|███████▌  | 3/4 [00:00<00:00,  4.40it/s, loss=0.0212]
train:  75%|███████▌  | 3/4 [00:00<00:00,  4.40it/s, loss=0.0341]
train: 100%|██████████| 4/4 [00:00<00:00,  5.01it/s, loss=0.0341]
                                                                 
[PERF][train] samples(local/global)=8/8, batches(local/global)=4/4, samples/s(local/global)=8.5/8.5, ms/batch(local)=235.9, data_wait=1.5%, compute=98.4%, non_finite_skips(local)=0

val:   0%|          | 0/4 [00:00<?, ?it/s]
val:   0%|          | 0/4 [00:00<?, ?it/s, loss=0.0223]
val:   0%|          | 0/4 [00:00<?, ?it/s, loss=0.0242]
val:   0%|          | 0/4 [00:00<?, ?it/s, loss=0.0296]
val:  75%|███████▌  | 3/4 [00:00<00:00, 21.09it/s, loss=0.0296]
val:  75%|███████▌  | 3/4 [00:00<00:00, 21.09it/s, loss=0.0332]
                                                               
[PERF][val] samples(local/global)=8/8, batches(local/global)=4/4, samples/s(local/global)=41.9/41.9, ms/batch(local)=47.7, data_wait=5.1%, compute=94.5%, non_finite_skips(local)=0
[MEM] epoch=1 RAM(before/after)=580.9/1410.4MB | GPU mem: gpu0 alloc=24.8MB resv=7092.0MB peak=5388.2MB
Epoch 1: train_loss=0.026086, val_loss=0.027314, lr=0.00100000
Updated best model: /home/nis/jinrui.yang/EaBNet_light/logs_cbam_flat_projection64/overfit8_lr1e3_20260924_161645/best/best_model.pt (val_loss=0.027314)

Epoch 2/200

train:   0%|          | 0/4 [00:00<?, ?it/s]
train:   0%|          | 0/4 [00:00<?, ?it/s, loss=0.0273]
train:  25%|██▌       | 1/4 [00:00<00:00,  6.25it/s, loss=0.0273]
train:  25%|██▌       | 1/4 [00:00<00:00,  6.25it/s, loss=0.0337]
train:  50%|█████     | 2/4 [00:00<00:00,  6.34it/s, loss=0.0337]
train:  50%|█████     | 2/4 [00:00<00:00,  6.34it/s, loss=0.0236]
train:  75%|███████▌  | 3/4 [00:00<00:00,  6.37it/s, loss=0.0236]
train:  75%|███████▌  | 3/4 [00:00<00:00,  6.37it/s, loss=0.0237]
train: 100%|██████████| 4/4 [00:00<00:00,  6.38it/s, loss=0.0237]
                                                                 
[PERF][train] samples(local/global)=8/8, batches(local/global)=4/4, samples/s(local/global)=12.7/12.7, ms/batch(local)=157.1, data_wait=2.1%, compute=97.8%, non_finite_skips(local)=0

val:   0%|          | 0/4 [00:00<?, ?it/s]
val:   0%|          | 0/4 [00:00<?, ?it/s, loss=0.0205]
val:   0%|          | 0/4 [00:00<?, ?it/s, loss=0.0218]
val:   0%|          | 0/4 [00:00<?, ?it/s, loss=0.0286]
val:  75%|███████▌  | 3/4 [00:00<00:00, 21.17it/s, loss=0.0286]
val:  75%|███████▌  | 3/4 [00:00<00:00, 21.17it/s, loss=0.0336]
                                                               
[PERF][val] samples(local/global)=8/8, batches(local/global)=4/4, samples/s(local/global)=41.9/41.9, ms/batch(local)=47.7, data_wait=5.2%, compute=94.5%, non_finite_skips(local)=0
[MEM] epoch=2 RAM(before/after)=1411.2/1419.9MB | GPU mem: gpu0 alloc=24.8MB resv=7092.0MB peak=5388.2MB
Epoch 2: train_loss=0.027092, val_loss=0.026121, lr=0.00100000
Updated best model: /home/nis/jinrui.yang/EaBNet_light/logs_cbam_flat_projection64/overfit8_lr1e3_20260924_161645/best/best_model.pt (val_loss=0.026121)

Epoch 3/200

train:   0%|          | 0/4 [00:00<?, ?it/s]
train:   0%|          | 0/4 [00:00<?, ?it/s, loss=0.0432]
train:  25%|██▌       | 1/4 [00:00<00:00,  6.21it/s, loss=0.0432]
train:  25%|██▌       | 1/4 [00:00<00:00,  6.21it/s, loss=0.0286]
train:  50%|█████     | 2/4 [00:00<00:00,  6.32it/s, loss=0.0286]
train:  50%|█████     | 2/4 [00:00<00:00,  6.32it/s, loss=0.0204]
train:  75%|███████▌  | 3/4 [00:00<00:00,  6.37it/s, loss=0.0204]
train:  75%|███████▌  | 3/4 [00:00<00:00,  6.37it/s, loss=0.0121]
train: 100%|██████████| 4/4 [00:00<00:00,  6.37it/s, loss=0.0121]
                                                                 
[PERF][train] samples(local/global)=8/8, batches(local/global)=4/4, samples/s(local/global)=12.7/12.7, ms/batch(local)=157.6, data_wait=2.0%, compute=97.8%, non_finite_skips(local)=0

val:   0%|          | 0/4 [00:00<?, ?it/s]
val:   0%|          | 0/4 [00:00<?, ?it/s, loss=0.0205]
val:   0%|          | 0/4 [00:00<?, ?it/s, loss=0.0229]
val:   0%|          | 0/4 [00:00<?, ?it/s, loss=0.0254]
val:  75%|███████▌  | 3/4 [00:00<00:00, 21.04it/s, loss=0.0254]
val:  75%|███████▌  | 3/4 [00:00<00:00, 21.04it/s, loss=0.0328]
                                                               
[PERF][val] samples(local/global)=8/8, batches(local/global)=4/4, samples/s(local/global)=41.9/41.9, ms/batch(local)=47.7, data_wait=5.1%, compute=94.5%, non_finite_skips(local)=0
[MEM] epoch=3 RAM(before/after)=1420.1/1411.9MB | GPU mem: gpu0 alloc=24.8MB resv=7092.0MB peak=5388.2MB
Epoch 3: train_loss=0.026073, val_loss=0.025383, lr=0.00100000
Updated best model: /home/nis/jinrui.yang/EaBNet_light/logs_cbam_flat_projection64/overfit8_lr1e3_20260924_161645/best/best_model.pt (val_loss=0.025383)

Epoch 4/200

train:   0%|          | 0/4 [00:00<?, ?it/s]
train:   0%|          | 0/4 [00:00<?, ?it/s, loss=0.0133]
train:  25%|██▌       | 1/4 [00:00<00:00,  6.18it/s, loss=0.0133]
train:  25%|██▌       | 1/4 [00:00<00:00,  6.18it/s, loss=0.0180]
train:  50%|█████     | 2/4 [00:00<00:00,  6.30it/s, loss=0.0180]
train:  50%|█████     | 2/4 [00:00<00:00,  6.30it/s, loss=0.0479]
train:  75%|███████▌  | 3/4 [00:00<00:00,  6.35it/s, loss=0.0479]
train:  75%|███████▌  | 3/4 [00:00<00:00,  6.35it/s, loss=0.0198]
train: 100%|██████████| 4/4 [00:00<00:00,  6.36it/s, loss=0.0198]
                                                                 
[PERF][train] samples(local/global)=8/8, batches(local/global)=4/4, samples/s(local/global)=12.7/12.7, ms/batch(local)=158.0, data_wait=2.4%, compute=97.4%, non_finite_skips(local)=0

val:   0%|          | 0/4 [00:00<?, ?it/s]
val:   0%|          | 0/4 [00:00<?, ?it/s, loss=0.0206]
val:   0%|          | 0/4 [00:00<?, ?it/s, loss=0.0210]
val:   0%|          | 0/4 [00:00<?, ?it/s, loss=0.0237]
val:  75%|███████▌  | 3/4 [00:00<00:00, 20.92it/s, loss=0.0237]
val:  75%|███████▌  | 3/4 [00:00<00:00, 20.92it/s, loss=0.0329]
                                                               
[PERF][val] samples(local/global)=8/8, batches(local/global)=4/4, samples/s(local/global)=41.8/41.8, ms/batch(local)=47.9, data_wait=5.6%, compute=94.1%, non_finite_skips(local)=0
[MEM] epoch=4 RAM(before/after)=1411.9/1412.5MB | GPU mem: gpu0 alloc=24.8MB resv=7092.0MB peak=5388.2MB
Epoch 4: train_loss=0.024719, val_loss=0.024522, lr=0.00100000
Updated best model: /home/nis/jinrui.yang/EaBNet_light/logs_cbam_flat_projection64/overfit8_lr1e3_20260924_161645/best/best_model.pt (val_loss=0.024522)

Epoch 5/200

train:   0%|          | 0/4 [00:00<?, ?it/s]
train:   0%|          | 0/4 [00:00<?, ?it/s, loss=0.0134]
train:  25%|██▌       | 1/4 [00:00<00:00,  6.20it/s, loss=0.0134]
train:  25%|██▌       | 1/4 [00:00<00:00,  6.20it/s, loss=0.0456]
train:  50%|█████     | 2/4 [00:00<00:00,  6.32it/s, loss=0.0456]
train:  50%|█████     | 2/4 [00:00<00:00,  6.32it/s, loss=0.0115]
train:  75%|███████▌  | 3/4 [00:00<00:00,  6.35it/s, loss=0.0115]
train:  75%|███████▌  | 3/4 [00:00<00:00,  6.35it/s, loss=0.0280]
train: 100%|██████████| 4/4 [00:00<00:00,  6.35it/s, loss=0.0280]
                                                                 
[PERF][train] samples(local/global)=8/8, batches(local/global)=4/4, samples/s(local/global)=12.7/12.7, ms/batch(local)=157.9, data_wait=2.3%, compute=97.6%, non_finite_skips(local)=0

val:   0%|          | 0/4 [00:00<?, ?it/s]
val:   0%|          | 0/4 [00:00<?, ?it/s, loss=0.0207]
val:   0%|          | 0/4 [00:00<?, ?it/s, loss=0.0207]
val:   0%|          | 0/4 [00:00<?, ?it/s, loss=0.0234]
val:  75%|███████▌  | 3/4 [00:00<00:00, 20.97it/s, loss=0.0234]
val:  75%|███████▌  | 3/4 [00:00<00:00, 20.97it/s, loss=0.0330]
                                                               
[PERF][val] samples(local/global)=8/8, batches(local/global)=4/4, samples/s(local/global)=41.7/41.7, ms/batch(local)=48.0, data_wait=5.5%, compute=94.2%, non_finite_skips(local)=0
[MEM] epoch=5 RAM(before/after)=1412.5/1412.5MB | GPU mem: gpu0 alloc=24.8MB resv=7092.0MB peak=5388.2MB
Epoch 5: train_loss=0.024595, val_loss=0.024427, lr=0.00100000
Updated best model: /home/nis/jinrui.yang/EaBNet_light/logs_cbam_flat_projection64/overfit8_lr1e3_20260924_161645/best/best_model.pt (val_loss=0.024427)

Epoch 6/200

train:   0%|          | 0/4 [00:00<?, ?it/s]
train:   0%|          | 0/4 [00:00<?, ?it/s, loss=0.0123]
train:  25%|██▌       | 1/4 [00:00<00:00,  6.29it/s, loss=0.0123]
train:  25%|██▌       | 1/4 [00:00<00:00,  6.29it/s, loss=0.0133]
train:  50%|█████     | 2/4 [00:00<00:00,  6.32it/s, loss=0.0133]
train:  50%|█████     | 2/4 [00:00<00:00,  6.32it/s, loss=0.0443]
train:  75%|███████▌  | 3/4 [00:00<00:00,  6.34it/s, loss=0.0443]
train:  75%|███████▌  | 3/4 [00:00<00:00,  6.34it/s, loss=0.0257]
train: 100%|██████████| 4/4 [00:00<00:00,  6.35it/s, loss=0.0257]
                                                                 
[PERF][train] samples(local/global)=8/8, batches(local/global)=4/4, samples/s(local/global)=12.7/12.7, ms/batch(local)=157.9, data_wait=2.0%, compute=97.9%, non_finite_skips(local)=0

val:   0%|          | 0/4 [00:00<?, ?it/s]
val:   0%|          | 0/4 [00:00<?, ?it/s, loss=0.0201]
val:   0%|          | 0/4 [00:00<?, ?it/s, loss=0.0200]
val:   0%|          | 0/4 [00:00<?, ?it/s, loss=0.0231]
val:  75%|███████▌  | 3/4 [00:00<00:00, 20.83it/s, loss=0.0231]
val:  75%|███████▌  | 3/4 [00:00<00:00, 20.83it/s, loss=0.0318]
                                                               
[PERF][val] samples(local/global)=8/8, batches(local/global)=4/4, samples/s(local/global)=41.6/41.6, ms/batch(local)=48.1, data_wait=5.7%, compute=94.0%, non_finite_skips(local)=0
[MEM] epoch=6 RAM(before/after)=1412.5/1411.9MB | GPU mem: gpu0 alloc=24.8MB resv=7092.0MB peak=5388.2MB
Epoch 6: train_loss=0.023907, val_loss=0.023739, lr=0.00100000
Updated best model: /home/nis/jinrui.yang/EaBNet_light/logs_cbam_flat_projection64/overfit8_lr1e3_20260924_161645/best/best_model.pt (val_loss=0.023739)

Epoch 7/200

train:   0%|          | 0/4 [00:00<?, ?it/s]
train:   0%|          | 0/4 [00:00<?, ?it/s, loss=0.0201]
train:  25%|██▌       | 1/4 [00:00<00:00,  6.25it/s, loss=0.0201]
train:  25%|██▌       | 1/4 [00:00<00:00,  6.25it/s, loss=0.0104]
train:  50%|█████     | 2/4 [00:00<00:00,  6.31it/s, loss=0.0104]
train:  50%|█████     | 2/4 [00:00<00:00,  6.31it/s, loss=0.0321]
train:  75%|███████▌  | 3/4 [00:00<00:00,  6.34it/s, loss=0.0321]
train:  75%|███████▌  | 3/4 [00:00<00:00,  6.34it/s, loss=0.0319]
train: 100%|██████████| 4/4 [00:00<00:00,  6.35it/s, loss=0.0319]
                                                                 
[PERF][train] samples(local/global)=8/8, batches(local/global)=4/4, samples/s(local/global)=12.7/12.7, ms/batch(local)=157.9, data_wait=2.1%, compute=97.8%, non_finite_skips(local)=0

val:   0%|          | 0/4 [00:00<?, ?it/s]
val:   0%|          | 0/4 [00:00<?, ?it/s, loss=0.0199]
val:   0%|          | 0/4 [00:00<?, ?it/s, loss=0.0198]
val:   0%|          | 0/4 [00:00<?, ?it/s, loss=0.0227]
val:  75%|███████▌  | 3/4 [00:00<00:00, 20.74it/s, loss=0.0227]
val:  75%|███████▌  | 3/4 [00:00<00:00, 20.74it/s, loss=0.0313]
                                                               
[PERF][val] samples(local/global)=8/8, batches(local/global)=4/4, samples/s(local/global)=41.4/41.4, ms/batch(local)=48.3, data_wait=6.0%, compute=93.7%, non_finite_skips(local)=0
[MEM] epoch=7 RAM(before/after)=1411.9/1412.5MB | GPU mem: gpu0 alloc=24.8MB resv=7092.0MB peak=5388.2MB
Epoch 7: train_loss=0.023628, val_loss=0.023425, lr=0.00100000
Updated best model: /home/nis/jinrui.yang/EaBNet_light/logs_cbam_flat_projection64/overfit8_lr1e3_20260924_161645/best/best_model.pt (val_loss=0.023425)

Epoch 8/200

train:   0%|          | 0/4 [00:00<?, ?it/s]
train:   0%|          | 0/4 [00:00<?, ?it/s, loss=0.0434]
train:  25%|██▌       | 1/4 [00:00<00:00,  6.30it/s, loss=0.0434]
train:  25%|██▌       | 1/4 [00:00<00:00,  6.30it/s, loss=0.0109]
train:  50%|█████     | 2/4 [00:00<00:00,  6.34it/s, loss=0.0109]
train:  50%|█████     | 2/4 [00:00<00:00,  6.34it/s, loss=0.0125]
train:  75%|███████▌  | 3/4 [00:00<00:00,  6.35it/s, loss=0.0125]
train:  75%|███████▌  | 3/4 [00:00<00:00,  6.35it/s, loss=0.0269]
train: 100%|██████████| 4/4 [00:00<00:00,  6.37it/s, loss=0.0269]
                                                                 
[PERF][train] samples(local/global)=8/8, batches(local/global)=4/4, samples/s(local/global)=12.7/12.7, ms/batch(local)=157.4, data_wait=1.9%, compute=98.0%, non_finite_skips(local)=0

val:   0%|          | 0/4 [00:00<?, ?it/s]
val:   0%|          | 0/4 [00:00<?, ?it/s, loss=0.0200]
val:   0%|          | 0/4 [00:00<?, ?it/s, loss=0.0197]
val:   0%|          | 0/4 [00:00<?, ?it/s, loss=0.0225]
val:  75%|███████▌  | 3/4 [00:00<00:00, 20.84it/s, loss=0.0225]
val:  75%|███████▌  | 3/4 [00:00<00:00, 20.84it/s, loss=0.0316]
                                                               
[PERF][val] samples(local/global)=8/8, batches(local/global)=4/4, samples/s(local/global)=41.6/41.6, ms/batch(local)=48.1, data_wait=5.7%, compute=94.0%, non_finite_skips(local)=0
[MEM] epoch=8 RAM(before/after)=1412.5/1412.5MB | GPU mem: gpu0 alloc=24.8MB resv=7092.0MB peak=5388.2MB
Epoch 8: train_loss=0.023421, val_loss=0.023448, lr=0.00100000

Epoch 9/200

train:   0%|          | 0/4 [00:00<?, ?it/s]
train:   0%|          | 0/4 [00:00<?, ?it/s, loss=0.0395]
train:  25%|██▌       | 1/4 [00:00<00:00,  6.13it/s, loss=0.0395]
train:  25%|██▌       | 1/4 [00:00<00:00,  6.13it/s, loss=0.0266]
train:  50%|█████     | 2/4 [00:00<00:00,  6.28it/s, loss=0.0266]
train:  50%|█████     | 2/4 [00:00<00:00,  6.28it/s, loss=0.0107]
train:  75%|███████▌  | 3/4 [00:00<00:00,  6.34it/s, loss=0.0107]
train:  75%|███████▌  | 3/4 [00:00<00:00,  6.34it/s, loss=0.0163]
train: 100%|██████████| 4/4 [00:00<00:00,  6.35it/s, loss=0.0163]
                                                                 
[PERF][train] samples(local/global)=8/8, batches(local/global)=4/4, samples/s(local/global)=12.6/12.6, ms/batch(local)=158.4, data_wait=2.3%, compute=97.6%, non_finite_skips(local)=0

val:   0%|          | 0/4 [00:00<?, ?it/s]
val:   0%|          | 0/4 [00:00<?, ?it/s, loss=0.0197]
val:   0%|          | 0/4 [00:00<?, ?it/s, loss=0.0193]
val:   0%|          | 0/4 [00:00<?, ?it/s, loss=0.0220]
val:  75%|███████▌  | 3/4 [00:00<00:00, 20.96it/s, loss=0.0220]
val:  75%|███████▌  | 3/4 [00:00<00:00, 20.96it/s, loss=0.0308]
                                                               
[PERF][val] samples(local/global)=8/8, batches(local/global)=4/4, samples/s(local/global)=41.7/41.7, ms/batch(local)=47.9, data_wait=5.5%, compute=94.2%, non_finite_skips(local)=0
[MEM] epoch=9 RAM(before/after)=1412.5/1412.5MB | GPU mem: gpu0 alloc=24.8MB resv=7092.0MB peak=5388.2MB
Epoch 9: train_loss=0.023275, val_loss=0.022972, lr=0.00100000
Updated best model: /home/nis/jinrui.yang/EaBNet_light/logs_cbam_flat_projection64/overfit8_lr1e3_20260924_161645/best/best_model.pt (val_loss=0.022972)

Epoch 10/200

train:   0%|          | 0/4 [00:00<?, ?it/s]
train:   0%|          | 0/4 [00:00<?, ?it/s, loss=0.0117]
train:  25%|██▌       | 1/4 [00:00<00:00,  6.03it/s, loss=0.0117]
train:  25%|██▌       | 1/4 [00:00<00:00,  6.03it/s, loss=0.0167]
train:  50%|█████     | 2/4 [00:00<00:00,  6.25it/s, loss=0.0167]
train:  50%|█████     | 2/4 [00:00<00:00,  6.25it/s, loss=0.0369]
train:  75%|███████▌  | 3/4 [00:00<00:00,  6.32it/s, loss=0.0369]
train:  75%|███████▌  | 3/4 [00:00<00:00,  6.32it/s, loss=0.0271]
train: 100%|██████████| 4/4 [00:00<00:00,  6.35it/s, loss=0.0271]
                                                                 
[PERF][train] samples(local/global)=8/8, batches(local/global)=4/4, samples/s(local/global)=12.6/12.6, ms/batch(local)=158.7, data_wait=2.9%, compute=97.0%, non_finite_skips(local)=0

val:   0%|          | 0/4 [00:00<?, ?it/s]
val:   0%|          | 0/4 [00:00<?, ?it/s, loss=0.0197]
val:   0%|          | 0/4 [00:00<?, ?it/s, loss=0.0193]
val:   0%|          | 0/4 [00:00<?, ?it/s, loss=0.0217]
val:  75%|███████▌  | 3/4 [00:00<00:00, 20.92it/s, loss=0.0217]
val:  75%|███████▌  | 3/4 [00:00<00:00, 20.92it/s, loss=0.0306]
                                                               
[PERF][val] samples(local/global)=8/8, batches(local/global)=4/4, samples/s(local/global)=41.6/41.6, ms/batch(local)=48.0, data_wait=5.6%, compute=94.0%, non_finite_skips(local)=0
[MEM] epoch=10 RAM(before/after)=1412.5/1412.5MB | GPU mem: gpu0 alloc=24.8MB resv=7092.0MB peak=5388.2MB
Epoch 10: train_loss=0.023077, val_loss=0.022829, lr=0.00100000
Updated best model: /home/nis/jinrui.yang/EaBNet_light/logs_cbam_flat_projection64/overfit8_lr1e3_20260924_161645/best/best_model.pt (val_loss=0.022829)

Epoch 11/200

train:   0%|          | 0/4 [00:00<?, ?it/s]
train:   0%|          | 0/4 [00:00<?, ?it/s, loss=0.0312]
train:  25%|██▌       | 1/4 [00:00<00:00,  6.18it/s, loss=0.0312]
train:  25%|██▌       | 1/4 [00:00<00:00,  6.18it/s, loss=0.0268]
train:  50%|█████     | 2/4 [00:00<00:00,  6.28it/s, loss=0.0268]
train:  50%|█████     | 2/4 [00:00<00:00,  6.28it/s, loss=0.0219]
train:  75%|███████▌  | 3/4 [00:00<00:00,  6.33it/s, loss=0.0219]
train:  75%|███████▌  | 3/4 [00:00<00:00,  6.33it/s, loss=0.0116]
train: 100%|██████████| 4/4 [00:00<00:00,  6.35it/s, loss=0.0116]
                                                                 
[PERF][train] samples(local/global)=8/8, batches(local/global)=4/4, samples/s(local/global)=12.6/12.6, ms/batch(local)=158.3, data_wait=2.3%, compute=97.6%, non_finite_skips(local)=0

val:   0%|          | 0/4 [00:00<?, ?it/s]
val:   0%|          | 0/4 [00:00<?, ?it/s, loss=0.0198]
val:   0%|          | 0/4 [00:00<?, ?it/s, loss=0.0192]
val:   0%|          | 0/4 [00:00<?, ?it/s, loss=0.0217]
val:  75%|███████▌  | 3/4 [00:00<00:00, 20.87it/s, loss=0.0217]
val:  75%|███████▌  | 3/4 [00:00<00:00, 20.87it/s, loss=0.0312]
                                                               
[PERF][val] samples(local/global)=8/8, batches(local/global)=4/4, samples/s(local/global)=41.6/41.6, ms/batch(local)=48.1, data_wait=5.7%, compute=94.0%, non_finite_skips(local)=0
[MEM] epoch=11 RAM(before/after)=1412.5/1412.5MB | GPU mem: gpu0 alloc=24.8MB resv=7092.0MB peak=5388.2MB
Epoch 11: train_loss=0.022873, val_loss=0.022964, lr=0.00100000

Epoch 12/200

train:   0%|          | 0/4 [00:00<?, ?it/s]
train:   0%|          | 0/4 [00:00<?, ?it/s, loss=0.0233]
train:  25%|██▌       | 1/4 [00:00<00:00,  6.19it/s, loss=0.0233]
train:  25%|██▌       | 1/4 [00:00<00:00,  6.19it/s, loss=0.0049]
train:  50%|█████     | 2/4 [00:00<00:00,  6.31it/s, loss=0.0049]
train:  50%|█████     | 2/4 [00:00<00:00,  6.31it/s, loss=0.0266]
train:  75%|███████▌  | 3/4 [00:00<00:00,  6.33it/s, loss=0.0266]
train:  75%|███████▌  | 3/4 [00:00<00:00,  6.33it/s, loss=0.0366]
train: 100%|██████████| 4/4 [00:00<00:00,  6.35it/s, loss=0.0366]
                                                                 
[PERF][train] samples(local/global)=8/8, batches(local/global)=4/4, samples/s(local/global)=12.6/12.6, ms/batch(local)=158.2, data_wait=2.3%, compute=97.5%, non_finite_skips(local)=0

val:   0%|          | 0/4 [00:00<?, ?it/s]
val:   0%|          | 0/4 [00:00<?, ?it/s, loss=0.0195]
val:   0%|          | 0/4 [00:00<?, ?it/s, loss=0.0189]
val:   0%|          | 0/4 [00:00<?, ?it/s, loss=0.0216]
val:  75%|███████▌  | 3/4 [00:00<00:00, 20.88it/s, loss=0.0216]
val:  75%|███████▌  | 3/4 [00:00<00:00, 20.88it/s, loss=0.0307]
                                                               
[PERF][val] samples(local/global)=8/8, batches(local/global)=4/4, samples/s(local/global)=41.8/41.8, ms/batch(local)=47.9, data_wait=5.4%, compute=94.3%, non_finite_skips(local)=0
[MEM] epoch=12 RAM(before/after)=1412.5/1412.5MB | GPU mem: gpu0 alloc=24.8MB resv=7092.0MB peak=5388.2MB
Epoch 12: train_loss=0.022850, val_loss=0.022667, lr=0.00100000
Updated best model: /home/nis/jinrui.yang/EaBNet_light/logs_cbam_flat_projection64/overfit8_lr1e3_20260924_161645/best/best_model.pt (val_loss=0.022667)

Epoch 13/200

train:   0%|          | 0/4 [00:00<?, ?it/s]
train:   0%|          | 0/4 [00:00<?, ?it/s, loss=0.0423]
train:  25%|██▌       | 1/4 [00:00<00:00,  6.20it/s, loss=0.0423]
train:  25%|██▌       | 1/4 [00:00<00:00,  6.20it/s, loss=0.0114]
train:  50%|█████     | 2/4 [00:00<00:00,  6.29it/s, loss=0.0114]
train:  50%|█████     | 2/4 [00:00<00:00,  6.29it/s, loss=0.0196]
train:  75%|███████▌  | 3/4 [00:00<00:00,  6.33it/s, loss=0.0196]
train:  75%|███████▌  | 3/4 [00:00<00:00,  6.33it/s, loss=0.0175]
train: 100%|██████████| 4/4 [00:00<00:00,  6.35it/s, loss=0.0175]
                                                                 
[PERF][train] samples(local/global)=8/8, batches(local/global)=4/4, samples/s(local/global)=12.6/12.6, ms/batch(local)=158.2, data_wait=2.3%, compute=97.6%, non_finite_skips(local)=0

val:   0%|          | 0/4 [00:00<?, ?it/s]
val:   0%|          | 0/4 [00:00<?, ?it/s, loss=0.0197]
val:   0%|          | 0/4 [00:00<?, ?it/s, loss=0.0190]
val:   0%|          | 0/4 [00:00<?, ?it/s, loss=0.0217]
val:  75%|███████▌  | 3/4 [00:00<00:00, 20.88it/s, loss=0.0217]
val:  75%|███████▌  | 3/4 [00:00<00:00, 20.88it/s, loss=0.0305]
                                                               
[PERF][val] samples(local/global)=8/8, batches(local/global)=4/4, samples/s(local/global)=41.8/41.8, ms/batch(local)=47.9, data_wait=5.4%, compute=94.4%, non_finite_skips(local)=0
[MEM] epoch=13 RAM(before/after)=1412.5/1412.5MB | GPU mem: gpu0 alloc=24.8MB resv=7092.0MB peak=5388.2MB
Epoch 13: train_loss=0.022687, val_loss=0.022738, lr=0.00100000

Epoch 14/200

train:   0%|          | 0/4 [00:00<?, ?it/s]
train:   0%|          | 0/4 [00:00<?, ?it/s, loss=0.0158]
train:  25%|██▌       | 1/4 [00:00<00:00,  6.31it/s, loss=0.0158]
train:  25%|██▌       | 1/4 [00:00<00:00,  6.31it/s, loss=0.0173]
train:  50%|█████     | 2/4 [00:00<00:00,  6.36it/s, loss=0.0173]
train:  50%|█████     | 2/4 [00:00<00:00,  6.36it/s, loss=0.0456]
train:  75%|███████▌  | 3/4 [00:00<00:00,  6.36it/s, loss=0.0456]
train:  75%|███████▌  | 3/4 [00:00<00:00,  6.36it/s, loss=0.0119]
train: 100%|██████████| 4/4 [00:00<00:00,  6.34it/s, loss=0.0119]
                                                                 
[PERF][train] samples(local/global)=8/8, batches(local/global)=4/4, samples/s(local/global)=12.7/12.7, ms/batch(local)=157.8, data_wait=2.1%, compute=97.8%, non_finite_skips(local)=0

val:   0%|          | 0/4 [00:00<?, ?it/s]
val:   0%|          | 0/4 [00:00<?, ?it/s, loss=0.0194]
val:   0%|          | 0/4 [00:00<?, ?it/s, loss=0.0187]
val:   0%|          | 0/4 [00:00<?, ?it/s, loss=0.0214]
val:  75%|███████▌  | 3/4 [00:00<00:00, 20.75it/s, loss=0.0214]
val:  75%|███████▌  | 3/4 [00:00<00:00, 20.75it/s, loss=0.0301]
                                                               
[PERF][val] samples(local/global)=8/8, batches(local/global)=4/4, samples/s(local/global)=41.5/41.5, ms/batch(local)=48.1, data_wait=5.7%, compute=94.0%, non_finite_skips(local)=0
[MEM] epoch=14 RAM(before/after)=1412.5/1412.5MB | GPU mem: gpu0 alloc=24.8MB resv=7092.0MB peak=5388.2MB
Epoch 14: train_loss=0.022633, val_loss=0.022399, lr=0.00100000
Updated best model: /home/nis/jinrui.yang/EaBNet_light/logs_cbam_flat_projection64/overfit8_lr1e3_20260924_161645/best/best_model.pt (val_loss=0.022399)

Epoch 15/200

train:   0%|          | 0/4 [00:00<?, ?it/s]
train:   0%|          | 0/4 [00:00<?, ?it/s, loss=0.0112]
train:  25%|██▌       | 1/4 [00:00<00:00,  6.13it/s, loss=0.0112]
train:  25%|██▌       | 1/4 [00:00<00:00,  6.13it/s, loss=0.0309]
train:  50%|█████     | 2/4 [00:00<00:00,  6.26it/s, loss=0.0309]
train:  50%|█████     | 2/4 [00:00<00:00,  6.26it/s, loss=0.0174]
train:  75%|███████▌  | 3/4 [00:00<00:00,  6.31it/s, loss=0.0174]
train:  75%|███████▌  | 3/4 [00:00<00:00,  6.31it/s, loss=0.0308]
train: 100%|██████████| 4/4 [00:00<00:00,  6.35it/s, loss=0.0308]
                                                                 
[PERF][train] samples(local/global)=8/8, batches(local/global)=4/4, samples/s(local/global)=12.6/12.6, ms/batch(local)=158.6, data_wait=2.5%, compute=97.4%, non_finite_skips(local)=0

val:   0%|          | 0/4 [00:00<?, ?it/s]
val:   0%|          | 0/4 [00:00<?, ?it/s, loss=0.0195]
val:   0%|          | 0/4 [00:00<?, ?it/s, loss=0.0187]
val:   0%|          | 0/4 [00:00<?, ?it/s, loss=0.0211]
val:  75%|███████▌  | 3/4 [00:00<00:00, 20.86it/s, loss=0.0211]
val:  75%|███████▌  | 3/4 [00:00<00:00, 20.86it/s, loss=0.0301]
                                                               
[PERF][val] samples(local/global)=8/8, batches(local/global)=4/4, samples/s(local/global)=41.7/41.7, ms/batch(local)=47.9, data_wait=5.4%, compute=94.3%, non_finite_skips(local)=0
[MEM] epoch=15 RAM(before/after)=1412.5/1412.5MB | GPU mem: gpu0 alloc=24.8MB resv=7092.0MB peak=5388.2MB
Epoch 15: train_loss=0.022543, val_loss=0.022334, lr=0.00100000
Updated best model: /home/nis/jinrui.yang/EaBNet_light/logs_cbam_flat_projection64/overfit8_lr1e3_20260924_161645/best/best_model.pt (val_loss=0.022334)

Epoch 16/200

train:   0%|          | 0/4 [00:00<?, ?it/s]
train:   0%|          | 0/4 [00:00<?, ?it/s, loss=0.0103]
train:  25%|██▌       | 1/4 [00:00<00:00,  6.17it/s, loss=0.0103]
train:  25%|██▌       | 1/4 [00:00<00:00,  6.17it/s, loss=0.0414]
train:  50%|█████     | 2/4 [00:00<00:00,  6.29it/s, loss=0.0414]
train:  50%|█████     | 2/4 [00:00<00:00,  6.29it/s, loss=0.0115]
train:  75%|███████▌  | 3/4 [00:00<00:00,  6.32it/s, loss=0.0115]
train:  75%|███████▌  | 3/4 [00:00<00:00,  6.32it/s, loss=0.0259]
train: 100%|██████████| 4/4 [00:00<00:00,  6.34it/s, loss=0.0259]
                                                                 
[PERF][train] samples(local/global)=8/8, batches(local/global)=4/4, samples/s(local/global)=12.6/12.6, ms/batch(local)=158.4, data_wait=2.3%, compute=97.5%, non_finite_skips(local)=0

val:   0%|          | 0/4 [00:00<?, ?it/s]
val:   0%|          | 0/4 [00:00<?, ?it/s, loss=0.0194]
val:   0%|          | 0/4 [00:00<?, ?it/s, loss=0.0185]
val:   0%|          | 0/4 [00:00<?, ?it/s, loss=0.0211]
val:  75%|███████▌  | 3/4 [00:00<00:00, 20.83it/s, loss=0.0211]
val:  75%|███████▌  | 3/4 [00:00<00:00, 20.83it/s, loss=0.0299]
                                                               
[PERF][val] samples(local/global)=8/8, batches(local/global)=4/4, samples/s(local/global)=41.6/41.6, ms/batch(local)=48.1, data_wait=5.7%, compute=94.0%, non_finite_skips(local)=0
[MEM] epoch=16 RAM(before/after)=1412.5/1412.5MB | GPU mem: gpu0 alloc=24.8MB resv=7092.0MB peak=5388.2MB
Epoch 16: train_loss=0.022283, val_loss=0.022195, lr=0.00100000
Updated best model: /home/nis/jinrui.yang/EaBNet_light/logs_cbam_flat_projection64/overfit8_lr1e3_20260924_161645/best/best_model.pt (val_loss=0.022195)

Epoch 17/200

train:   0%|          | 0/4 [00:00<?, ?it/s]
train:   0%|          | 0/4 [00:00<?, ?it/s, loss=0.0186]
train:  25%|██▌       | 1/4 [00:00<00:00,  6.17it/s, loss=0.0186]
train:  25%|██▌       | 1/4 [00:00<00:00,  6.17it/s, loss=0.0047]
train:  50%|█████     | 2/4 [00:00<00:00,  6.26it/s, loss=0.0047]
train:  50%|█████     | 2/4 [00:00<00:00,  6.26it/s, loss=0.0303]
train:  75%|███████▌  | 3/4 [00:00<00:00,  6.33it/s, loss=0.0303]
train:  75%|███████▌  | 3/4 [00:00<00:00,  6.33it/s, loss=0.0355]
train: 100%|██████████| 4/4 [00:00<00:00,  6.35it/s, loss=0.0355]
                                                                 
[PERF][train] samples(local/global)=8/8, batches(local/global)=4/4, samples/s(local/global)=12.6/12.6, ms/batch(local)=158.3, data_wait=2.2%, compute=97.6%, non_finite_skips(local)=0

val:   0%|          | 0/4 [00:00<?, ?it/s]
val:   0%|          | 0/4 [00:00<?, ?it/s, loss=0.0194]
val:   0%|          | 0/4 [00:00<?, ?it/s, loss=0.0184]
val:   0%|          | 0/4 [00:00<?, ?it/s, loss=0.0210]
val:  75%|███████▌  | 3/4 [00:00<00:00, 20.87it/s, loss=0.0210]
val:  75%|███████▌  | 3/4 [00:00<00:00, 20.87it/s, loss=0.0299]
                                                               
[PERF][val] samples(local/global)=8/8, batches(local/global)=4/4, samples/s(local/global)=41.7/41.7, ms/batch(local)=47.9, data_wait=5.4%, compute=94.3%, non_finite_skips(local)=0
[MEM] epoch=17 RAM(before/after)=1412.5/1412.5MB | GPU mem: gpu0 alloc=24.8MB resv=7092.0MB peak=5388.2MB
Epoch 17: train_loss=0.022244, val_loss=0.022154, lr=0.00100000
Updated best model: /home/nis/jinrui.yang/EaBNet_light/logs_cbam_flat_projection64/overfit8_lr1e3_20260924_161645/best/best_model.pt (val_loss=0.022154)

Epoch 18/200

train:   0%|          | 0/4 [00:00<?, ?it/s]
train:   0%|          | 0/4 [00:00<?, ?it/s, loss=0.0257]
train:  25%|██▌       | 1/4 [00:00<00:00,  6.18it/s, loss=0.0257]
train:  25%|██▌       | 1/4 [00:00<00:00,  6.18it/s, loss=0.0410]
train:  50%|█████     | 2/4 [00:00<00:00,  6.28it/s, loss=0.0410]
train:  50%|█████     | 2/4 [00:00<00:00,  6.28it/s, loss=0.0121]
train:  75%|███████▌  | 3/4 [00:00<00:00,  6.33it/s, loss=0.0121]
train:  75%|███████▌  | 3/4 [00:00<00:00,  6.33it/s, loss=0.0095]
train: 100%|██████████| 4/4 [00:00<00:00,  6.34it/s, loss=0.0095]
                                                                 
[PERF][train] samples(local/global)=8/8, batches(local/global)=4/4, samples/s(local/global)=12.6/12.6, ms/batch(local)=158.4, data_wait=2.4%, compute=97.5%, non_finite_skips(local)=0

val:   0%|          | 0/4 [00:00<?, ?it/s]
val:   0%|          | 0/4 [00:00<?, ?it/s, loss=0.0193]
val:   0%|          | 0/4 [00:00<?, ?it/s, loss=0.0183]
val:   0%|          | 0/4 [00:00<?, ?it/s, loss=0.0209]
val:  75%|███████▌  | 3/4 [00:00<00:00, 20.83it/s, loss=0.0209]
val:  75%|███████▌  | 3/4 [00:00<00:00, 20.83it/s, loss=0.0298]
                                                               
[PERF][val] samples(local/global)=8/8, batches(local/global)=4/4, samples/s(local/global)=41.5/41.5, ms/batch(local)=48.2, data_wait=5.8%, compute=93.9%, non_finite_skips(local)=0
[MEM] epoch=18 RAM(before/after)=1412.5/1412.5MB | GPU mem: gpu0 alloc=24.8MB resv=7092.0MB peak=5388.2MB
Epoch 18: train_loss=0.022053, val_loss=0.022078, lr=0.00100000
Updated best model: /home/nis/jinrui.yang/EaBNet_light/logs_cbam_flat_projection64/overfit8_lr1e3_20260924_161645/best/best_model.pt (val_loss=0.022078)

Epoch 19/200

train:   0%|          | 0/4 [00:00<?, ?it/s]
train:   0%|          | 0/4 [00:00<?, ?it/s, loss=0.0101]
train:  25%|██▌       | 1/4 [00:00<00:00,  6.06it/s, loss=0.0101]
train:  25%|██▌       | 1/4 [00:00<00:00,  6.06it/s, loss=0.0296]
train:  50%|█████     | 2/4 [00:00<00:00,  6.22it/s, loss=0.0296]
train:  50%|█████     | 2/4 [00:00<00:00,  6.22it/s, loss=0.0223]
train:  75%|███████▌  | 3/4 [00:00<00:00,  6.29it/s, loss=0.0223]
train:  75%|███████▌  | 3/4 [00:00<00:00,  6.29it/s, loss=0.0258]
train: 100%|██████████| 4/4 [00:00<00:00,  6.33it/s, loss=0.0258]
                                                                 
[PERF][train] samples(local/global)=8/8, batches(local/global)=4/4, samples/s(local/global)=12.6/12.6, ms/batch(local)=159.2, data_wait=2.7%, compute=97.1%, non_finite_skips(local)=0

val:   0%|          | 0/4 [00:00<?, ?it/s]
val:   0%|          | 0/4 [00:00<?, ?it/s, loss=0.0192]
val:   0%|          | 0/4 [00:00<?, ?it/s, loss=0.0182]
val:   0%|          | 0/4 [00:00<?, ?it/s, loss=0.0208]
val:  75%|███████▌  | 3/4 [00:00<00:00, 20.91it/s, loss=0.0208]
val:  75%|███████▌  | 3/4 [00:00<00:00, 20.91it/s, loss=0.0296]
                                                               
[PERF][val] samples(local/global)=8/8, batches(local/global)=4/4, samples/s(local/global)=41.7/41.7, ms/batch(local)=48.0, data_wait=5.5%, compute=94.2%, non_finite_skips(local)=0
[MEM] epoch=19 RAM(before/after)=1412.5/1412.5MB | GPU mem: gpu0 alloc=24.8MB resv=7092.0MB peak=5388.2MB
Epoch 19: train_loss=0.021959, val_loss=0.021934, lr=0.00100000
Updated best model: /home/nis/jinrui.yang/EaBNet_light/logs_cbam_flat_projection64/overfit8_lr1e3_20260924_161645/best/best_model.pt (val_loss=0.021934)

Epoch 20/200

train:   0%|          | 0/4 [00:00<?, ?it/s]
train:   0%|          | 0/4 [00:00<?, ?it/s, loss=0.0350]
train:  25%|██▌       | 1/4 [00:00<00:00,  5.96it/s, loss=0.0350]
train:  25%|██▌       | 1/4 [00:00<00:00,  5.96it/s, loss=0.0109]
train:  50%|█████     | 2/4 [00:00<00:00,  6.21it/s, loss=0.0109]
train:  50%|█████     | 2/4 [00:00<00:00,  6.21it/s, loss=0.0226]
train:  75%|███████▌  | 3/4 [00:00<00:00,  6.29it/s, loss=0.0226]
train:  75%|███████▌  | 3/4 [00:00<00:00,  6.29it/s, loss=0.0192]
train: 100%|██████████| 4/4 [00:00<00:00,  6.32it/s, loss=0.0192]
                                                                 
[PERF][train] samples(local/global)=8/8, batches(local/global)=4/4, samples/s(local/global)=12.5/12.5, ms/batch(local)=159.5, data_wait=3.0%, compute=96.9%, non_finite_skips(local)=0

val:   0%|          | 0/4 [00:00<?, ?it/s]
val:   0%|          | 0/4 [00:00<?, ?it/s, loss=0.0192]
val:   0%|          | 0/4 [00:00<?, ?it/s, loss=0.0181]
val:   0%|          | 0/4 [00:00<?, ?it/s, loss=0.0205]
val:  75%|███████▌  | 3/4 [00:00<00:00, 20.90it/s, loss=0.0205]
val:  75%|███████▌  | 3/4 [00:00<00:00, 20.90it/s, loss=0.0296]
                                                               
[PERF][val] samples(local/global)=8/8, batches(local/global)=4/4, samples/s(local/global)=41.7/41.7, ms/batch(local)=48.0, data_wait=5.4%, compute=94.3%, non_finite_skips(local)=0
[MEM] epoch=20 RAM(before/after)=1412.5/1412.5MB | GPU mem: gpu0 alloc=24.8MB resv=7092.0MB peak=5388.2MB
Epoch 20: train_loss=0.021905, val_loss=0.021843, lr=0.00100000
Updated best model: /home/nis/jinrui.yang/EaBNet_light/logs_cbam_flat_projection64/overfit8_lr1e3_20260924_161645/best/best_model.pt (val_loss=0.021843)

Epoch 21/200

train:   0%|          | 0/4 [00:00<?, ?it/s]
train:   0%|          | 0/4 [00:00<?, ?it/s, loss=0.0108]
train:  25%|██▌       | 1/4 [00:00<00:00,  6.15it/s, loss=0.0108]
train:  25%|██▌       | 1/4 [00:00<00:00,  6.15it/s, loss=0.0164]
train:  50%|█████     | 2/4 [00:00<00:00,  6.29it/s, loss=0.0164]
train:  50%|█████     | 2/4 [00:00<00:00,  6.29it/s, loss=0.0406]
train:  75%|███████▌  | 3/4 [00:00<00:00,  6.32it/s, loss=0.0406]
train:  75%|███████▌  | 3/4 [00:00<00:00,  6.32it/s, loss=0.0191]
train: 100%|██████████| 4/4 [00:00<00:00,  6.34it/s, loss=0.0191]
                                                                 
[PERF][train] samples(local/global)=8/8, batches(local/global)=4/4, samples/s(local/global)=12.6/12.6, ms/batch(local)=158.4, data_wait=2.4%, compute=97.4%, non_finite_skips(local)=0

val:   0%|          | 0/4 [00:00<?, ?it/s]
val:   0%|          | 0/4 [00:00<?, ?it/s, loss=0.0191]
val:   0%|          | 0/4 [00:00<?, ?it/s, loss=0.0180]
val:   0%|          | 0/4 [00:00<?, ?it/s, loss=0.0204]
val:  75%|███████▌  | 3/4 [00:00<00:00, 20.87it/s, loss=0.0204]
val:  75%|███████▌  | 3/4 [00:00<00:00, 20.87it/s, loss=0.0295]
                                                               
[PERF][val] samples(local/global)=8/8, batches(local/global)=4/4, samples/s(local/global)=41.6/41.6, ms/batch(local)=48.1, data_wait=5.6%, compute=94.0%, non_finite_skips(local)=0
[MEM] epoch=21 RAM(before/after)=1412.5/1411.4MB | GPU mem: gpu0 alloc=24.8MB resv=7092.0MB peak=5388.2MB
Epoch 21: train_loss=0.021731, val_loss=0.021752, lr=0.00100000
Updated best model: /home/nis/jinrui.yang/EaBNet_light/logs_cbam_flat_projection64/overfit8_lr1e3_20260924_161645/best/best_model.pt (val_loss=0.021752)

Epoch 22/200

train:   0%|          | 0/4 [00:00<?, ?it/s]
train:   0%|          | 0/4 [00:00<?, ?it/s, loss=0.0163]
train:  25%|██▌       | 1/4 [00:00<00:00,  6.18it/s, loss=0.0163]
train:  25%|██▌       | 1/4 [00:00<00:00,  6.18it/s, loss=0.0150]
train:  50%|█████     | 2/4 [00:00<00:00,  6.27it/s, loss=0.0150]
train:  50%|█████     | 2/4 [00:00<00:00,  6.27it/s, loss=0.0441]
train:  75%|███████▌  | 3/4 [00:00<00:00,  6.31it/s, loss=0.0441]
train:  75%|███████▌  | 3/4 [00:00<00:00,  6.31it/s, loss=0.0114]
train: 100%|██████████| 4/4 [00:00<00:00,  6.34it/s, loss=0.0114]
                                                                 
[PERF][train] samples(local/global)=8/8, batches(local/global)=4/4, samples/s(local/global)=12.6/12.6, ms/batch(local)=158.6, data_wait=2.3%, compute=97.5%, non_finite_skips(local)=0

val:   0%|          | 0/4 [00:00<?, ?it/s]
val:   0%|          | 0/4 [00:00<?, ?it/s, loss=0.0192]
val:   0%|          | 0/4 [00:00<?, ?it/s, loss=0.0179]
val:   0%|          | 0/4 [00:00<?, ?it/s, loss=0.0204]
val:  75%|███████▌  | 3/4 [00:00<00:00, 20.96it/s, loss=0.0204]
val:  75%|███████▌  | 3/4 [00:00<00:00, 20.96it/s, loss=0.0294]
                                                               
[PERF][val] samples(local/global)=8/8, batches(local/global)=4/4, samples/s(local/global)=41.7/41.7, ms/batch(local)=47.9, data_wait=5.5%, compute=94.2%, non_finite_skips(local)=0
[MEM] epoch=22 RAM(before/after)=1411.4/1412.5MB | GPU mem: gpu0 alloc=24.8MB resv=7092.0MB peak=5388.2MB
Epoch 22: train_loss=0.021729, val_loss=0.021681, lr=0.00100000
Updated best model: /home/nis/jinrui.yang/EaBNet_light/logs_cbam_flat_projection64/overfit8_lr1e3_20260924_161645/best/best_model.pt (val_loss=0.021681)

Epoch 23/200

train:   0%|          | 0/4 [00:00<?, ?it/s]
train:   0%|          | 0/4 [00:00<?, ?it/s, loss=0.0107]
train:  25%|██▌       | 1/4 [00:00<00:00,  6.16it/s, loss=0.0107]
train:  25%|██▌       | 1/4 [00:00<00:00,  6.16it/s, loss=0.0439]
train:  50%|█████     | 2/4 [00:00<00:00,  6.27it/s, loss=0.0439]
train:  50%|█████     | 2/4 [00:00<00:00,  6.27it/s, loss=0.0221]
train:  75%|███████▌  | 3/4 [00:00<00:00,  6.32it/s, loss=0.0221]
train:  75%|███████▌  | 3/4 [00:00<00:00,  6.32it/s, loss=0.0099]
train: 100%|██████████| 4/4 [00:00<00:00,  6.35it/s, loss=0.0099]
                                                                 
[PERF][train] samples(local/global)=8/8, batches(local/global)=4/4, samples/s(local/global)=12.6/12.6, ms/batch(local)=158.4, data_wait=2.4%, compute=97.5%, non_finite_skips(local)=0

val:   0%|          | 0/4 [00:00<?, ?it/s]
val:   0%|          | 0/4 [00:00<?, ?it/s, loss=0.0191]
val:   0%|          | 0/4 [00:00<?, ?it/s, loss=0.0178]
val:   0%|          | 0/4 [00:00<?, ?it/s, loss=0.0203]
val:  75%|███████▌  | 3/4 [00:00<00:00, 20.86it/s, loss=0.0203]
val:  75%|███████▌  | 3/4 [00:00<00:00, 20.86it/s, loss=0.0293]
                                                               
[PERF][val] samples(local/global)=8/8, batches(local/global)=4/4, samples/s(local/global)=41.6/41.6, ms/batch(local)=48.1, data_wait=5.3%, compute=94.3%, non_finite_skips(local)=0
[MEM] epoch=23 RAM(before/after)=1412.5/1412.5MB | GPU mem: gpu0 alloc=24.8MB resv=7092.0MB peak=5388.2MB
Epoch 23: train_loss=0.021652, val_loss=0.021614, lr=0.00100000
Updated best model: /home/nis/jinrui.yang/EaBNet_light/logs_cbam_flat_projection64/overfit8_lr1e3_20260924_161645/best/best_model.pt (val_loss=0.021614)

Epoch 24/200

train:   0%|          | 0/4 [00:00<?, ?it/s]
train:   0%|          | 0/4 [00:00<?, ?it/s, loss=0.0295]
train:  25%|██▌       | 1/4 [00:00<00:00,  6.03it/s, loss=0.0295]
train:  25%|██▌       | 1/4 [00:00<00:00,  6.03it/s, loss=0.0114]
train:  50%|█████     | 2/4 [00:00<00:00,  6.24it/s, loss=0.0114]
train:  50%|█████     | 2/4 [00:00<00:00,  6.24it/s, loss=0.0110]
train:  75%|███████▌  | 3/4 [00:00<00:00,  6.30it/s, loss=0.0110]
train:  75%|███████▌  | 3/4 [00:00<00:00,  6.30it/s, loss=0.0346]
train: 100%|██████████| 4/4 [00:00<00:00,  6.33it/s, loss=0.0346]
                                                                 
[PERF][train] samples(local/global)=8/8, batches(local/global)=4/4, samples/s(local/global)=12.6/12.6, ms/batch(local)=159.1, data_wait=2.8%, compute=97.1%, non_finite_skips(local)=0

val:   0%|          | 0/4 [00:00<?, ?it/s]
val:   0%|          | 0/4 [00:00<?, ?it/s, loss=0.0191]
val:   0%|          | 0/4 [00:00<?, ?it/s, loss=0.0178]
val:   0%|          | 0/4 [00:00<?, ?it/s, loss=0.0202]
val:  75%|███████▌  | 3/4 [00:00<00:00, 20.88it/s, loss=0.0202]
val:  75%|███████▌  | 3/4 [00:00<00:00, 20.88it/s, loss=0.0292]
                                                               
[PERF][val] samples(local/global)=8/8, batches(local/global)=4/4, samples/s(local/global)=41.7/41.7, ms/batch(local)=48.0, data_wait=5.2%, compute=94.5%, non_finite_skips(local)=0
[MEM] epoch=24 RAM(before/after)=1412.5/1411.4MB | GPU mem: gpu0 alloc=24.8MB resv=7092.0MB peak=5388.2MB
Epoch 24: train_loss=0.021623, val_loss=0.021578, lr=0.00100000
Updated best model: /home/nis/jinrui.yang/EaBNet_light/logs_cbam_flat_projection64/overfit8_lr1e3_20260924_161645/best/best_model.pt (val_loss=0.021578)

Epoch 25/200

train:   0%|          | 0/4 [00:00<?, ?it/s]
train:   0%|          | 0/4 [00:00<?, ?it/s, loss=0.0106]
train:  25%|██▌       | 1/4 [00:00<00:00,  6.19it/s, loss=0.0106]
train:  25%|██▌       | 1/4 [00:00<00:00,  6.19it/s, loss=0.0098]
train:  50%|█████     | 2/4 [00:00<00:00,  6.28it/s, loss=0.0098]
train:  50%|█████     | 2/4 [00:00<00:00,  6.28it/s, loss=0.0362]
train:  75%|███████▌  | 3/4 [00:00<00:00,  6.33it/s, loss=0.0362]
train:  75%|███████▌  | 3/4 [00:00<00:00,  6.33it/s, loss=0.0293]
train: 100%|██████████| 4/4 [00:00<00:00,  6.33it/s, loss=0.0293]
                                                                 
[PERF][train] samples(local/global)=8/8, batches(local/global)=4/4, samples/s(local/global)=12.6/12.6, ms/batch(local)=158.6, data_wait=2.3%, compute=97.6%, non_finite_skips(local)=0

val:   0%|          | 0/4 [00:00<?, ?it/s]
val:   0%|          | 0/4 [00:00<?, ?it/s, loss=0.0191]
val:   0%|          | 0/4 [00:00<?, ?it/s, loss=0.0177]
val:   0%|          | 0/4 [00:00<?, ?it/s, loss=0.0202]
val:  75%|███████▌  | 3/4 [00:00<00:00, 20.80it/s, loss=0.0202]
val:  75%|███████▌  | 3/4 [00:00<00:00, 20.80it/s, loss=0.0292]
                                                               
[PERF][val] samples(local/global)=8/8, batches(local/global)=4/4, samples/s(local/global)=41.5/41.5, ms/batch(local)=48.2, data_wait=5.6%, compute=94.1%, non_finite_skips(local)=0
[MEM] epoch=25 RAM(before/after)=1411.4/1412.5MB | GPU mem: gpu0 alloc=24.8MB resv=7092.0MB peak=5388.2MB
Epoch 25: train_loss=0.021482, val_loss=0.021546, lr=0.00100000
Updated best model: /home/nis/jinrui.yang/EaBNet_light/logs_cbam_flat_projection64/overfit8_lr1e3_20260924_161645/best/best_model.pt (val_loss=0.021546)

Epoch 26/200

train:   0%|          | 0/4 [00:00<?, ?it/s]
train:   0%|          | 0/4 [00:00<?, ?it/s, loss=0.0155]
train:  25%|██▌       | 1/4 [00:00<00:00,  6.28it/s, loss=0.0155]
train:  25%|██▌       | 1/4 [00:00<00:00,  6.28it/s, loss=0.0178]
train:  50%|█████     | 2/4 [00:00<00:00,  6.34it/s, loss=0.0178]
train:  50%|█████     | 2/4 [00:00<00:00,  6.34it/s, loss=0.0435]
train:  75%|███████▌  | 3/4 [00:00<00:00,  6.35it/s, loss=0.0435]
train:  75%|███████▌  | 3/4 [00:00<00:00,  6.35it/s, loss=0.0091]
train: 100%|██████████| 4/4 [00:00<00:00,  6.35it/s, loss=0.0091]
                                                                 
[PERF][train] samples(local/global)=8/8, batches(local/global)=4/4, samples/s(local/global)=12.7/12.7, ms/batch(local)=157.8, data_wait=2.0%, compute=97.9%, non_finite_skips(local)=0

val:   0%|          | 0/4 [00:00<?, ?it/s]
val:   0%|          | 0/4 [00:00<?, ?it/s, loss=0.0190]
val:   0%|          | 0/4 [00:00<?, ?it/s, loss=0.0176]
val:   0%|          | 0/4 [00:00<?, ?it/s, loss=0.0202]
val:  75%|███████▌  | 3/4 [00:00<00:00, 20.73it/s, loss=0.0202]
val:  75%|███████▌  | 3/4 [00:00<00:00, 20.73it/s, loss=0.0291]
                                                               
[PERF][val] samples(local/global)=8/8, batches(local/global)=4/4, samples/s(local/global)=41.4/41.4, ms/batch(local)=48.3, data_wait=5.8%, compute=94.0%, non_finite_skips(local)=0
[MEM] epoch=26 RAM(before/after)=1412.5/1412.5MB | GPU mem: gpu0 alloc=24.8MB resv=7092.0MB peak=5388.2MB
Epoch 26: train_loss=0.021460, val_loss=0.021466, lr=0.00100000
Updated best model: /home/nis/jinrui.yang/EaBNet_light/logs_cbam_flat_projection64/overfit8_lr1e3_20260924_161645/best/best_model.pt (val_loss=0.021466)

Epoch 27/200

train:   0%|          | 0/4 [00:00<?, ?it/s]
train:   0%|          | 0/4 [00:00<?, ?it/s, loss=0.0215]
train:  25%|██▌       | 1/4 [00:00<00:00,  6.30it/s, loss=0.0215]
train:  25%|██▌       | 1/4 [00:00<00:00,  6.30it/s, loss=0.0253]
train:  50%|█████     | 2/4 [00:00<00:00,  6.33it/s, loss=0.0253]
train:  50%|█████     | 2/4 [00:00<00:00,  6.33it/s, loss=0.0097]
train:  75%|███████▌  | 3/4 [00:00<00:00,  6.34it/s, loss=0.0097]
train:  75%|███████▌  | 3/4 [00:00<00:00,  6.34it/s, loss=0.0290]
train: 100%|██████████| 4/4 [00:00<00:00,  6.34it/s, loss=0.0290]
                                                                 
[PERF][train] samples(local/global)=8/8, batches(local/global)=4/4, samples/s(local/global)=12.7/12.7, ms/batch(local)=157.9, data_wait=1.9%, compute=98.0%, non_finite_skips(local)=0

val:   0%|          | 0/4 [00:00<?, ?it/s]
val:   0%|          | 0/4 [00:00<?, ?it/s, loss=0.0190]
val:   0%|          | 0/4 [00:00<?, ?it/s, loss=0.0177]
val:   0%|          | 0/4 [00:00<?, ?it/s, loss=0.0201]
val:  75%|███████▌  | 3/4 [00:00<00:00, 20.73it/s, loss=0.0201]
val:  75%|███████▌  | 3/4 [00:00<00:00, 20.73it/s, loss=0.0291]
                                                               
[PERF][val] samples(local/global)=8/8, batches(local/global)=4/4, samples/s(local/global)=41.4/41.4, ms/batch(local)=48.3, data_wait=5.8%, compute=93.9%, non_finite_skips(local)=0
[MEM] epoch=27 RAM(before/after)=1412.5/1411.4MB | GPU mem: gpu0 alloc=24.8MB resv=7092.0MB peak=5388.2MB
Epoch 27: train_loss=0.021376, val_loss=0.021475, lr=0.00100000

Epoch 28/200

train:   0%|          | 0/4 [00:00<?, ?it/s]
train:   0%|          | 0/4 [00:00<?, ?it/s, loss=0.0183]
train:  25%|██▌       | 1/4 [00:00<00:00,  6.20it/s, loss=0.0183]
train:  25%|██▌       | 1/4 [00:00<00:00,  6.20it/s, loss=0.0160]
train:  50%|█████     | 2/4 [00:00<00:00,  6.29it/s, loss=0.0160]
train:  50%|█████     | 2/4 [00:00<00:00,  6.29it/s, loss=0.0357]
train:  75%|███████▌  | 3/4 [00:00<00:00,  6.33it/s, loss=0.0357]
train:  75%|███████▌  | 3/4 [00:00<00:00,  6.33it/s, loss=0.0154]
train: 100%|██████████| 4/4 [00:00<00:00,  6.35it/s, loss=0.0154]
                                                                 
[PERF][train] samples(local/global)=8/8, batches(local/global)=4/4, samples/s(local/global)=12.6/12.6, ms/batch(local)=158.2, data_wait=2.4%, compute=97.5%, non_finite_skips(local)=0

val:   0%|          | 0/4 [00:00<?, ?it/s]
val:   0%|          | 0/4 [00:00<?, ?it/s, loss=0.0190]
val:   0%|          | 0/4 [00:00<?, ?it/s, loss=0.0174]
val:   0%|          | 0/4 [00:00<?, ?it/s, loss=0.0199]
val:  75%|███████▌  | 3/4 [00:00<00:00, 20.78it/s, loss=0.0199]
val:  75%|███████▌  | 3/4 [00:00<00:00, 20.78it/s, loss=0.0289]
                                                               
[PERF][val] samples(local/global)=8/8, batches(local/global)=4/4, samples/s(local/global)=41.6/41.6, ms/batch(local)=48.1, data_wait=5.6%, compute=94.1%, non_finite_skips(local)=0
[MEM] epoch=28 RAM(before/after)=1411.4/1412.5MB | GPU mem: gpu0 alloc=24.8MB resv=7092.0MB peak=5388.2MB
Epoch 28: train_loss=0.021332, val_loss=0.021312, lr=0.00100000
Updated best model: /home/nis/jinrui.yang/EaBNet_light/logs_cbam_flat_projection64/overfit8_lr1e3_20260924_161645/best/best_model.pt (val_loss=0.021312)

Epoch 29/200

train:   0%|          | 0/4 [00:00<?, ?it/s]
train:   0%|          | 0/4 [00:00<?, ?it/s, loss=0.0174]
train:  25%|██▌       | 1/4 [00:00<00:00,  6.18it/s, loss=0.0174]
train:  25%|██▌       | 1/4 [00:00<00:00,  6.18it/s, loss=0.0146]
train:  50%|█████     | 2/4 [00:00<00:00,  6.28it/s, loss=0.0146]
train:  50%|█████     | 2/4 [00:00<00:00,  6.28it/s, loss=0.0237]
train:  75%|███████▌  | 3/4 [00:00<00:00,  6.32it/s, loss=0.0237]
train:  75%|███████▌  | 3/4 [00:00<00:00,  6.32it/s, loss=0.0298]
train: 100%|██████████| 4/4 [00:00<00:00,  6.33it/s, loss=0.0298]
                                                                 
[PERF][train] samples(local/global)=8/8, batches(local/global)=4/4, samples/s(local/global)=12.6/12.6, ms/batch(local)=158.6, data_wait=2.3%, compute=97.5%, non_finite_skips(local)=0

val:   0%|          | 0/4 [00:00<?, ?it/s]
val:   0%|          | 0/4 [00:00<?, ?it/s, loss=0.0189]
val:   0%|          | 0/4 [00:00<?, ?it/s, loss=0.0174]
val:   0%|          | 0/4 [00:00<?, ?it/s, loss=0.0198]
val:  75%|███████▌  | 3/4 [00:00<00:00, 20.81it/s, loss=0.0198]
val:  75%|███████▌  | 3/4 [00:00<00:00, 20.81it/s, loss=0.0289]
                                                               
[PERF][val] samples(local/global)=8/8, batches(local/global)=4/4, samples/s(local/global)=41.6/41.6, ms/batch(local)=48.1, data_wait=5.5%, compute=94.2%, non_finite_skips(local)=0
[MEM] epoch=29 RAM(before/after)=1412.5/1413.7MB | GPU mem: gpu0 alloc=24.8MB resv=7092.0MB peak=5388.2MB
Epoch 29: train_loss=0.021391, val_loss=0.021242, lr=0.00100000
Updated best model: /home/nis/jinrui.yang/EaBNet_light/logs_cbam_flat_projection64/overfit8_lr1e3_20260924_161645/best/best_model.pt (val_loss=0.021242)

Epoch 30/200

train:   0%|          | 0/4 [00:00<?, ?it/s]
train:   0%|          | 0/4 [00:00<?, ?it/s, loss=0.0145]
train:  25%|██▌       | 1/4 [00:00<00:00,  6.17it/s, loss=0.0145]
train:  25%|██▌       | 1/4 [00:00<00:00,  6.17it/s, loss=0.0431]
train:  50%|█████     | 2/4 [00:00<00:00,  6.30it/s, loss=0.0431]
train:  50%|█████     | 2/4 [00:00<00:00,  6.30it/s, loss=0.0112]
train:  75%|███████▌  | 3/4 [00:00<00:00,  6.34it/s, loss=0.0112]
train:  75%|███████▌  | 3/4 [00:00<00:00,  6.34it/s, loss=0.0159]
train: 100%|██████████| 4/4 [00:00<00:00,  6.35it/s, loss=0.0159]
                                                                 
[PERF][train] samples(local/global)=8/8, batches(local/global)=4/4, samples/s(local/global)=12.7/12.7, ms/batch(local)=158.1, data_wait=2.4%, compute=97.5%, non_finite_skips(local)=0

val:   0%|          | 0/4 [00:00<?, ?it/s]
val:   0%|          | 0/4 [00:00<?, ?it/s, loss=0.0190]
val:   0%|          | 0/4 [00:00<?, ?it/s, loss=0.0174]
val:   0%|          | 0/4 [00:00<?, ?it/s, loss=0.0201]
val:  75%|███████▌  | 3/4 [00:00<00:00, 20.73it/s, loss=0.0201]
val:  75%|███████▌  | 3/4 [00:00<00:00, 20.73it/s, loss=0.0295]
                                                               
[PERF][val] samples(local/global)=8/8, batches(local/global)=4/4, samples/s(local/global)=41.4/41.4, ms/batch(local)=48.3, data_wait=5.8%, compute=93.9%, non_finite_skips(local)=0
[MEM] epoch=30 RAM(before/after)=1413.7/1413.7MB | GPU mem: gpu0 alloc=24.8MB resv=7092.0MB peak=5388.2MB
Epoch 30: train_loss=0.021188, val_loss=0.021497, lr=0.00100000

Epoch 31/200

train:   0%|          | 0/4 [00:00<?, ?it/s]
train:   0%|          | 0/4 [00:00<?, ?it/s, loss=0.0115]
train:  25%|██▌       | 1/4 [00:00<00:00,  6.30it/s, loss=0.0115]
train:  25%|██▌       | 1/4 [00:00<00:00,  6.30it/s, loss=0.0181]
train:  50%|█████     | 2/4 [00:00<00:00,  6.33it/s, loss=0.0181]
train:  50%|█████     | 2/4 [00:00<00:00,  6.33it/s, loss=0.0200]
train:  75%|███████▌  | 3/4 [00:00<00:00,  6.37it/s, loss=0.0200]
train:  75%|███████▌  | 3/4 [00:00<00:00,  6.37it/s, loss=0.0357]
train: 100%|██████████| 4/4 [00:00<00:00,  6.38it/s, loss=0.0357]
                                                                 
[PERF][train] samples(local/global)=8/8, batches(local/global)=4/4, samples/s(local/global)=12.7/12.7, ms/batch(local)=157.3, data_wait=1.8%, compute=98.1%, non_finite_skips(local)=0

val:   0%|          | 0/4 [00:00<?, ?it/s]
val:   0%|          | 0/4 [00:00<?, ?it/s, loss=0.0188]
val:   0%|          | 0/4 [00:00<?, ?it/s, loss=0.0174]
val:   0%|          | 0/4 [00:00<?, ?it/s, loss=0.0198]
val:  75%|███████▌  | 3/4 [00:00<00:00, 20.78it/s, loss=0.0198]
val:  75%|███████▌  | 3/4 [00:00<00:00, 20.78it/s, loss=0.0288]
                                                               
[PERF][val] samples(local/global)=8/8, batches(local/global)=4/4, samples/s(local/global)=41.4/41.4, ms/batch(local)=48.3, data_wait=5.7%, compute=94.0%, non_finite_skips(local)=0
[MEM] epoch=31 RAM(before/after)=1413.7/1412.5MB | GPU mem: gpu0 alloc=24.8MB resv=7092.0MB peak=5388.2MB
Epoch 31: train_loss=0.021336, val_loss=0.021201, lr=0.00100000
Updated best model: /home/nis/jinrui.yang/EaBNet_light/logs_cbam_flat_projection64/overfit8_lr1e3_20260924_161645/best/best_model.pt (val_loss=0.021201)

Epoch 32/200

train:   0%|          | 0/4 [00:00<?, ?it/s]
train:   0%|          | 0/4 [00:00<?, ?it/s, loss=0.0356]
train:  25%|██▌       | 1/4 [00:00<00:00,  6.26it/s, loss=0.0356]
train:  25%|██▌       | 1/4 [00:00<00:00,  6.26it/s, loss=0.0154]
train:  50%|█████     | 2/4 [00:00<00:00,  6.31it/s, loss=0.0154]
train:  50%|█████     | 2/4 [00:00<00:00,  6.31it/s, loss=0.0104]
train:  75%|███████▌  | 3/4 [00:00<00:00,  6.34it/s, loss=0.0104]
train:  75%|███████▌  | 3/4 [00:00<00:00,  6.34it/s, loss=0.0234]
train: 100%|██████████| 4/4 [00:00<00:00,  6.34it/s, loss=0.0234]
                                                                 
[PERF][train] samples(local/global)=8/8, batches(local/global)=4/4, samples/s(local/global)=12.7/12.7, ms/batch(local)=158.1, data_wait=1.9%, compute=97.9%, non_finite_skips(local)=0

val:   0%|          | 0/4 [00:00<?, ?it/s]
val:   0%|          | 0/4 [00:00<?, ?it/s, loss=0.0189]
val:   0%|          | 0/4 [00:00<?, ?it/s, loss=0.0173]
val:   0%|          | 0/4 [00:00<?, ?it/s, loss=0.0199]
val:  75%|███████▌  | 3/4 [00:00<00:00, 20.74it/s, loss=0.0199]
val:  75%|███████▌  | 3/4 [00:00<00:00, 20.74it/s, loss=0.0292]
                                                               
[PERF][val] samples(local/global)=8/8, batches(local/global)=4/4, samples/s(local/global)=41.5/41.5, ms/batch(local)=48.2, data_wait=5.7%, compute=94.0%, non_finite_skips(local)=0
[MEM] epoch=32 RAM(before/after)=1412.5/1412.5MB | GPU mem: gpu0 alloc=24.8MB resv=7092.0MB peak=5388.2MB
Epoch 32: train_loss=0.021217, val_loss=0.021329, lr=0.00100000

Epoch 33/200

train:   0%|          | 0/4 [00:00<?, ?it/s]
train:   0%|          | 0/4 [00:00<?, ?it/s, loss=0.0436]
train:  25%|██▌       | 1/4 [00:00<00:00,  6.29it/s, loss=0.0436]
train:  25%|██▌       | 1/4 [00:00<00:00,  6.29it/s, loss=0.0215]
train:  50%|█████     | 2/4 [00:00<00:00,  6.32it/s, loss=0.0215]
train:  50%|█████     | 2/4 [00:00<00:00,  6.32it/s, loss=0.0090]
train:  75%|███████▌  | 3/4 [00:00<00:00,  6.36it/s, loss=0.0090]
train:  75%|███████▌  | 3/4 [00:00<00:00,  6.36it/s, loss=0.0117]
train: 100%|██████████| 4/4 [00:00<00:00,  6.36it/s, loss=0.0117]
                                                                 
[PERF][train] samples(local/global)=8/8, batches(local/global)=4/4, samples/s(local/global)=12.7/12.7, ms/batch(local)=157.7, data_wait=1.8%, compute=98.1%, non_finite_skips(local)=0

val:   0%|          | 0/4 [00:00<?, ?it/s]
val:   0%|          | 0/4 [00:00<?, ?it/s, loss=0.0195]
val:   0%|          | 0/4 [00:00<?, ?it/s, loss=0.0177]
val:   0%|          | 0/4 [00:00<?, ?it/s, loss=0.0198]
val:  75%|███████▌  | 3/4 [00:00<00:00, 20.88it/s, loss=0.0198]
val:  75%|███████▌  | 3/4 [00:00<00:00, 20.88it/s, loss=0.0292]
                                                               
[PERF][val] samples(local/global)=8/8, batches(local/global)=4/4, samples/s(local/global)=41.7/41.7, ms/batch(local)=48.0, data_wait=5.3%, compute=94.4%, non_finite_skips(local)=0
[MEM] epoch=33 RAM(before/after)=1412.6/1412.6MB | GPU mem: gpu0 alloc=24.8MB resv=7092.0MB peak=5388.2MB
Epoch 33: train_loss=0.021436, val_loss=0.021566, lr=0.00100000

Epoch 34/200

train:   0%|          | 0/4 [00:00<?, ?it/s]
train:   0%|          | 0/4 [00:00<?, ?it/s, loss=0.0199]
train:  25%|██▌       | 1/4 [00:00<00:00,  6.28it/s, loss=0.0199]
train:  25%|██▌       | 1/4 [00:00<00:00,  6.28it/s, loss=0.0112]
train:  50%|█████     | 2/4 [00:00<00:00,  6.33it/s, loss=0.0112]
train:  50%|█████     | 2/4 [00:00<00:00,  6.33it/s, loss=0.0255]
train:  75%|███████▌  | 3/4 [00:00<00:00,  6.34it/s, loss=0.0255]
train:  75%|███████▌  | 3/4 [00:00<00:00,  6.34it/s, loss=0.0289]
train: 100%|██████████| 4/4 [00:00<00:00,  6.35it/s, loss=0.0289]
                                                                 
[PERF][train] samples(local/global)=8/8, batches(local/global)=4/4, samples/s(local/global)=12.7/12.7, ms/batch(local)=157.9, data_wait=1.9%, compute=98.0%, non_finite_skips(local)=0

val:   0%|          | 0/4 [00:00<?, ?it/s]
val:   0%|          | 0/4 [00:00<?, ?it/s, loss=0.0190]
val:   0%|          | 0/4 [00:00<?, ?it/s, loss=0.0176]
val:   0%|          | 0/4 [00:00<?, ?it/s, loss=0.0200]
val:  75%|███████▌  | 3/4 [00:00<00:00, 20.88it/s, loss=0.0200]
val:  75%|███████▌  | 3/4 [00:00<00:00, 20.88it/s, loss=0.0287]
                                                               
[PERF][val] samples(local/global)=8/8, batches(local/global)=4/4, samples/s(local/global)=41.7/41.7, ms/batch(local)=47.9, data_wait=5.3%, compute=94.4%, non_finite_skips(local)=0
[MEM] epoch=34 RAM(before/after)=1412.6/1412.6MB | GPU mem: gpu0 alloc=24.8MB resv=7092.0MB peak=5388.2MB
Epoch 34: train_loss=0.021376, val_loss=0.021323, lr=0.00100000

Epoch 35/200

train:   0%|          | 0/4 [00:00<?, ?it/s]
train:   0%|          | 0/4 [00:00<?, ?it/s, loss=0.0180]
train:  25%|██▌       | 1/4 [00:00<00:00,  6.29it/s, loss=0.0180]
train:  25%|██▌       | 1/4 [00:00<00:00,  6.29it/s, loss=0.0340]
train:  50%|█████     | 2/4 [00:00<00:00,  6.34it/s, loss=0.0340]
train:  50%|█████     | 2/4 [00:00<00:00,  6.34it/s, loss=0.0196]
train:  75%|███████▌  | 3/4 [00:00<00:00,  6.35it/s, loss=0.0196]
train:  75%|███████▌  | 3/4 [00:00<00:00,  6.35it/s, loss=0.0158]
train: 100%|██████████| 4/4 [00:00<00:00,  6.35it/s, loss=0.0158]
                                                                 
[PERF][train] samples(local/global)=8/8, batches(local/global)=4/4, samples/s(local/global)=12.7/12.7, ms/batch(local)=157.8, data_wait=1.9%, compute=97.9%, non_finite_skips(local)=0

val:   0%|          | 0/4 [00:00<?, ?it/s]
val:   0%|          | 0/4 [00:00<?, ?it/s, loss=0.0187]
val:   0%|          | 0/4 [00:00<?, ?it/s, loss=0.0174]
val:   0%|          | 0/4 [00:00<?, ?it/s, loss=0.0196]
val:  75%|███████▌  | 3/4 [00:00<00:00, 20.62it/s, loss=0.0196]
val:  75%|███████▌  | 3/4 [00:00<00:00, 20.62it/s, loss=0.0288]
                                                               
[PERF][val] samples(local/global)=8/8, batches(local/global)=4/4, samples/s(local/global)=41.3/41.3, ms/batch(local)=48.4, data_wait=5.8%, compute=93.9%, non_finite_skips(local)=0
[MEM] epoch=35 RAM(before/after)=1412.6/1412.6MB | GPU mem: gpu0 alloc=24.8MB resv=7092.0MB peak=5388.2MB
Epoch 35: train_loss=0.021850, val_loss=0.021141, lr=0.00100000
Updated best model: /home/nis/jinrui.yang/EaBNet_light/logs_cbam_flat_projection64/overfit8_lr1e3_20260924_161645/best/best_model.pt (val_loss=0.021141)

Epoch 36/200

train:   0%|          | 0/4 [00:00<?, ?it/s]
train:   0%|          | 0/4 [00:00<?, ?it/s, loss=0.0232]
train:  25%|██▌       | 1/4 [00:00<00:00,  6.27it/s, loss=0.0232]
train:  25%|██▌       | 1/4 [00:00<00:00,  6.27it/s, loss=0.0173]
train:  50%|█████     | 2/4 [00:00<00:00,  6.28it/s, loss=0.0173]
train:  50%|█████     | 2/4 [00:00<00:00,  6.28it/s, loss=0.0152]
train:  75%|███████▌  | 3/4 [00:00<00:00,  6.32it/s, loss=0.0152]
train:  75%|███████▌  | 3/4 [00:00<00:00,  6.32it/s, loss=0.0294]
train: 100%|██████████| 4/4 [00:00<00:00,  6.33it/s, loss=0.0294]
                                                                 
[PERF][train] samples(local/global)=8/8, batches(local/global)=4/4, samples/s(local/global)=12.6/12.6, ms/batch(local)=158.4, data_wait=1.9%, compute=97.9%, non_finite_skips(local)=0

val:   0%|          | 0/4 [00:00<?, ?it/s]
val:   0%|          | 0/4 [00:00<?, ?it/s, loss=0.0190]
val:   0%|          | 0/4 [00:00<?, ?it/s, loss=0.0180]
val:   0%|          | 0/4 [00:00<?, ?it/s, loss=0.0198]
val:  75%|███████▌  | 3/4 [00:00<00:00, 20.81it/s, loss=0.0198]
val:  75%|███████▌  | 3/4 [00:00<00:00, 20.81it/s, loss=0.0295]
                                                               
[PERF][val] samples(local/global)=8/8, batches(local/global)=4/4, samples/s(local/global)=41.5/41.5, ms/batch(local)=48.2, data_wait=5.5%, compute=94.2%, non_finite_skips(local)=0
[MEM] epoch=36 RAM(before/after)=1412.6/1413.7MB | GPU mem: gpu0 alloc=24.8MB resv=7092.0MB peak=5388.2MB
Epoch 36: train_loss=0.021273, val_loss=0.021565, lr=0.00100000

Epoch 37/200

train:   0%|          | 0/4 [00:00<?, ?it/s]
train:   0%|          | 0/4 [00:00<?, ?it/s, loss=0.0047]
train:  25%|██▌       | 1/4 [00:00<00:00,  6.15it/s, loss=0.0047]
train:  25%|██▌       | 1/4 [00:00<00:00,  6.15it/s, loss=0.0357]
train:  50%|█████     | 2/4 [00:00<00:00,  6.27it/s, loss=0.0357]
train:  50%|█████     | 2/4 [00:00<00:00,  6.27it/s, loss=0.0250]
train:  75%|███████▌  | 3/4 [00:00<00:00,  6.32it/s, loss=0.0250]
train:  75%|███████▌  | 3/4 [00:00<00:00,  6.32it/s, loss=0.0195]
train: 100%|██████████| 4/4 [00:00<00:00,  6.33it/s, loss=0.0195]
                                                                 
[PERF][train] samples(local/global)=8/8, batches(local/global)=4/4, samples/s(local/global)=12.6/12.6, ms/batch(local)=158.6, data_wait=2.4%, compute=97.5%, non_finite_skips(local)=0

val:   0%|          | 0/4 [00:00<?, ?it/s]
val:   0%|          | 0/4 [00:00<?, ?it/s, loss=0.0188]
val:   0%|          | 0/4 [00:00<?, ?it/s, loss=0.0172]
val:   0%|          | 0/4 [00:00<?, ?it/s, loss=0.0196]
val:  75%|███████▌  | 3/4 [00:00<00:00, 20.76it/s, loss=0.0196]
val:  75%|███████▌  | 3/4 [00:00<00:00, 20.76it/s, loss=0.0290]
                                                               
[PERF][val] samples(local/global)=8/8, batches(local/global)=4/4, samples/s(local/global)=41.4/41.4, ms/batch(local)=48.3, data_wait=5.5%, compute=94.2%, non_finite_skips(local)=0
[MEM] epoch=37 RAM(before/after)=1413.7/1413.7MB | GPU mem: gpu0 alloc=24.8MB resv=7092.0MB peak=5388.2MB
Epoch 37: train_loss=0.021210, val_loss=0.021128, lr=0.00100000
Updated best model: /home/nis/jinrui.yang/EaBNet_light/logs_cbam_flat_projection64/overfit8_lr1e3_20260924_161645/best/best_model.pt (val_loss=0.021128)

Epoch 38/200

train:   0%|          | 0/4 [00:00<?, ?it/s]
train:   0%|          | 0/4 [00:00<?, ?it/s, loss=0.0395]
train:  25%|██▌       | 1/4 [00:00<00:00,  6.24it/s, loss=0.0395]
train:  25%|██▌       | 1/4 [00:00<00:00,  6.24it/s, loss=0.0181]
train:  50%|█████     | 2/4 [00:00<00:00,  6.31it/s, loss=0.0181]
train:  50%|█████     | 2/4 [00:00<00:00,  6.31it/s, loss=0.0173]
train:  75%|███████▌  | 3/4 [00:00<00:00,  6.34it/s, loss=0.0173]
train:  75%|███████▌  | 3/4 [00:00<00:00,  6.34it/s, loss=0.0096]
train: 100%|██████████| 4/4 [00:00<00:00,  6.35it/s, loss=0.0096]
                                                                 
[PERF][train] samples(local/global)=8/8, batches(local/global)=4/4, samples/s(local/global)=12.7/12.7, ms/batch(local)=158.1, data_wait=1.8%, compute=98.1%, non_finite_skips(local)=0

val:   0%|          | 0/4 [00:00<?, ?it/s]
val:   0%|          | 0/4 [00:00<?, ?it/s, loss=0.0190]
val:   0%|          | 0/4 [00:00<?, ?it/s, loss=0.0171]
val:   0%|          | 0/4 [00:00<?, ?it/s, loss=0.0194]
val:  75%|███████▌  | 3/4 [00:00<00:00, 20.70it/s, loss=0.0194]
val:  75%|███████▌  | 3/4 [00:00<00:00, 20.70it/s, loss=0.0286]
                                                               
[PERF][val] samples(local/global)=8/8, batches(local/global)=4/4, samples/s(local/global)=41.5/41.5, ms/batch(local)=48.2, data_wait=5.4%, compute=94.2%, non_finite_skips(local)=0
[MEM] epoch=38 RAM(before/after)=1413.7/1411.4MB | GPU mem: gpu0 alloc=24.8MB resv=7092.0MB peak=5388.2MB
Epoch 38: train_loss=0.021096, val_loss=0.021020, lr=0.00100000
Updated best model: /home/nis/jinrui.yang/EaBNet_light/logs_cbam_flat_projection64/overfit8_lr1e3_20260924_161645/best/best_model.pt (val_loss=0.021020)

Epoch 39/200

train:   0%|          | 0/4 [00:00<?, ?it/s]
train:   0%|          | 0/4 [00:00<?, ?it/s, loss=0.0194]
train:  25%|██▌       | 1/4 [00:00<00:00,  6.29it/s, loss=0.0194]
train:  25%|██▌       | 1/4 [00:00<00:00,  6.29it/s, loss=0.0247]
train:  50%|█████     | 2/4 [00:00<00:00,  6.32it/s, loss=0.0247]
train:  50%|█████     | 2/4 [00:00<00:00,  6.32it/s, loss=0.0102]
train:  75%|███████▌  | 3/4 [00:00<00:00,  6.33it/s, loss=0.0102]
train:  75%|███████▌  | 3/4 [00:00<00:00,  6.33it/s, loss=0.0292]
train: 100%|██████████| 4/4 [00:00<00:00,  6.34it/s, loss=0.0292]
                                                                 
[PERF][train] samples(local/global)=8/8, batches(local/global)=4/4, samples/s(local/global)=12.7/12.7, ms/batch(local)=158.0, data_wait=1.9%, compute=98.0%, non_finite_skips(local)=0

val:   0%|          | 0/4 [00:00<?, ?it/s]
val:   0%|          | 0/4 [00:00<?, ?it/s, loss=0.0189]
val:   0%|          | 0/4 [00:00<?, ?it/s, loss=0.0170]
val:   0%|          | 0/4 [00:00<?, ?it/s, loss=0.0196]
val:  75%|███████▌  | 3/4 [00:00<00:00, 20.79it/s, loss=0.0196]
val:  75%|███████▌  | 3/4 [00:00<00:00, 20.79it/s, loss=0.0285]
                                                               
[PERF][val] samples(local/global)=8/8, batches(local/global)=4/4, samples/s(local/global)=41.6/41.6, ms/batch(local)=48.1, data_wait=5.3%, compute=94.4%, non_finite_skips(local)=0
[MEM] epoch=39 RAM(before/after)=1411.4/1412.6MB | GPU mem: gpu0 alloc=24.8MB resv=7092.0MB peak=5388.2MB
Epoch 39: train_loss=0.020887, val_loss=0.021011, lr=0.00100000
Updated best model: /home/nis/jinrui.yang/EaBNet_light/logs_cbam_flat_projection64/overfit8_lr1e3_20260924_161645/best/best_model.pt (val_loss=0.021011)

Epoch 40/200

train:   0%|          | 0/4 [00:00<?, ?it/s]
train:   0%|          | 0/4 [00:00<?, ?it/s, loss=0.0151]
train:  25%|██▌       | 1/4 [00:00<00:00,  6.27it/s, loss=0.0151]
train:  25%|██▌       | 1/4 [00:00<00:00,  6.27it/s, loss=0.0245]
train:  50%|█████     | 2/4 [00:00<00:00,  6.32it/s, loss=0.0245]
train:  50%|█████     | 2/4 [00:00<00:00,  6.32it/s, loss=0.0089]
train:  75%|███████▌  | 3/4 [00:00<00:00,  6.34it/s, loss=0.0089]
train:  75%|███████▌  | 3/4 [00:00<00:00,  6.34it/s, loss=0.0349]
train: 100%|██████████| 4/4 [00:00<00:00,  6.35it/s, loss=0.0349]
                                                                 
[PERF][train] samples(local/global)=8/8, batches(local/global)=4/4, samples/s(local/global)=12.7/12.7, ms/batch(local)=157.9, data_wait=2.0%, compute=97.9%, non_finite_skips(local)=0

val:   0%|          | 0/4 [00:00<?, ?it/s]
val:   0%|          | 0/4 [00:00<?, ?it/s, loss=0.0186]
val:   0%|          | 0/4 [00:00<?, ?it/s, loss=0.0169]
val:   0%|          | 0/4 [00:00<?, ?it/s, loss=0.0192]
val:  75%|███████▌  | 3/4 [00:00<00:00, 20.75it/s, loss=0.0192]
val:  75%|███████▌  | 3/4 [00:00<00:00, 20.75it/s, loss=0.0282]
                                                               
[PERF][val] samples(local/global)=8/8, batches(local/global)=4/4, samples/s(local/global)=41.5/41.5, ms/batch(local)=48.2, data_wait=5.5%, compute=94.2%, non_finite_skips(local)=0
[MEM] epoch=40 RAM(before/after)=1412.6/1412.6MB | GPU mem: gpu0 alloc=24.8MB resv=7092.0MB peak=5388.2MB
Epoch 40: train_loss=0.020846, val_loss=0.020735, lr=0.00100000
Updated best model: /home/nis/jinrui.yang/EaBNet_light/logs_cbam_flat_projection64/overfit8_lr1e3_20260924_161645/best/best_model.pt (val_loss=0.020735)

Epoch 41/200

train:   0%|          | 0/4 [00:00<?, ?it/s]
train:   0%|          | 0/4 [00:00<?, ?it/s, loss=0.0148]
train:  25%|██▌       | 1/4 [00:00<00:00,  6.24it/s, loss=0.0148]
train:  25%|██▌       | 1/4 [00:00<00:00,  6.24it/s, loss=0.0153]
train:  50%|█████     | 2/4 [00:00<00:00,  6.29it/s, loss=0.0153]
train:  50%|█████     | 2/4 [00:00<00:00,  6.29it/s, loss=0.0179]
train:  75%|███████▌  | 3/4 [00:00<00:00,  6.33it/s, loss=0.0179]
train:  75%|███████▌  | 3/4 [00:00<00:00,  6.33it/s, loss=0.0345]
train: 100%|██████████| 4/4 [00:00<00:00,  6.34it/s, loss=0.0345]
                                                                 
[PERF][train] samples(local/global)=8/8, batches(local/global)=4/4, samples/s(local/global)=12.6/12.6, ms/batch(local)=158.3, data_wait=1.8%, compute=98.0%, non_finite_skips(local)=0

val:   0%|          | 0/4 [00:00<?, ?it/s]
val:   0%|          | 0/4 [00:00<?, ?it/s, loss=0.0186]
val:   0%|          | 0/4 [00:00<?, ?it/s, loss=0.0168]
val:   0%|          | 0/4 [00:00<?, ?it/s, loss=0.0192]
val:  75%|███████▌  | 3/4 [00:00<00:00, 20.70it/s, loss=0.0192]
val:  75%|███████▌  | 3/4 [00:00<00:00, 20.70it/s, loss=0.0283]
                                                               
[PERF][val] samples(local/global)=8/8, batches(local/global)=4/4, samples/s(local/global)=41.4/41.4, ms/batch(local)=48.4, data_wait=5.5%, compute=94.1%, non_finite_skips(local)=0
[MEM] epoch=41 RAM(before/after)=1412.6/1412.6MB | GPU mem: gpu0 alloc=24.8MB resv=7092.0MB peak=5388.2MB
Epoch 41: train_loss=0.020598, val_loss=0.020745, lr=0.00100000

Epoch 42/200

train:   0%|          | 0/4 [00:00<?, ?it/s]
train:   0%|          | 0/4 [00:00<?, ?it/s, loss=0.0286]
train:  25%|██▌       | 1/4 [00:00<00:00,  6.30it/s, loss=0.0286]
train:  25%|██▌       | 1/4 [00:00<00:00,  6.30it/s, loss=0.0287]
train:  50%|█████     | 2/4 [00:00<00:00,  6.34it/s, loss=0.0287]
train:  50%|█████     | 2/4 [00:00<00:00,  6.34it/s, loss=0.0152]
train:  75%|███████▌  | 3/4 [00:00<00:00,  6.34it/s, loss=0.0152]
train:  75%|███████▌  | 3/4 [00:00<00:00,  6.34it/s, loss=0.0101]
train: 100%|██████████| 4/4 [00:00<00:00,  6.33it/s, loss=0.0101]
                                                                 
[PERF][train] samples(local/global)=8/8, batches(local/global)=4/4, samples/s(local/global)=12.7/12.7, ms/batch(local)=158.0, data_wait=1.9%, compute=98.0%, non_finite_skips(local)=0

val:   0%|          | 0/4 [00:00<?, ?it/s]
val:   0%|          | 0/4 [00:00<?, ?it/s, loss=0.0187]
val:   0%|          | 0/4 [00:00<?, ?it/s, loss=0.0167]
val:   0%|          | 0/4 [00:00<?, ?it/s, loss=0.0191]
val:  75%|███████▌  | 3/4 [00:00<00:00, 20.76it/s, loss=0.0191]
val:  75%|███████▌  | 3/4 [00:00<00:00, 20.76it/s, loss=0.0283]
                                                               
[PERF][val] samples(local/global)=8/8, batches(local/global)=4/4, samples/s(local/global)=41.6/41.6, ms/batch(local)=48.1, data_wait=5.4%, compute=94.4%, non_finite_skips(local)=0
[MEM] epoch=42 RAM(before/after)=1412.6/1412.6MB | GPU mem: gpu0 alloc=24.8MB resv=7092.0MB peak=5388.2MB
Epoch 42: train_loss=0.020669, val_loss=0.020683, lr=0.00100000
Updated best model: /home/nis/jinrui.yang/EaBNet_light/logs_cbam_flat_projection64/overfit8_lr1e3_20260924_161645/best/best_model.pt (val_loss=0.020683)

Epoch 43/200

train:   0%|          | 0/4 [00:00<?, ?it/s]
train:   0%|          | 0/4 [00:00<?, ?it/s, loss=0.0151]
train:  25%|██▌       | 1/4 [00:00<00:00,  6.27it/s, loss=0.0151]
train:  25%|██▌       | 1/4 [00:00<00:00,  6.27it/s, loss=0.0282]
train:  50%|█████     | 2/4 [00:00<00:00,  6.33it/s, loss=0.0282]
train:  50%|█████     | 2/4 [00:00<00:00,  6.33it/s, loss=0.0280]
train:  75%|███████▌  | 3/4 [00:00<00:00,  6.35it/s, loss=0.0280]
train:  75%|███████▌  | 3/4 [00:00<00:00,  6.35it/s, loss=0.0108]
train: 100%|██████████| 4/4 [00:00<00:00,  6.36it/s, loss=0.0108]
                                                                 
[PERF][train] samples(local/global)=8/8, batches(local/global)=4/4, samples/s(local/global)=12.7/12.7, ms/batch(local)=157.7, data_wait=1.9%, compute=98.0%, non_finite_skips(local)=0

val:   0%|          | 0/4 [00:00<?, ?it/s]
val:   0%|          | 0/4 [00:00<?, ?it/s, loss=0.0186]
val:   0%|          | 0/4 [00:00<?, ?it/s, loss=0.0167]
val:   0%|          | 0/4 [00:00<?, ?it/s, loss=0.0193]
val:  75%|███████▌  | 3/4 [00:00<00:00, 20.90it/s, loss=0.0193]
val:  75%|███████▌  | 3/4 [00:00<00:00, 20.90it/s, loss=0.0281]
                                                               
[PERF][val] samples(local/global)=8/8, batches(local/global)=4/4, samples/s(local/global)=41.7/41.7, ms/batch(local)=48.0, data_wait=5.1%, compute=94.6%, non_finite_skips(local)=0
[MEM] epoch=43 RAM(before/after)=1412.6/1411.4MB | GPU mem: gpu0 alloc=24.8MB resv=7092.0MB peak=5388.2MB
Epoch 43: train_loss=0.020528, val_loss=0.020670, lr=0.00100000
Updated best model: /home/nis/jinrui.yang/EaBNet_light/logs_cbam_flat_projection64/overfit8_lr1e3_20260924_161645/best/best_model.pt (val_loss=0.020670)

Epoch 44/200

train:   0%|          | 0/4 [00:00<?, ?it/s]
train:   0%|          | 0/4 [00:00<?, ?it/s, loss=0.0281]
train:  25%|██▌       | 1/4 [00:00<00:00,  6.24it/s, loss=0.0281]
train:  25%|██▌       | 1/4 [00:00<00:00,  6.24it/s, loss=0.0086]
train:  50%|█████     | 2/4 [00:00<00:00,  6.29it/s, loss=0.0086]
train:  50%|█████     | 2/4 [00:00<00:00,  6.29it/s, loss=0.0286]
train:  75%|███████▌  | 3/4 [00:00<00:00,  6.32it/s, loss=0.0286]
train:  75%|███████▌  | 3/4 [00:00<00:00,  6.32it/s, loss=0.0167]
train: 100%|██████████| 4/4 [00:00<00:00,  6.34it/s, loss=0.0167]
                                                                 
[PERF][train] samples(local/global)=8/8, batches(local/global)=4/4, samples/s(local/global)=12.6/12.6, ms/batch(local)=158.2, data_wait=2.0%, compute=97.9%, non_finite_skips(local)=0

val:   0%|          | 0/4 [00:00<?, ?it/s]
val:   0%|          | 0/4 [00:00<?, ?it/s, loss=0.0186]
val:   0%|          | 0/4 [00:00<?, ?it/s, loss=0.0166]
val:   0%|          | 0/4 [00:00<?, ?it/s, loss=0.0191]
val:  75%|███████▌  | 3/4 [00:00<00:00, 20.75it/s, loss=0.0191]
val:  75%|███████▌  | 3/4 [00:00<00:00, 20.75it/s, loss=0.0279]
                                                               
[PERF][val] samples(local/global)=8/8, batches(local/global)=4/4, samples/s(local/global)=41.5/41.5, ms/batch(local)=48.2, data_wait=5.3%, compute=94.3%, non_finite_skips(local)=0
[MEM] epoch=44 RAM(before/after)=1411.4/1411.4MB | GPU mem: gpu0 alloc=24.8MB resv=7092.0MB peak=5388.2MB
Epoch 44: train_loss=0.020483, val_loss=0.020543, lr=0.00100000
Updated best model: /home/nis/jinrui.yang/EaBNet_light/logs_cbam_flat_projection64/overfit8_lr1e3_20260924_161645/best/best_model.pt (val_loss=0.020543)

Epoch 45/200

train:   0%|          | 0/4 [00:00<?, ?it/s]
train:   0%|          | 0/4 [00:00<?, ?it/s, loss=0.0092]
train:  25%|██▌       | 1/4 [00:00<00:00,  6.24it/s, loss=0.0092]
train:  25%|██▌       | 1/4 [00:00<00:00,  6.24it/s, loss=0.0103]
train:  50%|█████     | 2/4 [00:00<00:00,  6.29it/s, loss=0.0103]
train:  50%|█████     | 2/4 [00:00<00:00,  6.29it/s, loss=0.0206]
train:  75%|███████▌  | 3/4 [00:00<00:00,  6.33it/s, loss=0.0206]
train:  75%|███████▌  | 3/4 [00:00<00:00,  6.33it/s, loss=0.0421]
train: 100%|██████████| 4/4 [00:00<00:00,  6.35it/s, loss=0.0421]
                                                                 
[PERF][train] samples(local/global)=8/8, batches(local/global)=4/4, samples/s(local/global)=12.6/12.6, ms/batch(local)=158.2, data_wait=1.9%, compute=97.9%, non_finite_skips(local)=0

val:   0%|          | 0/4 [00:00<?, ?it/s]
val:   0%|          | 0/4 [00:00<?, ?it/s, loss=0.0186]
val:   0%|          | 0/4 [00:00<?, ?it/s, loss=0.0165]
val:   0%|          | 0/4 [00:00<?, ?it/s, loss=0.0189]
val:  75%|███████▌  | 3/4 [00:00<00:00, 20.75it/s, loss=0.0189]
val:  75%|███████▌  | 3/4 [00:00<00:00, 20.75it/s, loss=0.0279]
                                                               
[PERF][val] samples(local/global)=8/8, batches(local/global)=4/4, samples/s(local/global)=41.5/41.5, ms/batch(local)=48.2, data_wait=5.3%, compute=94.4%, non_finite_skips(local)=0
[MEM] epoch=45 RAM(before/after)=1411.4/1412.6MB | GPU mem: gpu0 alloc=24.8MB resv=7092.0MB peak=5388.2MB
Epoch 45: train_loss=0.020566, val_loss=0.020497, lr=0.00100000
Updated best model: /home/nis/jinrui.yang/EaBNet_light/logs_cbam_flat_projection64/overfit8_lr1e3_20260924_161645/best/best_model.pt (val_loss=0.020497)

Epoch 46/200

train:   0%|          | 0/4 [00:00<?, ?it/s]
train:   0%|          | 0/4 [00:00<?, ?it/s, loss=0.0044]
train:  25%|██▌       | 1/4 [00:00<00:00,  6.27it/s, loss=0.0044]
train:  25%|██▌       | 1/4 [00:00<00:00,  6.27it/s, loss=0.0243]
train:  50%|█████     | 2/4 [00:00<00:00,  6.32it/s, loss=0.0243]
train:  50%|█████     | 2/4 [00:00<00:00,  6.32it/s, loss=0.0382]
train:  75%|███████▌  | 3/4 [00:00<00:00,  6.32it/s, loss=0.0382]
train:  75%|███████▌  | 3/4 [00:00<00:00,  6.32it/s, loss=0.0150]
train: 100%|██████████| 4/4 [00:00<00:00,  6.34it/s, loss=0.0150]
                                                                 
[PERF][train] samples(local/global)=8/8, batches(local/global)=4/4, samples/s(local/global)=12.6/12.6, ms/batch(local)=158.1, data_wait=1.9%, compute=97.9%, non_finite_skips(local)=0

val:   0%|          | 0/4 [00:00<?, ?it/s]
val:   0%|          | 0/4 [00:00<?, ?it/s, loss=0.0187]
val:   0%|          | 0/4 [00:00<?, ?it/s, loss=0.0166]
val:   0%|          | 0/4 [00:00<?, ?it/s, loss=0.0189]
val:  75%|███████▌  | 3/4 [00:00<00:00, 20.87it/s, loss=0.0189]
val:  75%|███████▌  | 3/4 [00:00<00:00, 20.87it/s, loss=0.0279]
                                                               
[PERF][val] samples(local/global)=8/8, batches(local/global)=4/4, samples/s(local/global)=41.6/41.6, ms/batch(local)=48.1, data_wait=5.2%, compute=94.5%, non_finite_skips(local)=0
[MEM] epoch=46 RAM(before/after)=1412.6/1412.6MB | GPU mem: gpu0 alloc=24.8MB resv=7092.0MB peak=5388.2MB
Epoch 46: train_loss=0.020474, val_loss=0.020508, lr=0.00100000

Epoch 47/200

train:   0%|          | 0/4 [00:00<?, ?it/s]
train:   0%|          | 0/4 [00:00<?, ?it/s, loss=0.0341]
train:  25%|██▌       | 1/4 [00:00<00:00,  6.30it/s, loss=0.0341]
train:  25%|██▌       | 1/4 [00:00<00:00,  6.30it/s, loss=0.0084]
train:  50%|█████     | 2/4 [00:00<00:00,  6.32it/s, loss=0.0084]
train:  50%|█████     | 2/4 [00:00<00:00,  6.32it/s, loss=0.0244]
train:  75%|███████▌  | 3/4 [00:00<00:00,  6.32it/s, loss=0.0244]
train:  75%|███████▌  | 3/4 [00:00<00:00,  6.32it/s, loss=0.0147]
train: 100%|██████████| 4/4 [00:00<00:00,  6.31it/s, loss=0.0147]
                                                                 
[PERF][train] samples(local/global)=8/8, batches(local/global)=4/4, samples/s(local/global)=12.6/12.6, ms/batch(local)=158.6, data_wait=1.9%, compute=97.9%, non_finite_skips(local)=0

val:   0%|          | 0/4 [00:00<?, ?it/s]
val:   0%|          | 0/4 [00:00<?, ?it/s, loss=0.0187]
val:   0%|          | 0/4 [00:00<?, ?it/s, loss=0.0166]
val:   0%|          | 0/4 [00:00<?, ?it/s, loss=0.0189]
val:  75%|███████▌  | 3/4 [00:00<00:00, 20.77it/s, loss=0.0189]
val:  75%|███████▌  | 3/4 [00:00<00:00, 20.77it/s, loss=0.0283]
                                                               
[PERF][val] samples(local/global)=8/8, batches(local/global)=4/4, samples/s(local/global)=41.5/41.5, ms/batch(local)=48.2, data_wait=5.4%, compute=94.3%, non_finite_skips(local)=0
[MEM] epoch=47 RAM(before/after)=1412.6/1411.4MB | GPU mem: gpu0 alloc=24.8MB resv=7092.0MB peak=5388.2MB
Epoch 47: train_loss=0.020418, val_loss=0.020607, lr=0.00100000

Epoch 48/200

train:   0%|          | 0/4 [00:00<?, ?it/s]
train:   0%|          | 0/4 [00:00<?, ?it/s, loss=0.0387]
train:  25%|██▌       | 1/4 [00:00<00:00,  6.28it/s, loss=0.0387]
train:  25%|██▌       | 1/4 [00:00<00:00,  6.28it/s, loss=0.0102]
train:  50%|█████     | 2/4 [00:00<00:00,  6.32it/s, loss=0.0102]
train:  50%|█████     | 2/4 [00:00<00:00,  6.32it/s, loss=0.0244]
train:  75%|███████▌  | 3/4 [00:00<00:00,  6.33it/s, loss=0.0244]
train:  75%|███████▌  | 3/4 [00:00<00:00,  6.33it/s, loss=0.0093]
train: 100%|██████████| 4/4 [00:00<00:00,  6.34it/s, loss=0.0093]
                                                                 
[PERF][train] samples(local/global)=8/8, batches(local/global)=4/4, samples/s(local/global)=12.6/12.6, ms/batch(local)=158.2, data_wait=1.9%, compute=98.0%, non_finite_skips(local)=0

val:   0%|          | 0/4 [00:00<?, ?it/s]
val:   0%|          | 0/4 [00:00<?, ?it/s, loss=0.0185]
val:   0%|          | 0/4 [00:00<?, ?it/s, loss=0.0165]
val:   0%|          | 0/4 [00:00<?, ?it/s, loss=0.0193]
val:  75%|███████▌  | 3/4 [00:00<00:00, 20.69it/s, loss=0.0193]
val:  75%|███████▌  | 3/4 [00:00<00:00, 20.69it/s, loss=0.0280]
                                                               
[PERF][val] samples(local/global)=8/8, batches(local/global)=4/4, samples/s(local/global)=41.4/41.4, ms/batch(local)=48.3, data_wait=5.7%, compute=93.9%, non_finite_skips(local)=0
[MEM] epoch=48 RAM(before/after)=1411.4/1411.4MB | GPU mem: gpu0 alloc=24.8MB resv=7092.0MB peak=5388.2MB
Epoch 48: train_loss=0.020635, val_loss=0.020585, lr=0.00100000

Epoch 49/200

train:   0%|          | 0/4 [00:00<?, ?it/s]
train:   0%|          | 0/4 [00:00<?, ?it/s, loss=0.0110]
train:  25%|██▌       | 1/4 [00:00<00:00,  6.04it/s, loss=0.0110]
train:  25%|██▌       | 1/4 [00:00<00:00,  6.04it/s, loss=0.0390]
train:  50%|█████     | 2/4 [00:00<00:00,  6.22it/s, loss=0.0390]
train:  50%|█████     | 2/4 [00:00<00:00,  6.22it/s, loss=0.0099]
train:  75%|███████▌  | 3/4 [00:00<00:00,  6.30it/s, loss=0.0099]
train:  75%|███████▌  | 3/4 [00:00<00:00,  6.30it/s, loss=0.0227]
train: 100%|██████████| 4/4 [00:00<00:00,  6.33it/s, loss=0.0227]
                                                                 
[PERF][train] samples(local/global)=8/8, batches(local/global)=4/4, samples/s(local/global)=12.6/12.6, ms/batch(local)=159.2, data_wait=2.5%, compute=97.3%, non_finite_skips(local)=0

val:   0%|          | 0/4 [00:00<?, ?it/s]
val:   0%|          | 0/4 [00:00<?, ?it/s, loss=0.0188]
val:   0%|          | 0/4 [00:00<?, ?it/s, loss=0.0166]
val:   0%|          | 0/4 [00:00<?, ?it/s, loss=0.0188]
val:  75%|███████▌  | 3/4 [00:00<00:00, 20.81it/s, loss=0.0188]
val:  75%|███████▌  | 3/4 [00:00<00:00, 20.81it/s, loss=0.0282]
                                                               
[PERF][val] samples(local/global)=8/8, batches(local/global)=4/4, samples/s(local/global)=41.5/41.5, ms/batch(local)=48.2, data_wait=5.2%, compute=94.4%, non_finite_skips(local)=0
[MEM] epoch=49 RAM(before/after)=1411.4/1412.6MB | GPU mem: gpu0 alloc=24.8MB resv=7092.0MB peak=5388.2MB
Epoch 49: train_loss=0.020648, val_loss=0.020610, lr=0.00100000

Epoch 50/200

train:   0%|          | 0/4 [00:00<?, ?it/s]
train:   0%|          | 0/4 [00:00<?, ?it/s, loss=0.0378]
train:  25%|██▌       | 1/4 [00:00<00:00,  6.20it/s, loss=0.0378]
train:  25%|██▌       | 1/4 [00:00<00:00,  6.20it/s, loss=0.0186]
train:  50%|█████     | 2/4 [00:00<00:00,  6.28it/s, loss=0.0186]
train:  50%|█████     | 2/4 [00:00<00:00,  6.28it/s, loss=0.0150]
train:  75%|███████▌  | 3/4 [00:00<00:00,  6.31it/s, loss=0.0150]
train:  75%|███████▌  | 3/4 [00:00<00:00,  6.31it/s, loss=0.0102]
train: 100%|██████████| 4/4 [00:00<00:00,  6.32it/s, loss=0.0102]
                                                                 
[PERF][train] samples(local/global)=8/8, batches(local/global)=4/4, samples/s(local/global)=12.6/12.6, ms/batch(local)=158.8, data_wait=2.3%, compute=97.6%, non_finite_skips(local)=0

val:   0%|          | 0/4 [00:00<?, ?it/s]
val:   0%|          | 0/4 [00:00<?, ?it/s, loss=0.0184]
val:   0%|          | 0/4 [00:00<?, ?it/s, loss=0.0163]
val:   0%|          | 0/4 [00:00<?, ?it/s, loss=0.0187]
val:  75%|███████▌  | 3/4 [00:00<00:00, 20.75it/s, loss=0.0187]
val:  75%|███████▌  | 3/4 [00:00<00:00, 20.75it/s, loss=0.0277]
                                                               
[PERF][val] samples(local/global)=8/8, batches(local/global)=4/4, samples/s(local/global)=41.5/41.5, ms/batch(local)=48.2, data_wait=5.3%, compute=94.4%, non_finite_skips(local)=0
[MEM] epoch=50 RAM(before/after)=1412.6/1412.6MB | GPU mem: gpu0 alloc=24.8MB resv=7092.0MB peak=5388.2MB
Epoch 50: train_loss=0.020401, val_loss=0.020263, lr=0.00100000
Updated best model: /home/nis/jinrui.yang/EaBNet_light/logs_cbam_flat_projection64/overfit8_lr1e3_20260924_161645/best/best_model.pt (val_loss=0.020263)

Epoch 51/200

train:   0%|          | 0/4 [00:00<?, ?it/s]
train:   0%|          | 0/4 [00:00<?, ?it/s, loss=0.0184]
train:  25%|██▌       | 1/4 [00:00<00:00,  6.18it/s, loss=0.0184]
train:  25%|██▌       | 1/4 [00:00<00:00,  6.18it/s, loss=0.0187]
train:  50%|█████     | 2/4 [00:00<00:00,  6.29it/s, loss=0.0187]
train:  50%|█████     | 2/4 [00:00<00:00,  6.29it/s, loss=0.0341]
train:  75%|███████▌  | 3/4 [00:00<00:00,  6.31it/s, loss=0.0341]
train:  75%|███████▌  | 3/4 [00:00<00:00,  6.31it/s, loss=0.0100]
train: 100%|██████████| 4/4 [00:00<00:00,  6.33it/s, loss=0.0100]
                                                                 
[PERF][train] samples(local/global)=8/8, batches(local/global)=4/4, samples/s(local/global)=12.6/12.6, ms/batch(local)=158.7, data_wait=2.4%, compute=97.4%, non_finite_skips(local)=0

val:   0%|          | 0/4 [00:00<?, ?it/s]
val:   0%|          | 0/4 [00:00<?, ?it/s, loss=0.0185]
val:   0%|          | 0/4 [00:00<?, ?it/s, loss=0.0163]
val:   0%|          | 0/4 [00:00<?, ?it/s, loss=0.0186]
val:  75%|███████▌  | 3/4 [00:00<00:00, 20.70it/s, loss=0.0186]
val:  75%|███████▌  | 3/4 [00:00<00:00, 20.70it/s, loss=0.0275]
                                                               
[PERF][val] samples(local/global)=8/8, batches(local/global)=4/4, samples/s(local/global)=41.4/41.4, ms/batch(local)=48.4, data_wait=5.5%, compute=94.1%, non_finite_skips(local)=0
[MEM] epoch=51 RAM(before/after)=1412.6/1412.6MB | GPU mem: gpu0 alloc=24.8MB resv=7092.0MB peak=5388.2MB
Epoch 51: train_loss=0.020300, val_loss=0.020236, lr=0.00100000
Updated best model: /home/nis/jinrui.yang/EaBNet_light/logs_cbam_flat_projection64/overfit8_lr1e3_20260924_161645/best/best_model.pt (val_loss=0.020236)

Epoch 52/200

train:   0%|          | 0/4 [00:00<?, ?it/s]
train:   0%|          | 0/4 [00:00<?, ?it/s, loss=0.0090]
train:  25%|██▌       | 1/4 [00:00<00:00,  6.17it/s, loss=0.0090]
train:  25%|██▌       | 1/4 [00:00<00:00,  6.17it/s, loss=0.0274]
train:  50%|█████     | 2/4 [00:00<00:00,  6.28it/s, loss=0.0274]
train:  50%|█████     | 2/4 [00:00<00:00,  6.28it/s, loss=0.0162]
train:  75%|███████▌  | 3/4 [00:00<00:00,  6.31it/s, loss=0.0162]
train:  75%|███████▌  | 3/4 [00:00<00:00,  6.31it/s, loss=0.0279]
train: 100%|██████████| 4/4 [00:00<00:00,  6.35it/s, loss=0.0279]
                                                                 
[PERF][train] samples(local/global)=8/8, batches(local/global)=4/4, samples/s(local/global)=12.6/12.6, ms/batch(local)=158.4, data_wait=2.2%, compute=97.6%, non_finite_skips(local)=0

val:   0%|          | 0/4 [00:00<?, ?it/s]
val:   0%|          | 0/4 [00:00<?, ?it/s, loss=0.0185]
val:   0%|          | 0/4 [00:00<?, ?it/s, loss=0.0163]
val:   0%|          | 0/4 [00:00<?, ?it/s, loss=0.0187]
val:  75%|███████▌  | 3/4 [00:00<00:00, 20.70it/s, loss=0.0187]
val:  75%|███████▌  | 3/4 [00:00<00:00, 20.70it/s, loss=0.0280]
                                                               
[PERF][val] samples(local/global)=8/8, batches(local/global)=4/4, samples/s(local/global)=41.4/41.4, ms/batch(local)=48.3, data_wait=5.3%, compute=94.3%, non_finite_skips(local)=0
[MEM] epoch=52 RAM(before/after)=1412.6/1411.4MB | GPU mem: gpu0 alloc=24.8MB resv=7092.0MB peak=5388.2MB
Epoch 52: train_loss=0.020149, val_loss=0.020369, lr=0.00100000

Epoch 53/200

train:   0%|          | 0/4 [00:00<?, ?it/s]
train:   0%|          | 0/4 [00:00<?, ?it/s, loss=0.0416]
train:  25%|██▌       | 1/4 [00:00<00:00,  6.25it/s, loss=0.0416]
train:  25%|██▌       | 1/4 [00:00<00:00,  6.25it/s, loss=0.0202]
train:  50%|█████     | 2/4 [00:00<00:00,  6.30it/s, loss=0.0202]
train:  50%|█████     | 2/4 [00:00<00:00,  6.30it/s, loss=0.0044]
train:  75%|███████▌  | 3/4 [00:00<00:00,  6.33it/s, loss=0.0044]
train:  75%|███████▌  | 3/4 [00:00<00:00,  6.33it/s, loss=0.0145]
train: 100%|██████████| 4/4 [00:00<00:00,  6.33it/s, loss=0.0145]
                                                                 
[PERF][train] samples(local/global)=8/8, batches(local/global)=4/4, samples/s(local/global)=12.6/12.6, ms/batch(local)=158.4, data_wait=1.8%, compute=98.0%, non_finite_skips(local)=0

val:   0%|          | 0/4 [00:00<?, ?it/s]
val:   0%|          | 0/4 [00:00<?, ?it/s, loss=0.0185]
val:   0%|          | 0/4 [00:00<?, ?it/s, loss=0.0162]
val:   0%|          | 0/4 [00:00<?, ?it/s, loss=0.0184]
val:  75%|███████▌  | 3/4 [00:00<00:00, 20.58it/s, loss=0.0184]
val:  75%|███████▌  | 3/4 [00:00<00:00, 20.58it/s, loss=0.0276]
                                                               
[PERF][val] samples(local/global)=8/8, batches(local/global)=4/4, samples/s(local/global)=41.2/41.2, ms/batch(local)=48.6, data_wait=5.8%, compute=93.9%, non_finite_skips(local)=0
[MEM] epoch=53 RAM(before/after)=1411.4/1412.6MB | GPU mem: gpu0 alloc=24.8MB resv=7092.0MB peak=5388.2MB
Epoch 53: train_loss=0.020193, val_loss=0.020185, lr=0.00100000
Updated best model: /home/nis/jinrui.yang/EaBNet_light/logs_cbam_flat_projection64/overfit8_lr1e3_20260924_161645/best/best_model.pt (val_loss=0.020185)

Epoch 54/200

train:   0%|          | 0/4 [00:00<?, ?it/s]
train:   0%|          | 0/4 [00:00<?, ?it/s, loss=0.0280]
train:  25%|██▌       | 1/4 [00:00<00:00,  6.25it/s, loss=0.0280]
train:  25%|██▌       | 1/4 [00:00<00:00,  6.25it/s, loss=0.0100]
train:  50%|█████     | 2/4 [00:00<00:00,  6.34it/s, loss=0.0100]
train:  50%|█████     | 2/4 [00:00<00:00,  6.34it/s, loss=0.0144]
train:  75%|███████▌  | 3/4 [00:00<00:00,  6.35it/s, loss=0.0144]
train:  75%|███████▌  | 3/4 [00:00<00:00,  6.35it/s, loss=0.0277]
train: 100%|██████████| 4/4 [00:00<00:00,  6.36it/s, loss=0.0277]
                                                                 
[PERF][train] samples(local/global)=8/8, batches(local/global)=4/4, samples/s(local/global)=12.7/12.7, ms/batch(local)=157.6, data_wait=1.9%, compute=98.0%, non_finite_skips(local)=0

val:   0%|          | 0/4 [00:00<?, ?it/s]
val:   0%|          | 0/4 [00:00<?, ?it/s, loss=0.0185]
val:   0%|          | 0/4 [00:00<?, ?it/s, loss=0.0161]
val:   0%|          | 0/4 [00:00<?, ?it/s, loss=0.0185]
val:  75%|███████▌  | 3/4 [00:00<00:00, 20.69it/s, loss=0.0185]
val:  75%|███████▌  | 3/4 [00:00<00:00, 20.69it/s, loss=0.0274]
                                                               
[PERF][val] samples(local/global)=8/8, batches(local/global)=4/4, samples/s(local/global)=41.2/41.2, ms/batch(local)=48.5, data_wait=5.8%, compute=93.9%, non_finite_skips(local)=0
[MEM] epoch=54 RAM(before/after)=1412.6/1412.6MB | GPU mem: gpu0 alloc=24.8MB resv=7092.0MB peak=5388.2MB
Epoch 54: train_loss=0.020025, val_loss=0.020143, lr=0.00100000
Updated best model: /home/nis/jinrui.yang/EaBNet_light/logs_cbam_flat_projection64/overfit8_lr1e3_20260924_161645/best/best_model.pt (val_loss=0.020143)

Epoch 55/200

train:   0%|          | 0/4 [00:00<?, ?it/s]
train:   0%|          | 0/4 [00:00<?, ?it/s, loss=0.0089]
train:  25%|██▌       | 1/4 [00:00<00:00,  6.25it/s, loss=0.0089]
train:  25%|██▌       | 1/4 [00:00<00:00,  6.25it/s, loss=0.0099]
train:  50%|█████     | 2/4 [00:00<00:00,  6.31it/s, loss=0.0099]
train:  50%|█████     | 2/4 [00:00<00:00,  6.31it/s, loss=0.0274]
train:  75%|███████▌  | 3/4 [00:00<00:00,  6.33it/s, loss=0.0274]
train:  75%|███████▌  | 3/4 [00:00<00:00,  6.33it/s, loss=0.0334]
train: 100%|██████████| 4/4 [00:00<00:00,  6.33it/s, loss=0.0334]
                                                                 
[PERF][train] samples(local/global)=8/8, batches(local/global)=4/4, samples/s(local/global)=12.6/12.6, ms/batch(local)=158.5, data_wait=2.0%, compute=97.9%, non_finite_skips(local)=0

val:   0%|          | 0/4 [00:00<?, ?it/s]
val:   0%|          | 0/4 [00:00<?, ?it/s, loss=0.0185]
val:   0%|          | 0/4 [00:00<?, ?it/s, loss=0.0161]
val:   0%|          | 0/4 [00:00<?, ?it/s, loss=0.0184]
val:  75%|███████▌  | 3/4 [00:00<00:00, 20.81it/s, loss=0.0184]
val:  75%|███████▌  | 3/4 [00:00<00:00, 20.81it/s, loss=0.0273]
                                                               
[PERF][val] samples(local/global)=8/8, batches(local/global)=4/4, samples/s(local/global)=41.4/41.4, ms/batch(local)=48.3, data_wait=5.6%, compute=94.0%, non_finite_skips(local)=0
[MEM] epoch=55 RAM(before/after)=1412.6/1412.6MB | GPU mem: gpu0 alloc=24.8MB resv=7092.0MB peak=5388.2MB
Epoch 55: train_loss=0.019907, val_loss=0.020099, lr=0.00100000
Updated best model: /home/nis/jinrui.yang/EaBNet_light/logs_cbam_flat_projection64/overfit8_lr1e3_20260924_161645/best/best_model.pt (val_loss=0.020099)

Epoch 56/200

train:   0%|          | 0/4 [00:00<?, ?it/s]
train:   0%|          | 0/4 [00:00<?, ?it/s, loss=0.0183]
train:  25%|██▌       | 1/4 [00:00<00:00,  6.21it/s, loss=0.0183]
train:  25%|██▌       | 1/4 [00:00<00:00,  6.21it/s, loss=0.0107]
train:  50%|█████     | 2/4 [00:00<00:00,  6.29it/s, loss=0.0107]
train:  50%|█████     | 2/4 [00:00<00:00,  6.29it/s, loss=0.0097]
train:  75%|███████▌  | 3/4 [00:00<00:00,  6.33it/s, loss=0.0097]
train:  75%|███████▌  | 3/4 [00:00<00:00,  6.33it/s, loss=0.0413]
train: 100%|██████████| 4/4 [00:00<00:00,  6.35it/s, loss=0.0413]
                                                                 
[PERF][train] samples(local/global)=8/8, batches(local/global)=4/4, samples/s(local/global)=12.6/12.6, ms/batch(local)=158.2, data_wait=2.2%, compute=97.7%, non_finite_skips(local)=0

val:   0%|          | 0/4 [00:00<?, ?it/s]
val:   0%|          | 0/4 [00:00<?, ?it/s, loss=0.0185]
val:   0%|          | 0/4 [00:00<?, ?it/s, loss=0.0161]
val:   0%|          | 0/4 [00:00<?, ?it/s, loss=0.0184]
val:  75%|███████▌  | 3/4 [00:00<00:00, 20.77it/s, loss=0.0184]
val:  75%|███████▌  | 3/4 [00:00<00:00, 20.77it/s, loss=0.0273]
                                                               
[PERF][val] samples(local/global)=8/8, batches(local/global)=4/4, samples/s(local/global)=41.5/41.5, ms/batch(local)=48.1, data_wait=5.3%, compute=94.4%, non_finite_skips(local)=0
[MEM] epoch=56 RAM(before/after)=1412.6/1412.6MB | GPU mem: gpu0 alloc=24.8MB resv=7092.0MB peak=5388.2MB
Epoch 56: train_loss=0.019994, val_loss=0.020083, lr=0.00100000
Updated best model: /home/nis/jinrui.yang/EaBNet_light/logs_cbam_flat_projection64/overfit8_lr1e3_20260924_161645/best/best_model.pt (val_loss=0.020083)

Epoch 57/200

train:   0%|          | 0/4 [00:00<?, ?it/s]
train:   0%|          | 0/4 [00:00<?, ?it/s, loss=0.0318]
train:  25%|██▌       | 1/4 [00:00<00:00,  6.16it/s, loss=0.0318]
train:  25%|██▌       | 1/4 [00:00<00:00,  6.16it/s, loss=0.0044]
train:  50%|█████     | 2/4 [00:00<00:00,  6.24it/s, loss=0.0044]
train:  50%|█████     | 2/4 [00:00<00:00,  6.24it/s, loss=0.0200]
train:  75%|███████▌  | 3/4 [00:00<00:00,  6.31it/s, loss=0.0200]
train:  75%|███████▌  | 3/4 [00:00<00:00,  6.31it/s, loss=0.0238]
train: 100%|██████████| 4/4 [00:00<00:00,  6.34it/s, loss=0.0238]
                                                                 
[PERF][train] samples(local/global)=8/8, batches(local/global)=4/4, samples/s(local/global)=12.6/12.6, ms/batch(local)=158.8, data_wait=2.3%, compute=97.5%, non_finite_skips(local)=0

val:   0%|          | 0/4 [00:00<?, ?it/s]
val:   0%|          | 0/4 [00:00<?, ?it/s, loss=0.0183]
val:   0%|          | 0/4 [00:00<?, ?it/s, loss=0.0161]
val:   0%|          | 0/4 [00:00<?, ?it/s, loss=0.0183]
val:  75%|███████▌  | 3/4 [00:00<00:00, 20.72it/s, loss=0.0183]
val:  75%|███████▌  | 3/4 [00:00<00:00, 20.72it/s, loss=0.0277]
                                                               
[PERF][val] samples(local/global)=8/8, batches(local/global)=4/4, samples/s(local/global)=41.4/41.4, ms/batch(local)=48.3, data_wait=5.7%, compute=94.0%, non_finite_skips(local)=0
[MEM] epoch=57 RAM(before/after)=1412.6/1412.6MB | GPU mem: gpu0 alloc=24.8MB resv=7092.0MB peak=5388.2MB
Epoch 57: train_loss=0.020007, val_loss=0.020123, lr=0.00100000

Epoch 58/200

train:   0%|          | 0/4 [00:00<?, ?it/s]
train:   0%|          | 0/4 [00:00<?, ?it/s, loss=0.0237]
train:  25%|██▌       | 1/4 [00:00<00:00,  6.07it/s, loss=0.0237]
train:  25%|██▌       | 1/4 [00:00<00:00,  6.07it/s, loss=0.0279]
train:  50%|█████     | 2/4 [00:00<00:00,  6.25it/s, loss=0.0279]
train:  50%|█████     | 2/4 [00:00<00:00,  6.25it/s, loss=0.0180]
train:  75%|███████▌  | 3/4 [00:00<00:00,  6.30it/s, loss=0.0180]
train:  75%|███████▌  | 3/4 [00:00<00:00,  6.30it/s, loss=0.0098]
train: 100%|██████████| 4/4 [00:00<00:00,  6.32it/s, loss=0.0098]
                                                                 
[PERF][train] samples(local/global)=8/8, batches(local/global)=4/4, samples/s(local/global)=12.6/12.6, ms/batch(local)=159.2, data_wait=2.4%, compute=97.5%, non_finite_skips(local)=0

val:   0%|          | 0/4 [00:00<?, ?it/s]
val:   0%|          | 0/4 [00:00<?, ?it/s, loss=0.0183]
val:   0%|          | 0/4 [00:00<?, ?it/s, loss=0.0159]
val:   0%|          | 0/4 [00:00<?, ?it/s, loss=0.0182]
val:  75%|███████▌  | 3/4 [00:00<00:00, 20.78it/s, loss=0.0182]
val:  75%|███████▌  | 3/4 [00:00<00:00, 20.78it/s, loss=0.0272]
                                                               
[PERF][val] samples(local/global)=8/8, batches(local/global)=4/4, samples/s(local/global)=41.4/41.4, ms/batch(local)=48.3, data_wait=5.5%, compute=94.1%, non_finite_skips(local)=0
[MEM] epoch=58 RAM(before/after)=1412.6/1412.6MB | GPU mem: gpu0 alloc=24.8MB resv=7092.0MB peak=5388.2MB
Epoch 58: train_loss=0.019870, val_loss=0.019923, lr=0.00100000
Updated best model: /home/nis/jinrui.yang/EaBNet_light/logs_cbam_flat_projection64/overfit8_lr1e3_20260924_161645/best/best_model.pt (val_loss=0.019923)

Epoch 59/200

train:   0%|          | 0/4 [00:00<?, ?it/s]
train:   0%|          | 0/4 [00:00<?, ?it/s, loss=0.0221]
train:  25%|██▌       | 1/4 [00:00<00:00,  6.29it/s, loss=0.0221]
train:  25%|██▌       | 1/4 [00:00<00:00,  6.29it/s, loss=0.0197]
train:  50%|█████     | 2/4 [00:00<00:00,  6.31it/s, loss=0.0197]
train:  50%|█████     | 2/4 [00:00<00:00,  6.31it/s, loss=0.0271]
train:  75%|███████▌  | 3/4 [00:00<00:00,  6.34it/s, loss=0.0271]
train:  75%|███████▌  | 3/4 [00:00<00:00,  6.34it/s, loss=0.0106]
train: 100%|██████████| 4/4 [00:00<00:00,  6.35it/s, loss=0.0106]
                                                                 
[PERF][train] samples(local/global)=8/8, batches(local/global)=4/4, samples/s(local/global)=12.7/12.7, ms/batch(local)=157.9, data_wait=1.9%, compute=97.9%, non_finite_skips(local)=0

val:   0%|          | 0/4 [00:00<?, ?it/s]
val:   0%|          | 0/4 [00:00<?, ?it/s, loss=0.0183]
val:   0%|          | 0/4 [00:00<?, ?it/s, loss=0.0160]
val:   0%|          | 0/4 [00:00<?, ?it/s, loss=0.0181]
val:  75%|███████▌  | 3/4 [00:00<00:00, 20.54it/s, loss=0.0181]
val:  75%|███████▌  | 3/4 [00:00<00:00, 20.54it/s, loss=0.0272]
                                                               
[PERF][val] samples(local/global)=8/8, batches(local/global)=4/4, samples/s(local/global)=41.0/41.0, ms/batch(local)=48.8, data_wait=6.1%, compute=93.6%, non_finite_skips(local)=0
[MEM] epoch=59 RAM(before/after)=1412.6/1412.6MB | GPU mem: gpu0 alloc=24.8MB resv=7092.0MB peak=5388.2MB
Epoch 59: train_loss=0.019873, val_loss=0.019898, lr=0.00100000
Updated best model: /home/nis/jinrui.yang/EaBNet_light/logs_cbam_flat_projection64/overfit8_lr1e3_20260924_161645/best/best_model.pt (val_loss=0.019898)

Epoch 60/200

train:   0%|          | 0/4 [00:00<?, ?it/s]
train:   0%|          | 0/4 [00:00<?, ?it/s, loss=0.0159]
train:  25%|██▌       | 1/4 [00:00<00:00,  6.16it/s, loss=0.0159]
train:  25%|██▌       | 1/4 [00:00<00:00,  6.16it/s, loss=0.0272]
train:  50%|█████     | 2/4 [00:00<00:00,  6.27it/s, loss=0.0272]
train:  50%|█████     | 2/4 [00:00<00:00,  6.27it/s, loss=0.0088]
train:  75%|███████▌  | 3/4 [00:00<00:00,  6.33it/s, loss=0.0088]
train:  75%|███████▌  | 3/4 [00:00<00:00,  6.33it/s, loss=0.0269]
train: 100%|██████████| 4/4 [00:00<00:00,  6.33it/s, loss=0.0269]
                                                                 
[PERF][train] samples(local/global)=8/8, batches(local/global)=4/4, samples/s(local/global)=12.6/12.6, ms/batch(local)=158.6, data_wait=2.3%, compute=97.6%, non_finite_skips(local)=0

val:   0%|          | 0/4 [00:00<?, ?it/s]
val:   0%|          | 0/4 [00:00<?, ?it/s, loss=0.0183]
val:   0%|          | 0/4 [00:00<?, ?it/s, loss=0.0159]
val:   0%|          | 0/4 [00:00<?, ?it/s, loss=0.0181]
val:  75%|███████▌  | 3/4 [00:00<00:00, 20.68it/s, loss=0.0181]
val:  75%|███████▌  | 3/4 [00:00<00:00, 20.68it/s, loss=0.0272]
                                                               
[PERF][val] samples(local/global)=8/8, batches(local/global)=4/4, samples/s(local/global)=41.3/41.3, ms/batch(local)=48.4, data_wait=5.6%, compute=94.0%, non_finite_skips(local)=0
[MEM] epoch=60 RAM(before/after)=1412.6/1413.8MB | GPU mem: gpu0 alloc=24.8MB resv=7092.0MB peak=5388.2MB
Epoch 60: train_loss=0.019711, val_loss=0.019883, lr=0.00100000
Updated best model: /home/nis/jinrui.yang/EaBNet_light/logs_cbam_flat_projection64/overfit8_lr1e3_20260924_161645/best/best_model.pt (val_loss=0.019883)

Epoch 61/200

train:   0%|          | 0/4 [00:00<?, ?it/s]
train:   0%|          | 0/4 [00:00<?, ?it/s, loss=0.0268]
train:  25%|██▌       | 1/4 [00:00<00:00,  6.16it/s, loss=0.0268]
train:  25%|██▌       | 1/4 [00:00<00:00,  6.16it/s, loss=0.0196]
train:  50%|█████     | 2/4 [00:00<00:00,  6.28it/s, loss=0.0196]
train:  50%|█████     | 2/4 [00:00<00:00,  6.28it/s, loss=0.0142]
train:  75%|███████▌  | 3/4 [00:00<00:00,  6.32it/s, loss=0.0142]
train:  75%|███████▌  | 3/4 [00:00<00:00,  6.32it/s, loss=0.0182]
train: 100%|██████████| 4/4 [00:00<00:00,  6.34it/s, loss=0.0182]
                                                                 
[PERF][train] samples(local/global)=8/8, batches(local/global)=4/4, samples/s(local/global)=12.6/12.6, ms/batch(local)=158.6, data_wait=2.2%, compute=97.7%, non_finite_skips(local)=0

val:   0%|          | 0/4 [00:00<?, ?it/s]
val:   0%|          | 0/4 [00:00<?, ?it/s, loss=0.0183]
val:   0%|          | 0/4 [00:00<?, ?it/s, loss=0.0158]
val:   0%|          | 0/4 [00:00<?, ?it/s, loss=0.0180]
val:  75%|███████▌  | 3/4 [00:00<00:00, 20.79it/s, loss=0.0180]
val:  75%|███████▌  | 3/4 [00:00<00:00, 20.79it/s, loss=0.0271]
                                                               
[PERF][val] samples(local/global)=8/8, batches(local/global)=4/4, samples/s(local/global)=41.5/41.5, ms/batch(local)=48.2, data_wait=5.3%, compute=94.3%, non_finite_skips(local)=0
[MEM] epoch=61 RAM(before/after)=1413.8/1413.8MB | GPU mem: gpu0 alloc=24.8MB resv=7092.0MB peak=5388.2MB
Epoch 61: train_loss=0.019720, val_loss=0.019822, lr=0.00100000
Updated best model: /home/nis/jinrui.yang/EaBNet_light/logs_cbam_flat_projection64/overfit8_lr1e3_20260924_161645/best/best_model.pt (val_loss=0.019822)

Epoch 62/200

train:   0%|          | 0/4 [00:00<?, ?it/s]
train:   0%|          | 0/4 [00:00<?, ?it/s, loss=0.0044]
train:  25%|██▌       | 1/4 [00:00<00:00,  6.28it/s, loss=0.0044]
train:  25%|██▌       | 1/4 [00:00<00:00,  6.28it/s, loss=0.0408]
train:  50%|█████     | 2/4 [00:00<00:00,  6.34it/s, loss=0.0408]
train:  50%|█████     | 2/4 [00:00<00:00,  6.34it/s, loss=0.0141]
train:  75%|███████▌  | 3/4 [00:00<00:00,  6.34it/s, loss=0.0141]
train:  75%|███████▌  | 3/4 [00:00<00:00,  6.34it/s, loss=0.0194]
train: 100%|██████████| 4/4 [00:00<00:00,  6.34it/s, loss=0.0194]
                                                                 
[PERF][train] samples(local/global)=8/8, batches(local/global)=4/4, samples/s(local/global)=12.7/12.7, ms/batch(local)=158.1, data_wait=1.8%, compute=98.0%, non_finite_skips(local)=0

val:   0%|          | 0/4 [00:00<?, ?it/s]
val:   0%|          | 0/4 [00:00<?, ?it/s, loss=0.0183]
val:   0%|          | 0/4 [00:00<?, ?it/s, loss=0.0158]
val:   0%|          | 0/4 [00:00<?, ?it/s, loss=0.0180]
val:  75%|███████▌  | 3/4 [00:00<00:00, 20.81it/s, loss=0.0180]
val:  75%|███████▌  | 3/4 [00:00<00:00, 20.81it/s, loss=0.0271]
                                                               
[PERF][val] samples(local/global)=8/8, batches(local/global)=4/4, samples/s(local/global)=41.6/41.6, ms/batch(local)=48.0, data_wait=5.2%, compute=94.6%, non_finite_skips(local)=0
[MEM] epoch=62 RAM(before/after)=1413.8/1412.6MB | GPU mem: gpu0 alloc=24.8MB resv=7092.0MB peak=5388.2MB
Epoch 62: train_loss=0.019667, val_loss=0.019796, lr=0.00100000
Updated best model: /home/nis/jinrui.yang/EaBNet_light/logs_cbam_flat_projection64/overfit8_lr1e3_20260924_161645/best/best_model.pt (val_loss=0.019796)

Epoch 63/200

train:   0%|          | 0/4 [00:00<?, ?it/s]
train:   0%|          | 0/4 [00:00<?, ?it/s, loss=0.0087]
train:  25%|██▌       | 1/4 [00:00<00:00,  6.28it/s, loss=0.0087]
train:  25%|██▌       | 1/4 [00:00<00:00,  6.28it/s, loss=0.0330]
train:  50%|█████     | 2/4 [00:00<00:00,  6.30it/s, loss=0.0330]
train:  50%|█████     | 2/4 [00:00<00:00,  6.30it/s, loss=0.0270]
train:  75%|███████▌  | 3/4 [00:00<00:00,  6.32it/s, loss=0.0270]
train:  75%|███████▌  | 3/4 [00:00<00:00,  6.32it/s, loss=0.0095]
train: 100%|██████████| 4/4 [00:00<00:00,  6.32it/s, loss=0.0095]
                                                                 
[PERF][train] samples(local/global)=8/8, batches(local/global)=4/4, samples/s(local/global)=12.6/12.6, ms/batch(local)=158.5, data_wait=1.9%, compute=97.9%, non_finite_skips(local)=0

val:   0%|          | 0/4 [00:00<?, ?it/s]
val:   0%|          | 0/4 [00:00<?, ?it/s, loss=0.0183]
val:   0%|          | 0/4 [00:00<?, ?it/s, loss=0.0157]
val:   0%|          | 0/4 [00:00<?, ?it/s, loss=0.0179]
val:  75%|███████▌  | 3/4 [00:00<00:00, 20.77it/s, loss=0.0179]
val:  75%|███████▌  | 3/4 [00:00<00:00, 20.77it/s, loss=0.0270]
                                                               
[PERF][val] samples(local/global)=8/8, batches(local/global)=4/4, samples/s(local/global)=41.4/41.4, ms/batch(local)=48.3, data_wait=5.4%, compute=94.4%, non_finite_skips(local)=0
[MEM] epoch=63 RAM(before/after)=1412.6/1412.6MB | GPU mem: gpu0 alloc=24.8MB resv=7092.0MB peak=5388.2MB
Epoch 63: train_loss=0.019580, val_loss=0.019725, lr=0.00100000
Updated best model: /home/nis/jinrui.yang/EaBNet_light/logs_cbam_flat_projection64/overfit8_lr1e3_20260924_161645/best/best_model.pt (val_loss=0.019725)

Epoch 64/200

train:   0%|          | 0/4 [00:00<?, ?it/s]
train:   0%|          | 0/4 [00:00<?, ?it/s, loss=0.0193]
train:  25%|██▌       | 1/4 [00:00<00:00,  6.25it/s, loss=0.0193]
train:  25%|██▌       | 1/4 [00:00<00:00,  6.25it/s, loss=0.0142]
train:  50%|█████     | 2/4 [00:00<00:00,  6.30it/s, loss=0.0142]
train:  50%|█████     | 2/4 [00:00<00:00,  6.30it/s, loss=0.0407]
train:  75%|███████▌  | 3/4 [00:00<00:00,  6.31it/s, loss=0.0407]
train:  75%|███████▌  | 3/4 [00:00<00:00,  6.31it/s, loss=0.0043]
train: 100%|██████████| 4/4 [00:00<00:00,  6.31it/s, loss=0.0043]
                                                                 
[PERF][train] samples(local/global)=8/8, batches(local/global)=4/4, samples/s(local/global)=12.6/12.6, ms/batch(local)=158.7, data_wait=2.0%, compute=97.9%, non_finite_skips(local)=0

val:   0%|          | 0/4 [00:00<?, ?it/s]
val:   0%|          | 0/4 [00:00<?, ?it/s, loss=0.0183]
val:   0%|          | 0/4 [00:00<?, ?it/s, loss=0.0157]
val:   0%|          | 0/4 [00:00<?, ?it/s, loss=0.0180]
val:  75%|███████▌  | 3/4 [00:00<00:00, 20.71it/s, loss=0.0180]
val:  75%|███████▌  | 3/4 [00:00<00:00, 20.71it/s, loss=0.0269]
                                                               
[PERF][val] samples(local/global)=8/8, batches(local/global)=4/4, samples/s(local/global)=41.4/41.4, ms/batch(local)=48.3, data_wait=5.6%, compute=94.2%, non_finite_skips(local)=0
[MEM] epoch=64 RAM(before/after)=1412.6/1412.6MB | GPU mem: gpu0 alloc=24.8MB resv=7092.0MB peak=5388.2MB
Epoch 64: train_loss=0.019620, val_loss=0.019716, lr=0.00100000
Updated best model: /home/nis/jinrui.yang/EaBNet_light/logs_cbam_flat_projection64/overfit8_lr1e3_20260924_161645/best/best_model.pt (val_loss=0.019716)

Epoch 65/200

train:   0%|          | 0/4 [00:00<?, ?it/s]
train:   0%|          | 0/4 [00:00<?, ?it/s, loss=0.0104]
train:  25%|██▌       | 1/4 [00:00<00:00,  6.19it/s, loss=0.0104]
train:  25%|██▌       | 1/4 [00:00<00:00,  6.19it/s, loss=0.0405]
train:  50%|█████     | 2/4 [00:00<00:00,  6.28it/s, loss=0.0405]
train:  50%|█████     | 2/4 [00:00<00:00,  6.28it/s, loss=0.0179]
train:  75%|███████▌  | 3/4 [00:00<00:00,  6.33it/s, loss=0.0179]
train:  75%|███████▌  | 3/4 [00:00<00:00,  6.33it/s, loss=0.0096]
train: 100%|██████████| 4/4 [00:00<00:00,  6.33it/s, loss=0.0096]
                                                                 
[PERF][train] samples(local/global)=8/8, batches(local/global)=4/4, samples/s(local/global)=12.6/12.6, ms/batch(local)=158.5, data_wait=1.9%, compute=98.0%, non_finite_skips(local)=0

val:   0%|          | 0/4 [00:00<?, ?it/s]
val:   0%|          | 0/4 [00:00<?, ?it/s, loss=0.0184]
val:   0%|          | 0/4 [00:00<?, ?it/s, loss=0.0156]
val:   0%|          | 0/4 [00:00<?, ?it/s, loss=0.0178]
val:  75%|███████▌  | 3/4 [00:00<00:00, 20.76it/s, loss=0.0178]
val:  75%|███████▌  | 3/4 [00:00<00:00, 20.76it/s, loss=0.0271]
                                                               
[PERF][val] samples(local/global)=8/8, batches(local/global)=4/4, samples/s(local/global)=41.4/41.4, ms/batch(local)=48.3, data_wait=5.4%, compute=94.2%, non_finite_skips(local)=0
[MEM] epoch=65 RAM(before/after)=1412.6/1411.4MB | GPU mem: gpu0 alloc=24.8MB resv=7092.0MB peak=5388.2MB
Epoch 65: train_loss=0.019605, val_loss=0.019740, lr=0.00100000

Epoch 66/200

train:   0%|          | 0/4 [00:00<?, ?it/s]
train:   0%|          | 0/4 [00:00<?, ?it/s, loss=0.0234]
train:  25%|██▌       | 1/4 [00:00<00:00,  6.15it/s, loss=0.0234]
train:  25%|██▌       | 1/4 [00:00<00:00,  6.15it/s, loss=0.0141]
train:  50%|█████     | 2/4 [00:00<00:00,  6.25it/s, loss=0.0141]
train:  50%|█████     | 2/4 [00:00<00:00,  6.25it/s, loss=0.0369]
train:  75%|███████▌  | 3/4 [00:00<00:00,  6.31it/s, loss=0.0369]
train:  75%|███████▌  | 3/4 [00:00<00:00,  6.31it/s, loss=0.0043]
train: 100%|██████████| 4/4 [00:00<00:00,  6.33it/s, loss=0.0043]
                                                                 
[PERF][train] samples(local/global)=8/8, batches(local/global)=4/4, samples/s(local/global)=12.6/12.6, ms/batch(local)=158.7, data_wait=1.8%, compute=98.1%, non_finite_skips(local)=0

val:   0%|          | 0/4 [00:00<?, ?it/s]
val:   0%|          | 0/4 [00:00<?, ?it/s, loss=0.0181]
val:   0%|          | 0/4 [00:00<?, ?it/s, loss=0.0156]
val:   0%|          | 0/4 [00:00<?, ?it/s, loss=0.0179]
val:  75%|███████▌  | 3/4 [00:00<00:00, 20.84it/s, loss=0.0179]
val:  75%|███████▌  | 3/4 [00:00<00:00, 20.84it/s, loss=0.0268]
                                                               
[PERF][val] samples(local/global)=8/8, batches(local/global)=4/4, samples/s(local/global)=41.4/41.4, ms/batch(local)=48.3, data_wait=5.2%, compute=94.4%, non_finite_skips(local)=0
[MEM] epoch=66 RAM(before/after)=1411.4/1412.6MB | GPU mem: gpu0 alloc=24.8MB resv=7092.0MB peak=5388.2MB
Epoch 66: train_loss=0.019680, val_loss=0.019630, lr=0.00100000
Updated best model: /home/nis/jinrui.yang/EaBNet_light/logs_cbam_flat_projection64/overfit8_lr1e3_20260924_161645/best/best_model.pt (val_loss=0.019630)

Epoch 67/200

train:   0%|          | 0/4 [00:00<?, ?it/s]
train:   0%|          | 0/4 [00:00<?, ?it/s, loss=0.0174]
train:  25%|██▌       | 1/4 [00:00<00:00,  6.23it/s, loss=0.0174]
train:  25%|██▌       | 1/4 [00:00<00:00,  6.23it/s, loss=0.0088]
train:  50%|█████     | 2/4 [00:00<00:00,  6.29it/s, loss=0.0088]
train:  50%|█████     | 2/4 [00:00<00:00,  6.29it/s, loss=0.0157]
train:  75%|███████▌  | 3/4 [00:00<00:00,  6.31it/s, loss=0.0157]
train:  75%|███████▌  | 3/4 [00:00<00:00,  6.31it/s, loss=0.0369]
train: 100%|██████████| 4/4 [00:00<00:00,  6.31it/s, loss=0.0369]
                                                                 
[PERF][train] samples(local/global)=8/8, batches(local/global)=4/4, samples/s(local/global)=12.6/12.6, ms/batch(local)=158.8, data_wait=2.1%, compute=97.8%, non_finite_skips(local)=0

val:   0%|          | 0/4 [00:00<?, ?it/s]
val:   0%|          | 0/4 [00:00<?, ?it/s, loss=0.0181]
val:   0%|          | 0/4 [00:00<?, ?it/s, loss=0.0156]
val:   0%|          | 0/4 [00:00<?, ?it/s, loss=0.0179]
val:  75%|███████▌  | 3/4 [00:00<00:00, 20.78it/s, loss=0.0179]
val:  75%|███████▌  | 3/4 [00:00<00:00, 20.78it/s, loss=0.0267]
                                                               
[PERF][val] samples(local/global)=8/8, batches(local/global)=4/4, samples/s(local/global)=41.5/41.5, ms/batch(local)=48.2, data_wait=5.7%, compute=94.0%, non_finite_skips(local)=0
[MEM] epoch=67 RAM(before/after)=1412.6/1412.6MB | GPU mem: gpu0 alloc=24.8MB resv=7092.0MB peak=5388.2MB
Epoch 67: train_loss=0.019696, val_loss=0.019593, lr=0.00100000
Updated best model: /home/nis/jinrui.yang/EaBNet_light/logs_cbam_flat_projection64/overfit8_lr1e3_20260924_161645/best/best_model.pt (val_loss=0.019593)

Epoch 68/200

train:   0%|          | 0/4 [00:00<?, ?it/s]
train:   0%|          | 0/4 [00:00<?, ?it/s, loss=0.0181]
train:  25%|██▌       | 1/4 [00:00<00:00,  6.27it/s, loss=0.0181]
train:  25%|██▌       | 1/4 [00:00<00:00,  6.27it/s, loss=0.0193]
train:  50%|█████     | 2/4 [00:00<00:00,  6.30it/s, loss=0.0193]
train:  50%|█████     | 2/4 [00:00<00:00,  6.30it/s, loss=0.0095]
train:  75%|███████▌  | 3/4 [00:00<00:00,  6.33it/s, loss=0.0095]
train:  75%|███████▌  | 3/4 [00:00<00:00,  6.33it/s, loss=0.0319]
train: 100%|██████████| 4/4 [00:00<00:00,  6.34it/s, loss=0.0319]
                                                                 
[PERF][train] samples(local/global)=8/8, batches(local/global)=4/4, samples/s(local/global)=12.6/12.6, ms/batch(local)=158.3, data_wait=1.8%, compute=98.0%, non_finite_skips(local)=0

val:   0%|          | 0/4 [00:00<?, ?it/s]
val:   0%|          | 0/4 [00:00<?, ?it/s, loss=0.0183]
val:   0%|          | 0/4 [00:00<?, ?it/s, loss=0.0156]
val:   0%|          | 0/4 [00:00<?, ?it/s, loss=0.0179]
val:  75%|███████▌  | 3/4 [00:00<00:00, 20.77it/s, loss=0.0179]
val:  75%|███████▌  | 3/4 [00:00<00:00, 20.77it/s, loss=0.0270]
                                                               
[PERF][val] samples(local/global)=8/8, batches(local/global)=4/4, samples/s(local/global)=41.5/41.5, ms/batch(local)=48.2, data_wait=5.5%, compute=94.2%, non_finite_skips(local)=0
[MEM] epoch=68 RAM(before/after)=1412.6/1412.6MB | GPU mem: gpu0 alloc=24.8MB resv=7092.0MB peak=5388.2MB
Epoch 68: train_loss=0.019692, val_loss=0.019684, lr=0.00100000

Epoch 69/200

train:   0%|          | 0/4 [00:00<?, ?it/s]
train:   0%|          | 0/4 [00:00<?, ?it/s, loss=0.0088]
train:  25%|██▌       | 1/4 [00:00<00:00,  6.24it/s, loss=0.0088]
train:  25%|██▌       | 1/4 [00:00<00:00,  6.24it/s, loss=0.0190]
train:  50%|█████     | 2/4 [00:00<00:00,  6.30it/s, loss=0.0190]
train:  50%|█████     | 2/4 [00:00<00:00,  6.30it/s, loss=0.0173]
train:  75%|███████▌  | 3/4 [00:00<00:00,  6.31it/s, loss=0.0173]
train:  75%|███████▌  | 3/4 [00:00<00:00,  6.31it/s, loss=0.0328]
train: 100%|██████████| 4/4 [00:00<00:00,  6.32it/s, loss=0.0328]
                                                                 
[PERF][train] samples(local/global)=8/8, batches(local/global)=4/4, samples/s(local/global)=12.6/12.6, ms/batch(local)=158.6, data_wait=2.0%, compute=97.8%, non_finite_skips(local)=0

val:   0%|          | 0/4 [00:00<?, ?it/s]
val:   0%|          | 0/4 [00:00<?, ?it/s, loss=0.0181]
val:   0%|          | 0/4 [00:00<?, ?it/s, loss=0.0156]
val:   0%|          | 0/4 [00:00<?, ?it/s, loss=0.0179]
val:  75%|███████▌  | 3/4 [00:00<00:00, 20.75it/s, loss=0.0179]
val:  75%|███████▌  | 3/4 [00:00<00:00, 20.75it/s, loss=0.0267]
                                                               
[PERF][val] samples(local/global)=8/8, batches(local/global)=4/4, samples/s(local/global)=41.5/41.5, ms/batch(local)=48.2, data_wait=5.3%, compute=94.4%, non_finite_skips(local)=0
[MEM] epoch=69 RAM(before/after)=1412.6/1412.6MB | GPU mem: gpu0 alloc=24.8MB resv=7092.0MB peak=5388.2MB
Epoch 69: train_loss=0.019479, val_loss=0.019585, lr=0.00100000
Updated best model: /home/nis/jinrui.yang/EaBNet_light/logs_cbam_flat_projection64/overfit8_lr1e3_20260924_161645/best/best_model.pt (val_loss=0.019585)

Epoch 70/200

train:   0%|          | 0/4 [00:00<?, ?it/s]
train:   0%|          | 0/4 [00:00<?, ?it/s, loss=0.0269]
train:  25%|██▌       | 1/4 [00:00<00:00,  6.30it/s, loss=0.0269]
train:  25%|██▌       | 1/4 [00:00<00:00,  6.30it/s, loss=0.0143]
train:  50%|█████     | 2/4 [00:00<00:00,  6.30it/s, loss=0.0143]
train:  50%|█████     | 2/4 [00:00<00:00,  6.30it/s, loss=0.0271]
train:  75%|███████▌  | 3/4 [00:00<00:00,  6.33it/s, loss=0.0271]
train:  75%|███████▌  | 3/4 [00:00<00:00,  6.33it/s, loss=0.0097]
train: 100%|██████████| 4/4 [00:00<00:00,  6.34it/s, loss=0.0097]
                                                                 
[PERF][train] samples(local/global)=8/8, batches(local/global)=4/4, samples/s(local/global)=12.6/12.6, ms/batch(local)=158.2, data_wait=1.8%, compute=98.0%, non_finite_skips(local)=0

val:   0%|          | 0/4 [00:00<?, ?it/s]
val:   0%|          | 0/4 [00:00<?, ?it/s, loss=0.0183]
val:   0%|          | 0/4 [00:00<?, ?it/s, loss=0.0157]
val:   0%|          | 0/4 [00:00<?, ?it/s, loss=0.0179]
val:  75%|███████▌  | 3/4 [00:00<00:00, 20.70it/s, loss=0.0179]
val:  75%|███████▌  | 3/4 [00:00<00:00, 20.70it/s, loss=0.0271]
                                                               
[PERF][val] samples(local/global)=8/8, batches(local/global)=4/4, samples/s(local/global)=41.3/41.3, ms/batch(local)=48.4, data_wait=5.5%, compute=94.2%, non_finite_skips(local)=0
[MEM] epoch=70 RAM(before/after)=1412.6/1412.6MB | GPU mem: gpu0 alloc=24.8MB resv=7092.0MB peak=5388.2MB
Epoch 70: train_loss=0.019505, val_loss=0.019773, lr=0.00100000

Epoch 71/200

train:   0%|          | 0/4 [00:00<?, ?it/s]
train:   0%|          | 0/4 [00:00<?, ?it/s, loss=0.0266]
train:  25%|██▌       | 1/4 [00:00<00:00,  6.28it/s, loss=0.0266]
train:  25%|██▌       | 1/4 [00:00<00:00,  6.28it/s, loss=0.0234]
train:  50%|█████     | 2/4 [00:00<00:00,  6.31it/s, loss=0.0234]
train:  50%|█████     | 2/4 [00:00<00:00,  6.31it/s, loss=0.0087]
train:  75%|███████▌  | 3/4 [00:00<00:00,  6.33it/s, loss=0.0087]
train:  75%|███████▌  | 3/4 [00:00<00:00,  6.33it/s, loss=0.0193]
train: 100%|██████████| 4/4 [00:00<00:00,  6.34it/s, loss=0.0193]
                                                                 
[PERF][train] samples(local/global)=8/8, batches(local/global)=4/4, samples/s(local/global)=12.6/12.6, ms/batch(local)=158.1, data_wait=1.9%, compute=97.9%, non_finite_skips(local)=0

val:   0%|          | 0/4 [00:00<?, ?it/s]
val:   0%|          | 0/4 [00:00<?, ?it/s, loss=0.0181]
val:   0%|          | 0/4 [00:00<?, ?it/s, loss=0.0154]
val:   0%|          | 0/4 [00:00<?, ?it/s, loss=0.0176]
val:  75%|███████▌  | 3/4 [00:00<00:00, 20.76it/s, loss=0.0176]
val:  75%|███████▌  | 3/4 [00:00<00:00, 20.76it/s, loss=0.0267]
                                                               
[PERF][val] samples(local/global)=8/8, batches(local/global)=4/4, samples/s(local/global)=41.4/41.4, ms/batch(local)=48.3, data_wait=5.5%, compute=94.1%, non_finite_skips(local)=0
[MEM] epoch=71 RAM(before/after)=1412.6/1412.6MB | GPU mem: gpu0 alloc=24.8MB resv=7092.0MB peak=5388.2MB
Epoch 71: train_loss=0.019485, val_loss=0.019436, lr=0.00100000
Updated best model: /home/nis/jinrui.yang/EaBNet_light/logs_cbam_flat_projection64/overfit8_lr1e3_20260924_161645/best/best_model.pt (val_loss=0.019436)

Epoch 72/200

train:   0%|          | 0/4 [00:00<?, ?it/s]
train:   0%|          | 0/4 [00:00<?, ?it/s, loss=0.0180]
train:  25%|██▌       | 1/4 [00:00<00:00,  6.25it/s, loss=0.0180]
train:  25%|██▌       | 1/4 [00:00<00:00,  6.25it/s, loss=0.0132]
train:  50%|█████     | 2/4 [00:00<00:00,  6.32it/s, loss=0.0132]
train:  50%|█████     | 2/4 [00:00<00:00,  6.32it/s, loss=0.0312]
train:  75%|███████▌  | 3/4 [00:00<00:00,  6.35it/s, loss=0.0312]
train:  75%|███████▌  | 3/4 [00:00<00:00,  6.35it/s, loss=0.0155]
train: 100%|██████████| 4/4 [00:00<00:00,  6.35it/s, loss=0.0155]
                                                                 
[PERF][train] samples(local/global)=8/8, batches(local/global)=4/4, samples/s(local/global)=12.7/12.7, ms/batch(local)=157.9, data_wait=1.9%, compute=98.0%, non_finite_skips(local)=0

val:   0%|          | 0/4 [00:00<?, ?it/s]
val:   0%|          | 0/4 [00:00<?, ?it/s, loss=0.0181]
val:   0%|          | 0/4 [00:00<?, ?it/s, loss=0.0153]
val:   0%|          | 0/4 [00:00<?, ?it/s, loss=0.0176]
val:  75%|███████▌  | 3/4 [00:00<00:00, 20.66it/s, loss=0.0176]
val:  75%|███████▌  | 3/4 [00:00<00:00, 20.66it/s, loss=0.0266]
                                                               
[PERF][val] samples(local/global)=8/8, batches(local/global)=4/4, samples/s(local/global)=41.3/41.3, ms/batch(local)=48.4, data_wait=5.6%, compute=94.2%, non_finite_skips(local)=0
[MEM] epoch=72 RAM(before/after)=1412.6/1411.4MB | GPU mem: gpu0 alloc=24.8MB resv=7092.0MB peak=5388.2MB
Epoch 72: train_loss=0.019462, val_loss=0.019422, lr=0.00100000
Updated best model: /home/nis/jinrui.yang/EaBNet_light/logs_cbam_flat_projection64/overfit8_lr1e3_20260924_161645/best/best_model.pt (val_loss=0.019422)

Epoch 73/200

train:   0%|          | 0/4 [00:00<?, ?it/s]
train:   0%|          | 0/4 [00:00<?, ?it/s, loss=0.0322]
train:  25%|██▌       | 1/4 [00:00<00:00,  6.21it/s, loss=0.0322]
train:  25%|██▌       | 1/4 [00:00<00:00,  6.21it/s, loss=0.0175]
train:  50%|█████     | 2/4 [00:00<00:00,  6.29it/s, loss=0.0175]
train:  50%|█████     | 2/4 [00:00<00:00,  6.29it/s, loss=0.0180]
train:  75%|███████▌  | 3/4 [00:00<00:00,  6.33it/s, loss=0.0180]
train:  75%|███████▌  | 3/4 [00:00<00:00,  6.33it/s, loss=0.0096]
train: 100%|██████████| 4/4 [00:00<00:00,  6.35it/s, loss=0.0096]
                                                                 
[PERF][train] samples(local/global)=8/8, batches(local/global)=4/4, samples/s(local/global)=12.6/12.6, ms/batch(local)=158.3, data_wait=1.9%, compute=97.9%, non_finite_skips(local)=0

val:   0%|          | 0/4 [00:00<?, ?it/s]
val:   0%|          | 0/4 [00:00<?, ?it/s, loss=0.0181]
val:   0%|          | 0/4 [00:00<?, ?it/s, loss=0.0157]
val:   0%|          | 0/4 [00:00<?, ?it/s, loss=0.0179]
val:  75%|███████▌  | 3/4 [00:00<00:00, 20.70it/s, loss=0.0179]
val:  75%|███████▌  | 3/4 [00:00<00:00, 20.70it/s, loss=0.0268]
                                                               
[PERF][val] samples(local/global)=8/8, batches(local/global)=4/4, samples/s(local/global)=41.3/41.3, ms/batch(local)=48.4, data_wait=5.7%, compute=93.9%, non_finite_skips(local)=0
[MEM] epoch=73 RAM(before/after)=1411.4/1412.6MB | GPU mem: gpu0 alloc=24.8MB resv=7092.0MB peak=5388.2MB
Epoch 73: train_loss=0.019321, val_loss=0.019605, lr=0.00100000

Epoch 74/200

train:   0%|          | 0/4 [00:00<?, ?it/s]
train:   0%|          | 0/4 [00:00<?, ?it/s, loss=0.0232]
train:  25%|██▌       | 1/4 [00:00<00:00,  6.28it/s, loss=0.0232]
train:  25%|██▌       | 1/4 [00:00<00:00,  6.28it/s, loss=0.0140]
train:  50%|█████     | 2/4 [00:00<00:00,  6.32it/s, loss=0.0140]
train:  50%|█████     | 2/4 [00:00<00:00,  6.32it/s, loss=0.0361]
train:  75%|███████▌  | 3/4 [00:00<00:00,  6.33it/s, loss=0.0361]
train:  75%|███████▌  | 3/4 [00:00<00:00,  6.33it/s, loss=0.0043]
train: 100%|██████████| 4/4 [00:00<00:00,  6.34it/s, loss=0.0043]
                                                                 
[PERF][train] samples(local/global)=8/8, batches(local/global)=4/4, samples/s(local/global)=12.6/12.6, ms/batch(local)=158.2, data_wait=2.0%, compute=97.9%, non_finite_skips(local)=0

val:   0%|          | 0/4 [00:00<?, ?it/s]
val:   0%|          | 0/4 [00:00<?, ?it/s, loss=0.0181]
val:   0%|          | 0/4 [00:00<?, ?it/s, loss=0.0153]
val:   0%|          | 0/4 [00:00<?, ?it/s, loss=0.0177]
val:  75%|███████▌  | 3/4 [00:00<00:00, 20.79it/s, loss=0.0177]
val:  75%|███████▌  | 3/4 [00:00<00:00, 20.79it/s, loss=0.0265]
                                                               
[PERF][val] samples(local/global)=8/8, batches(local/global)=4/4, samples/s(local/global)=41.4/41.4, ms/batch(local)=48.3, data_wait=5.5%, compute=94.1%, non_finite_skips(local)=0
[MEM] epoch=74 RAM(before/after)=1412.6/1411.4MB | GPU mem: gpu0 alloc=24.8MB resv=7092.0MB peak=5388.2MB
Epoch 74: train_loss=0.019406, val_loss=0.019390, lr=0.00100000
Updated best model: /home/nis/jinrui.yang/EaBNet_light/logs_cbam_flat_projection64/overfit8_lr1e3_20260924_161645/best/best_model.pt (val_loss=0.019390)

Epoch 75/200

train:   0%|          | 0/4 [00:00<?, ?it/s]
train:   0%|          | 0/4 [00:00<?, ?it/s, loss=0.0093]
train:  25%|██▌       | 1/4 [00:00<00:00,  6.24it/s, loss=0.0093]
train:  25%|██▌       | 1/4 [00:00<00:00,  6.24it/s, loss=0.0140]
train:  50%|█████     | 2/4 [00:00<00:00,  6.28it/s, loss=0.0140]
train:  50%|█████     | 2/4 [00:00<00:00,  6.28it/s, loss=0.0181]
train:  75%|███████▌  | 3/4 [00:00<00:00,  6.33it/s, loss=0.0181]
train:  75%|███████▌  | 3/4 [00:00<00:00,  6.33it/s, loss=0.0358]
train: 100%|██████████| 4/4 [00:00<00:00,  6.34it/s, loss=0.0358]
                                                                 
[PERF][train] samples(local/global)=8/8, batches(local/global)=4/4, samples/s(local/global)=12.6/12.6, ms/batch(local)=158.3, data_wait=2.0%, compute=97.8%, non_finite_skips(local)=0

val:   0%|          | 0/4 [00:00<?, ?it/s]
val:   0%|          | 0/4 [00:00<?, ?it/s, loss=0.0181]
val:   0%|          | 0/4 [00:00<?, ?it/s, loss=0.0152]
val:   0%|          | 0/4 [00:00<?, ?it/s, loss=0.0175]
val:  75%|███████▌  | 3/4 [00:00<00:00, 20.77it/s, loss=0.0175]
val:  75%|███████▌  | 3/4 [00:00<00:00, 20.77it/s, loss=0.0263]
                                                               
[PERF][val] samples(local/global)=8/8, batches(local/global)=4/4, samples/s(local/global)=41.4/41.4, ms/batch(local)=48.3, data_wait=5.2%, compute=94.4%, non_finite_skips(local)=0
[MEM] epoch=75 RAM(before/after)=1411.4/1412.6MB | GPU mem: gpu0 alloc=24.8MB resv=7092.0MB peak=5388.2MB
Epoch 75: train_loss=0.019311, val_loss=0.019290, lr=0.00100000
Updated best model: /home/nis/jinrui.yang/EaBNet_light/logs_cbam_flat_projection64/overfit8_lr1e3_20260924_161645/best/best_model.pt (val_loss=0.019290)

Epoch 76/200

train:   0%|          | 0/4 [00:00<?, ?it/s]
train:   0%|          | 0/4 [00:00<?, ?it/s, loss=0.0172]
train:  25%|██▌       | 1/4 [00:00<00:00,  6.23it/s, loss=0.0172]
train:  25%|██▌       | 1/4 [00:00<00:00,  6.23it/s, loss=0.0103]
train:  50%|█████     | 2/4 [00:00<00:00,  6.31it/s, loss=0.0103]
train:  50%|█████     | 2/4 [00:00<00:00,  6.31it/s, loss=0.0231]
train:  75%|███████▌  | 3/4 [00:00<00:00,  6.34it/s, loss=0.0231]
train:  75%|███████▌  | 3/4 [00:00<00:00,  6.34it/s, loss=0.0262]
train: 100%|██████████| 4/4 [00:00<00:00,  6.33it/s, loss=0.0262]
                                                                 
[PERF][train] samples(local/global)=8/8, batches(local/global)=4/4, samples/s(local/global)=12.6/12.6, ms/batch(local)=158.3, data_wait=2.0%, compute=97.9%, non_finite_skips(local)=0

val:   0%|          | 0/4 [00:00<?, ?it/s]
val:   0%|          | 0/4 [00:00<?, ?it/s, loss=0.0181]
val:   0%|          | 0/4 [00:00<?, ?it/s, loss=0.0153]
val:   0%|          | 0/4 [00:00<?, ?it/s, loss=0.0180]
val:  75%|███████▌  | 3/4 [00:00<00:00, 20.67it/s, loss=0.0180]
val:  75%|███████▌  | 3/4 [00:00<00:00, 20.67it/s, loss=0.0264]
                                                               
[PERF][val] samples(local/global)=8/8, batches(local/global)=4/4, samples/s(local/global)=41.3/41.3, ms/batch(local)=48.5, data_wait=5.7%, compute=94.0%, non_finite_skips(local)=0
[MEM] epoch=76 RAM(before/after)=1412.6/1412.6MB | GPU mem: gpu0 alloc=24.8MB resv=7092.0MB peak=5388.2MB
Epoch 76: train_loss=0.019191, val_loss=0.019461, lr=0.00100000

Epoch 77/200

train:   0%|          | 0/4 [00:00<?, ?it/s]
train:   0%|          | 0/4 [00:00<?, ?it/s, loss=0.0180]
train:  25%|██▌       | 1/4 [00:00<00:00,  6.25it/s, loss=0.0180]
train:  25%|██▌       | 1/4 [00:00<00:00,  6.25it/s, loss=0.0309]
train:  50%|█████     | 2/4 [00:00<00:00,  6.32it/s, loss=0.0309]
train:  50%|█████     | 2/4 [00:00<00:00,  6.32it/s, loss=0.0192]
train:  75%|███████▌  | 3/4 [00:00<00:00,  6.34it/s, loss=0.0192]
train:  75%|███████▌  | 3/4 [00:00<00:00,  6.34it/s, loss=0.0096]
train: 100%|██████████| 4/4 [00:00<00:00,  6.33it/s, loss=0.0096]
                                                                 
[PERF][train] samples(local/global)=8/8, batches(local/global)=4/4, samples/s(local/global)=12.6/12.6, ms/batch(local)=158.4, data_wait=1.8%, compute=98.0%, non_finite_skips(local)=0

val:   0%|          | 0/4 [00:00<?, ?it/s]
val:   0%|          | 0/4 [00:00<?, ?it/s, loss=0.0182]
val:   0%|          | 0/4 [00:00<?, ?it/s, loss=0.0154]
val:   0%|          | 0/4 [00:00<?, ?it/s, loss=0.0176]
val:  75%|███████▌  | 3/4 [00:00<00:00, 20.69it/s, loss=0.0176]
val:  75%|███████▌  | 3/4 [00:00<00:00, 20.69it/s, loss=0.0265]
                                                               
[PERF][val] samples(local/global)=8/8, batches(local/global)=4/4, samples/s(local/global)=41.3/41.3, ms/batch(local)=48.4, data_wait=5.6%, compute=94.0%, non_finite_skips(local)=0
[MEM] epoch=77 RAM(before/after)=1412.6/1412.6MB | GPU mem: gpu0 alloc=24.8MB resv=7092.0MB peak=5388.2MB
Epoch 77: train_loss=0.019436, val_loss=0.019426, lr=0.00100000

Epoch 78/200

train:   0%|          | 0/4 [00:00<?, ?it/s]
train:   0%|          | 0/4 [00:00<?, ?it/s, loss=0.0176]
train:  25%|██▌       | 1/4 [00:00<00:00,  6.25it/s, loss=0.0176]
train:  25%|██▌       | 1/4 [00:00<00:00,  6.25it/s, loss=0.0153]
train:  50%|█████     | 2/4 [00:00<00:00,  6.29it/s, loss=0.0153]
train:  50%|█████     | 2/4 [00:00<00:00,  6.29it/s, loss=0.0090]
train:  75%|███████▌  | 3/4 [00:00<00:00,  6.32it/s, loss=0.0090]
train:  75%|███████▌  | 3/4 [00:00<00:00,  6.32it/s, loss=0.0362]
train: 100%|██████████| 4/4 [00:00<00:00,  6.33it/s, loss=0.0362]
                                                                 
[PERF][train] samples(local/global)=8/8, batches(local/global)=4/4, samples/s(local/global)=12.6/12.6, ms/batch(local)=158.5, data_wait=1.9%, compute=97.9%, non_finite_skips(local)=0

val:   0%|          | 0/4 [00:00<?, ?it/s]
val:   0%|          | 0/4 [00:00<?, ?it/s, loss=0.0183]
val:   0%|          | 0/4 [00:00<?, ?it/s, loss=0.0154]
val:   0%|          | 0/4 [00:00<?, ?it/s, loss=0.0178]
val:  75%|███████▌  | 3/4 [00:00<00:00, 20.76it/s, loss=0.0178]
val:  75%|███████▌  | 3/4 [00:00<00:00, 20.76it/s, loss=0.0266]
                                                               
[PERF][val] samples(local/global)=8/8, batches(local/global)=4/4, samples/s(local/global)=41.4/41.4, ms/batch(local)=48.3, data_wait=5.3%, compute=94.3%, non_finite_skips(local)=0
[MEM] epoch=78 RAM(before/after)=1412.6/1413.8MB | GPU mem: gpu0 alloc=24.8MB resv=7092.0MB peak=5388.2MB
Epoch 78: train_loss=0.019493, val_loss=0.019516, lr=0.00100000

Epoch 79/200

train:   0%|          | 0/4 [00:00<?, ?it/s]
train:   0%|          | 0/4 [00:00<?, ?it/s, loss=0.0086]
train:  25%|██▌       | 1/4 [00:00<00:00,  6.26it/s, loss=0.0086]
train:  25%|██▌       | 1/4 [00:00<00:00,  6.26it/s, loss=0.0354]
train:  50%|█████     | 2/4 [00:00<00:00,  6.30it/s, loss=0.0354]
train:  50%|█████     | 2/4 [00:00<00:00,  6.30it/s, loss=0.0235]
train:  75%|███████▌  | 3/4 [00:00<00:00,  6.32it/s, loss=0.0235]
train:  75%|███████▌  | 3/4 [00:00<00:00,  6.32it/s, loss=0.0095]
train: 100%|██████████| 4/4 [00:00<00:00,  6.32it/s, loss=0.0095]
                                                                 
[PERF][train] samples(local/global)=8/8, batches(local/global)=4/4, samples/s(local/global)=12.6/12.6, ms/batch(local)=158.5, data_wait=2.0%, compute=97.9%, non_finite_skips(local)=0

val:   0%|          | 0/4 [00:00<?, ?it/s]
val:   0%|          | 0/4 [00:00<?, ?it/s, loss=0.0181]
val:   0%|          | 0/4 [00:00<?, ?it/s, loss=0.0154]
val:   0%|          | 0/4 [00:00<?, ?it/s, loss=0.0177]
val:  75%|███████▌  | 3/4 [00:00<00:00, 20.81it/s, loss=0.0177]
val:  75%|███████▌  | 3/4 [00:00<00:00, 20.81it/s, loss=0.0265]
                                                               
[PERF][val] samples(local/global)=8/8, batches(local/global)=4/4, samples/s(local/global)=41.4/41.4, ms/batch(local)=48.3, data_wait=5.4%, compute=94.4%, non_finite_skips(local)=0
[MEM] epoch=79 RAM(before/after)=1413.8/1413.8MB | GPU mem: gpu0 alloc=24.8MB resv=7092.0MB peak=5388.2MB
Epoch 79: train_loss=0.019255, val_loss=0.019446, lr=0.00100000

Epoch 80/200

train:   0%|          | 0/4 [00:00<?, ?it/s]
train:   0%|          | 0/4 [00:00<?, ?it/s, loss=0.0273]
train:  25%|██▌       | 1/4 [00:00<00:00,  6.29it/s, loss=0.0273]
train:  25%|██▌       | 1/4 [00:00<00:00,  6.29it/s, loss=0.0092]
train:  50%|█████     | 2/4 [00:00<00:00,  6.33it/s, loss=0.0092]
train:  50%|█████     | 2/4 [00:00<00:00,  6.33it/s, loss=0.0268]
train:  75%|███████▌  | 3/4 [00:00<00:00,  6.34it/s, loss=0.0268]
train:  75%|███████▌  | 3/4 [00:00<00:00,  6.34it/s, loss=0.0140]
train: 100%|██████████| 4/4 [00:00<00:00,  6.34it/s, loss=0.0140]
                                                                 
[PERF][train] samples(local/global)=8/8, batches(local/global)=4/4, samples/s(local/global)=12.7/12.7, ms/batch(local)=158.1, data_wait=1.9%, compute=97.9%, non_finite_skips(local)=0

val:   0%|          | 0/4 [00:00<?, ?it/s]
val:   0%|          | 0/4 [00:00<?, ?it/s, loss=0.0181]
val:   0%|          | 0/4 [00:00<?, ?it/s, loss=0.0154]
val:   0%|          | 0/4 [00:00<?, ?it/s, loss=0.0174]
val:  75%|███████▌  | 3/4 [00:00<00:00, 20.66it/s, loss=0.0174]
val:  75%|███████▌  | 3/4 [00:00<00:00, 20.66it/s, loss=0.0266]
                                                               
[PERF][val] samples(local/global)=8/8, batches(local/global)=4/4, samples/s(local/global)=41.4/41.4, ms/batch(local)=48.3, data_wait=5.8%, compute=93.9%, non_finite_skips(local)=0
[MEM] epoch=80 RAM(before/after)=1413.8/1412.8MB | GPU mem: gpu0 alloc=24.8MB resv=7092.0MB peak=5388.2MB
Epoch 80: train_loss=0.019310, val_loss=0.019382, lr=0.00100000

Epoch 81/200

train:   0%|          | 0/4 [00:00<?, ?it/s]
train:   0%|          | 0/4 [00:00<?, ?it/s, loss=0.0043]
train:  25%|██▌       | 1/4 [00:00<00:00,  6.25it/s, loss=0.0043]
train:  25%|██▌       | 1/4 [00:00<00:00,  6.25it/s, loss=0.0322]
train:  50%|█████     | 2/4 [00:00<00:00,  6.31it/s, loss=0.0322]
train:  50%|█████     | 2/4 [00:00<00:00,  6.31it/s, loss=0.0141]
train:  75%|███████▌  | 3/4 [00:00<00:00,  6.32it/s, loss=0.0141]
train:  75%|███████▌  | 3/4 [00:00<00:00,  6.32it/s, loss=0.0268]
train: 100%|██████████| 4/4 [00:00<00:00,  6.32it/s, loss=0.0268]
                                                                 
[PERF][train] samples(local/global)=8/8, batches(local/global)=4/4, samples/s(local/global)=12.6/12.6, ms/batch(local)=158.6, data_wait=1.9%, compute=98.0%, non_finite_skips(local)=0

val:   0%|          | 0/4 [00:00<?, ?it/s]
val:   0%|          | 0/4 [00:00<?, ?it/s, loss=0.0180]
val:   0%|          | 0/4 [00:00<?, ?it/s, loss=0.0154]
val:   0%|          | 0/4 [00:00<?, ?it/s, loss=0.0175]
val:  75%|███████▌  | 3/4 [00:00<00:00, 20.70it/s, loss=0.0175]
val:  75%|███████▌  | 3/4 [00:00<00:00, 20.70it/s, loss=0.0262]
                                                               
[PERF][val] samples(local/global)=8/8, batches(local/global)=4/4, samples/s(local/global)=41.2/41.2, ms/batch(local)=48.5, data_wait=5.5%, compute=94.2%, non_finite_skips(local)=0
[MEM] epoch=81 RAM(before/after)=1412.8/1412.0MB | GPU mem: gpu0 alloc=24.8MB resv=7092.0MB peak=5388.2MB
Epoch 81: train_loss=0.019368, val_loss=0.019285, lr=0.00100000
Updated best model: /home/nis/jinrui.yang/EaBNet_light/logs_cbam_flat_projection64/overfit8_lr1e3_20260924_161645/best/best_model.pt (val_loss=0.019285)

Epoch 82/200

train:   0%|          | 0/4 [00:00<?, ?it/s]
train:   0%|          | 0/4 [00:00<?, ?it/s, loss=0.0173]
train:  25%|██▌       | 1/4 [00:00<00:00,  6.25it/s, loss=0.0173]
train:  25%|██▌       | 1/4 [00:00<00:00,  6.25it/s, loss=0.0266]
train:  50%|█████     | 2/4 [00:00<00:00,  6.29it/s, loss=0.0266]
train:  50%|█████     | 2/4 [00:00<00:00,  6.29it/s, loss=0.0151]
train:  75%|███████▌  | 3/4 [00:00<00:00,  6.32it/s, loss=0.0151]
train:  75%|███████▌  | 3/4 [00:00<00:00,  6.32it/s, loss=0.0173]
train: 100%|██████████| 4/4 [00:00<00:00,  6.33it/s, loss=0.0173]
                                                                 
[PERF][train] samples(local/global)=8/8, batches(local/global)=4/4, samples/s(local/global)=12.6/12.6, ms/batch(local)=158.5, data_wait=2.0%, compute=97.9%, non_finite_skips(local)=0

val:   0%|          | 0/4 [00:00<?, ?it/s]
val:   0%|          | 0/4 [00:00<?, ?it/s, loss=0.0180]
val:   0%|          | 0/4 [00:00<?, ?it/s, loss=0.0151]
val:   0%|          | 0/4 [00:00<?, ?it/s, loss=0.0172]
val:  75%|███████▌  | 3/4 [00:00<00:00, 20.78it/s, loss=0.0172]
val:  75%|███████▌  | 3/4 [00:00<00:00, 20.78it/s, loss=0.0261]
                                                               
[PERF][val] samples(local/global)=8/8, batches(local/global)=4/4, samples/s(local/global)=41.4/41.4, ms/batch(local)=48.3, data_wait=5.3%, compute=94.4%, non_finite_skips(local)=0
[MEM] epoch=82 RAM(before/after)=1412.0/1411.9MB | GPU mem: gpu0 alloc=24.8MB resv=7092.0MB peak=5388.2MB
Epoch 82: train_loss=0.019056, val_loss=0.019097, lr=0.00100000
Updated best model: /home/nis/jinrui.yang/EaBNet_light/logs_cbam_flat_projection64/overfit8_lr1e3_20260924_161645/best/best_model.pt (val_loss=0.019097)

Epoch 83/200

train:   0%|          | 0/4 [00:00<?, ?it/s]
train:   0%|          | 0/4 [00:00<?, ?it/s, loss=0.0265]
train:  25%|██▌       | 1/4 [00:00<00:00,  6.26it/s, loss=0.0265]
train:  25%|██▌       | 1/4 [00:00<00:00,  6.26it/s, loss=0.0317]
train:  50%|█████     | 2/4 [00:00<00:00,  6.28it/s, loss=0.0317]
train:  50%|█████     | 2/4 [00:00<00:00,  6.28it/s, loss=0.0078]
train:  75%|███████▌  | 3/4 [00:00<00:00,  6.34it/s, loss=0.0078]
train:  75%|███████▌  | 3/4 [00:00<00:00,  6.34it/s, loss=0.0100]
train: 100%|██████████| 4/4 [00:00<00:00,  6.36it/s, loss=0.0100]
                                                                 
[PERF][train] samples(local/global)=8/8, batches(local/global)=4/4, samples/s(local/global)=12.7/12.7, ms/batch(local)=157.9, data_wait=1.9%, compute=97.9%, non_finite_skips(local)=0

val:   0%|          | 0/4 [00:00<?, ?it/s]
val:   0%|          | 0/4 [00:00<?, ?it/s, loss=0.0179]
val:   0%|          | 0/4 [00:00<?, ?it/s, loss=0.0151]
val:   0%|          | 0/4 [00:00<?, ?it/s, loss=0.0174]
val:  75%|███████▌  | 3/4 [00:00<00:00, 20.77it/s, loss=0.0174]
val:  75%|███████▌  | 3/4 [00:00<00:00, 20.77it/s, loss=0.0261]
                                                               
[PERF][val] samples(local/global)=8/8, batches(local/global)=4/4, samples/s(local/global)=41.4/41.4, ms/batch(local)=48.3, data_wait=5.7%, compute=94.0%, non_finite_skips(local)=0
[MEM] epoch=83 RAM(before/after)=1411.9/1412.6MB | GPU mem: gpu0 alloc=24.8MB resv=7092.0MB peak=5388.2MB
Epoch 83: train_loss=0.018979, val_loss=0.019118, lr=0.00100000

Epoch 84/200

train:   0%|          | 0/4 [00:00<?, ?it/s]
train:   0%|          | 0/4 [00:00<?, ?it/s, loss=0.0091]
train:  25%|██▌       | 1/4 [00:00<00:00,  6.24it/s, loss=0.0091]
train:  25%|██▌       | 1/4 [00:00<00:00,  6.24it/s, loss=0.0190]
train:  50%|█████     | 2/4 [00:00<00:00,  6.29it/s, loss=0.0190]
train:  50%|█████     | 2/4 [00:00<00:00,  6.29it/s, loss=0.0179]
train:  75%|███████▌  | 3/4 [00:00<00:00,  6.30it/s, loss=0.0179]
train:  75%|███████▌  | 3/4 [00:00<00:00,  6.30it/s, loss=0.0300]
train: 100%|██████████| 4/4 [00:00<00:00,  6.31it/s, loss=0.0300]
                                                                 
[PERF][train] samples(local/global)=8/8, batches(local/global)=4/4, samples/s(local/global)=12.6/12.6, ms/batch(local)=158.8, data_wait=1.9%, compute=98.0%, non_finite_skips(local)=0

val:   0%|          | 0/4 [00:00<?, ?it/s]
val:   0%|          | 0/4 [00:00<?, ?it/s, loss=0.0179]
val:   0%|          | 0/4 [00:00<?, ?it/s, loss=0.0150]
val:   0%|          | 0/4 [00:00<?, ?it/s, loss=0.0172]
val:  75%|███████▌  | 3/4 [00:00<00:00, 20.78it/s, loss=0.0172]
val:  75%|███████▌  | 3/4 [00:00<00:00, 20.78it/s, loss=0.0260]
                                                               
[PERF][val] samples(local/global)=8/8, batches(local/global)=4/4, samples/s(local/global)=41.4/41.4, ms/batch(local)=48.3, data_wait=5.7%, compute=94.0%, non_finite_skips(local)=0
[MEM] epoch=84 RAM(before/after)=1412.6/1412.6MB | GPU mem: gpu0 alloc=24.8MB resv=7092.0MB peak=5388.2MB
Epoch 84: train_loss=0.019005, val_loss=0.019025, lr=0.00100000
Updated best model: /home/nis/jinrui.yang/EaBNet_light/logs_cbam_flat_projection64/overfit8_lr1e3_20260924_161645/best/best_model.pt (val_loss=0.019025)

Epoch 85/200

train:   0%|          | 0/4 [00:00<?, ?it/s]
train:   0%|          | 0/4 [00:00<?, ?it/s, loss=0.0091]
train:  25%|██▌       | 1/4 [00:00<00:00,  6.28it/s, loss=0.0091]
train:  25%|██▌       | 1/4 [00:00<00:00,  6.28it/s, loss=0.0264]
train:  50%|█████     | 2/4 [00:00<00:00,  6.28it/s, loss=0.0264]
train:  50%|█████     | 2/4 [00:00<00:00,  6.28it/s, loss=0.0134]
train:  75%|███████▌  | 3/4 [00:00<00:00,  6.33it/s, loss=0.0134]
train:  75%|███████▌  | 3/4 [00:00<00:00,  6.33it/s, loss=0.0264]
train: 100%|██████████| 4/4 [00:00<00:00,  6.35it/s, loss=0.0264]
                                                                 
[PERF][train] samples(local/global)=8/8, batches(local/global)=4/4, samples/s(local/global)=12.6/12.6, ms/batch(local)=158.1, data_wait=1.8%, compute=98.0%, non_finite_skips(local)=0

val:   0%|          | 0/4 [00:00<?, ?it/s]
val:   0%|          | 0/4 [00:00<?, ?it/s, loss=0.0179]
val:   0%|          | 0/4 [00:00<?, ?it/s, loss=0.0149]
val:   0%|          | 0/4 [00:00<?, ?it/s, loss=0.0171]
val:  75%|███████▌  | 3/4 [00:00<00:00, 20.78it/s, loss=0.0171]
val:  75%|███████▌  | 3/4 [00:00<00:00, 20.78it/s, loss=0.0259]
                                                               
[PERF][val] samples(local/global)=8/8, batches(local/global)=4/4, samples/s(local/global)=41.4/41.4, ms/batch(local)=48.3, data_wait=5.4%, compute=94.3%, non_finite_skips(local)=0
[MEM] epoch=85 RAM(before/after)=1412.6/1412.6MB | GPU mem: gpu0 alloc=24.8MB resv=7092.0MB peak=5388.2MB
Epoch 85: train_loss=0.018822, val_loss=0.018966, lr=0.00100000
Updated best model: /home/nis/jinrui.yang/EaBNet_light/logs_cbam_flat_projection64/overfit8_lr1e3_20260924_161645/best/best_model.pt (val_loss=0.018966)

Epoch 86/200

train:   0%|          | 0/4 [00:00<?, ?it/s]
train:   0%|          | 0/4 [00:00<?, ?it/s, loss=0.0100]
train:  25%|██▌       | 1/4 [00:00<00:00,  6.24it/s, loss=0.0100]
train:  25%|██▌       | 1/4 [00:00<00:00,  6.24it/s, loss=0.0128]
train:  50%|█████     | 2/4 [00:00<00:00,  6.30it/s, loss=0.0128]
train:  50%|█████     | 2/4 [00:00<00:00,  6.30it/s, loss=0.0317]
train:  75%|███████▌  | 3/4 [00:00<00:00,  6.34it/s, loss=0.0317]
train:  75%|███████▌  | 3/4 [00:00<00:00,  6.34it/s, loss=0.0213]
train: 100%|██████████| 4/4 [00:00<00:00,  6.34it/s, loss=0.0213]
                                                                 
[PERF][train] samples(local/global)=8/8, batches(local/global)=4/4, samples/s(local/global)=12.6/12.6, ms/batch(local)=158.3, data_wait=1.9%, compute=98.0%, non_finite_skips(local)=0

val:   0%|          | 0/4 [00:00<?, ?it/s]
val:   0%|          | 0/4 [00:00<?, ?it/s, loss=0.0179]
val:   0%|          | 0/4 [00:00<?, ?it/s, loss=0.0149]
val:   0%|          | 0/4 [00:00<?, ?it/s, loss=0.0170]
val:  75%|███████▌  | 3/4 [00:00<00:00, 20.71it/s, loss=0.0170]
val:  75%|███████▌  | 3/4 [00:00<00:00, 20.71it/s, loss=0.0259]
                                                               
[PERF][val] samples(local/global)=8/8, batches(local/global)=4/4, samples/s(local/global)=41.4/41.4, ms/batch(local)=48.3, data_wait=5.3%, compute=94.4%, non_finite_skips(local)=0
[MEM] epoch=86 RAM(before/after)=1412.6/1413.8MB | GPU mem: gpu0 alloc=24.8MB resv=7092.0MB peak=5388.2MB
Epoch 86: train_loss=0.018961, val_loss=0.018948, lr=0.00100000
Updated best model: /home/nis/jinrui.yang/EaBNet_light/logs_cbam_flat_projection64/overfit8_lr1e3_20260924_161645/best/best_model.pt (val_loss=0.018948)

Epoch 87/200

train:   0%|          | 0/4 [00:00<?, ?it/s]
train:   0%|          | 0/4 [00:00<?, ?it/s, loss=0.0171]
train:  25%|██▌       | 1/4 [00:00<00:00,  6.21it/s, loss=0.0171]
train:  25%|██▌       | 1/4 [00:00<00:00,  6.21it/s, loss=0.0262]
train:  50%|█████     | 2/4 [00:00<00:00,  6.30it/s, loss=0.0262]
train:  50%|█████     | 2/4 [00:00<00:00,  6.30it/s, loss=0.0185]
train:  75%|███████▌  | 3/4 [00:00<00:00,  6.33it/s, loss=0.0185]
train:  75%|███████▌  | 3/4 [00:00<00:00,  6.33it/s, loss=0.0134]
train: 100%|██████████| 4/4 [00:00<00:00,  6.32it/s, loss=0.0134]
                                                                 
[PERF][train] samples(local/global)=8/8, batches(local/global)=4/4, samples/s(local/global)=12.6/12.6, ms/batch(local)=158.6, data_wait=2.1%, compute=97.7%, non_finite_skips(local)=0

val:   0%|          | 0/4 [00:00<?, ?it/s]
val:   0%|          | 0/4 [00:00<?, ?it/s, loss=0.0178]
val:   0%|          | 0/4 [00:00<?, ?it/s, loss=0.0149]
val:   0%|          | 0/4 [00:00<?, ?it/s, loss=0.0170]
val:  75%|███████▌  | 3/4 [00:00<00:00, 20.75it/s, loss=0.0170]
val:  75%|███████▌  | 3/4 [00:00<00:00, 20.75it/s, loss=0.0258]
                                                               
[PERF][val] samples(local/global)=8/8, batches(local/global)=4/4, samples/s(local/global)=41.4/41.4, ms/batch(local)=48.3, data_wait=5.5%, compute=94.2%, non_finite_skips(local)=0
[MEM] epoch=87 RAM(before/after)=1413.8/1413.8MB | GPU mem: gpu0 alloc=24.8MB resv=7092.0MB peak=5388.2MB
Epoch 87: train_loss=0.018796, val_loss=0.018874, lr=0.00100000
Updated best model: /home/nis/jinrui.yang/EaBNet_light/logs_cbam_flat_projection64/overfit8_lr1e3_20260924_161645/best/best_model.pt (val_loss=0.018874)

Epoch 88/200

train:   0%|          | 0/4 [00:00<?, ?it/s]
train:   0%|          | 0/4 [00:00<?, ?it/s, loss=0.0393]
train:  25%|██▌       | 1/4 [00:00<00:00,  6.30it/s, loss=0.0393]
train:  25%|██▌       | 1/4 [00:00<00:00,  6.30it/s, loss=0.0077]
train:  50%|█████     | 2/4 [00:00<00:00,  6.33it/s, loss=0.0077]
train:  50%|█████     | 2/4 [00:00<00:00,  6.33it/s, loss=0.0100]
train:  75%|███████▌  | 3/4 [00:00<00:00,  6.35it/s, loss=0.0100]
train:  75%|███████▌  | 3/4 [00:00<00:00,  6.35it/s, loss=0.0184]
train: 100%|██████████| 4/4 [00:00<00:00,  6.35it/s, loss=0.0184]
                                                                 
[PERF][train] samples(local/global)=8/8, batches(local/global)=4/4, samples/s(local/global)=12.7/12.7, ms/batch(local)=157.9, data_wait=1.8%, compute=98.0%, non_finite_skips(local)=0

val:   0%|          | 0/4 [00:00<?, ?it/s]
val:   0%|          | 0/4 [00:00<?, ?it/s, loss=0.0179]
val:   0%|          | 0/4 [00:00<?, ?it/s, loss=0.0148]
val:   0%|          | 0/4 [00:00<?, ?it/s, loss=0.0170]
val:  75%|███████▌  | 3/4 [00:00<00:00, 20.87it/s, loss=0.0170]
val:  75%|███████▌  | 3/4 [00:00<00:00, 20.87it/s, loss=0.0257]
                                                               
[PERF][val] samples(local/global)=8/8, batches(local/global)=4/4, samples/s(local/global)=41.5/41.5, ms/batch(local)=48.2, data_wait=5.4%, compute=94.3%, non_finite_skips(local)=0
[MEM] epoch=88 RAM(before/after)=1413.8/1412.6MB | GPU mem: gpu0 alloc=24.8MB resv=7092.0MB peak=5388.2MB
Epoch 88: train_loss=0.018836, val_loss=0.018825, lr=0.00100000
Updated best model: /home/nis/jinrui.yang/EaBNet_light/logs_cbam_flat_projection64/overfit8_lr1e3_20260924_161645/best/best_model.pt (val_loss=0.018825)

Epoch 89/200

train:   0%|          | 0/4 [00:00<?, ?it/s]
train:   0%|          | 0/4 [00:00<?, ?it/s, loss=0.0297]
train:  25%|██▌       | 1/4 [00:00<00:00,  6.15it/s, loss=0.0297]
train:  25%|██▌       | 1/4 [00:00<00:00,  6.15it/s, loss=0.0132]
train:  50%|█████     | 2/4 [00:00<00:00,  6.26it/s, loss=0.0132]
train:  50%|█████     | 2/4 [00:00<00:00,  6.26it/s, loss=0.0170]
train:  75%|███████▌  | 3/4 [00:00<00:00,  6.29it/s, loss=0.0170]
train:  75%|███████▌  | 3/4 [00:00<00:00,  6.29it/s, loss=0.0148]
train: 100%|██████████| 4/4 [00:00<00:00,  6.31it/s, loss=0.0148]
                                                                 
[PERF][train] samples(local/global)=8/8, batches(local/global)=4/4, samples/s(local/global)=12.6/12.6, ms/batch(local)=159.2, data_wait=2.3%, compute=97.5%, non_finite_skips(local)=0

val:   0%|          | 0/4 [00:00<?, ?it/s]
val:   0%|          | 0/4 [00:00<?, ?it/s, loss=0.0179]
val:   0%|          | 0/4 [00:00<?, ?it/s, loss=0.0148]
val:   0%|          | 0/4 [00:00<?, ?it/s, loss=0.0170]
val:  75%|███████▌  | 3/4 [00:00<00:00, 20.67it/s, loss=0.0170]
val:  75%|███████▌  | 3/4 [00:00<00:00, 20.67it/s, loss=0.0259]
                                                               
[PERF][val] samples(local/global)=8/8, batches(local/global)=4/4, samples/s(local/global)=41.3/41.3, ms/batch(local)=48.4, data_wait=5.5%, compute=94.1%, non_finite_skips(local)=0
[MEM] epoch=89 RAM(before/after)=1412.6/1412.6MB | GPU mem: gpu0 alloc=24.8MB resv=7092.0MB peak=5388.2MB
Epoch 89: train_loss=0.018693, val_loss=0.018913, lr=0.00100000

Epoch 90/200

train:   0%|          | 0/4 [00:00<?, ?it/s]
train:   0%|          | 0/4 [00:00<?, ?it/s, loss=0.0212]
train:  25%|██▌       | 1/4 [00:00<00:00,  6.28it/s, loss=0.0212]
train:  25%|██▌       | 1/4 [00:00<00:00,  6.28it/s, loss=0.0097]
train:  50%|█████     | 2/4 [00:00<00:00,  6.31it/s, loss=0.0097]
train:  50%|█████     | 2/4 [00:00<00:00,  6.31it/s, loss=0.0128]
train:  75%|███████▌  | 3/4 [00:00<00:00,  6.33it/s, loss=0.0128]
train:  75%|███████▌  | 3/4 [00:00<00:00,  6.33it/s, loss=0.0311]
train: 100%|██████████| 4/4 [00:00<00:00,  6.34it/s, loss=0.0311]
                                                                 
[PERF][train] samples(local/global)=8/8, batches(local/global)=4/4, samples/s(local/global)=12.6/12.6, ms/batch(local)=158.2, data_wait=1.8%, compute=98.0%, non_finite_skips(local)=0

val:   0%|          | 0/4 [00:00<?, ?it/s]
val:   0%|          | 0/4 [00:00<?, ?it/s, loss=0.0178]
val:   0%|          | 0/4 [00:00<?, ?it/s, loss=0.0147]
val:   0%|          | 0/4 [00:00<?, ?it/s, loss=0.0168]
val:  75%|███████▌  | 3/4 [00:00<00:00, 20.65it/s, loss=0.0168]
val:  75%|███████▌  | 3/4 [00:00<00:00, 20.65it/s, loss=0.0256]
                                                               
[PERF][val] samples(local/global)=8/8, batches(local/global)=4/4, samples/s(local/global)=41.2/41.2, ms/batch(local)=48.6, data_wait=5.5%, compute=94.1%, non_finite_skips(local)=0
[MEM] epoch=90 RAM(before/after)=1412.6/1412.6MB | GPU mem: gpu0 alloc=24.8MB resv=7092.0MB peak=5388.2MB
Epoch 90: train_loss=0.018708, val_loss=0.018742, lr=0.00100000
Updated best model: /home/nis/jinrui.yang/EaBNet_light/logs_cbam_flat_projection64/overfit8_lr1e3_20260924_161645/best/best_model.pt (val_loss=0.018742)

Epoch 91/200

train:   0%|          | 0/4 [00:00<?, ?it/s]
train:   0%|          | 0/4 [00:00<?, ?it/s, loss=0.0177]
train:  25%|██▌       | 1/4 [00:00<00:00,  6.21it/s, loss=0.0177]
train:  25%|██▌       | 1/4 [00:00<00:00,  6.21it/s, loss=0.0131]
train:  50%|█████     | 2/4 [00:00<00:00,  6.28it/s, loss=0.0131]
train:  50%|█████     | 2/4 [00:00<00:00,  6.28it/s, loss=0.0094]
train:  75%|███████▌  | 3/4 [00:00<00:00,  6.30it/s, loss=0.0094]
train:  75%|███████▌  | 3/4 [00:00<00:00,  6.30it/s, loss=0.0347]
train: 100%|██████████| 4/4 [00:00<00:00,  6.32it/s, loss=0.0347]
                                                                 
[PERF][train] samples(local/global)=8/8, batches(local/global)=4/4, samples/s(local/global)=12.6/12.6, ms/batch(local)=158.9, data_wait=1.9%, compute=98.0%, non_finite_skips(local)=0

val:   0%|          | 0/4 [00:00<?, ?it/s]
val:   0%|          | 0/4 [00:00<?, ?it/s, loss=0.0178]
val:   0%|          | 0/4 [00:00<?, ?it/s, loss=0.0147]
val:   0%|          | 0/4 [00:00<?, ?it/s, loss=0.0169]
val:  75%|███████▌  | 3/4 [00:00<00:00, 20.64it/s, loss=0.0169]
val:  75%|███████▌  | 3/4 [00:00<00:00, 20.64it/s, loss=0.0255]
                                                               
[PERF][val] samples(local/global)=8/8, batches(local/global)=4/4, samples/s(local/global)=41.3/41.3, ms/batch(local)=48.4, data_wait=5.6%, compute=94.2%, non_finite_skips(local)=0
[MEM] epoch=91 RAM(before/after)=1412.6/1413.8MB | GPU mem: gpu0 alloc=24.8MB resv=7092.0MB peak=5388.2MB
Epoch 91: train_loss=0.018725, val_loss=0.018722, lr=0.00100000
Updated best model: /home/nis/jinrui.yang/EaBNet_light/logs_cbam_flat_projection64/overfit8_lr1e3_20260924_161645/best/best_model.pt (val_loss=0.018722)

Epoch 92/200

train:   0%|          | 0/4 [00:00<?, ?it/s]
train:   0%|          | 0/4 [00:00<?, ?it/s, loss=0.0092]
train:  25%|██▌       | 1/4 [00:00<00:00,  5.96it/s, loss=0.0092]
train:  25%|██▌       | 1/4 [00:00<00:00,  5.96it/s, loss=0.0210]
train:  50%|█████     | 2/4 [00:00<00:00,  6.18it/s, loss=0.0210]
train:  50%|█████     | 2/4 [00:00<00:00,  6.18it/s, loss=0.0259]
train:  75%|███████▌  | 3/4 [00:00<00:00,  6.26it/s, loss=0.0259]
train:  75%|███████▌  | 3/4 [00:00<00:00,  6.26it/s, loss=0.0183]
train: 100%|██████████| 4/4 [00:00<00:00,  6.30it/s, loss=0.0183]
                                                                 
[PERF][train] samples(local/global)=8/8, batches(local/global)=4/4, samples/s(local/global)=12.5/12.5, ms/batch(local)=160.1, data_wait=3.1%, compute=96.8%, non_finite_skips(local)=0

val:   0%|          | 0/4 [00:00<?, ?it/s]
val:   0%|          | 0/4 [00:00<?, ?it/s, loss=0.0179]
val:   0%|          | 0/4 [00:00<?, ?it/s, loss=0.0148]
val:   0%|          | 0/4 [00:00<?, ?it/s, loss=0.0167]
val:  75%|███████▌  | 3/4 [00:00<00:00, 20.68it/s, loss=0.0167]
val:  75%|███████▌  | 3/4 [00:00<00:00, 20.68it/s, loss=0.0257]
                                                               
[PERF][val] samples(local/global)=8/8, batches(local/global)=4/4, samples/s(local/global)=41.2/41.2, ms/batch(local)=48.6, data_wait=5.9%, compute=93.8%, non_finite_skips(local)=0
[MEM] epoch=92 RAM(before/after)=1413.8/1413.8MB | GPU mem: gpu0 alloc=24.8MB resv=7092.0MB peak=5388.2MB
Epoch 92: train_loss=0.018590, val_loss=0.018803, lr=0.00100000

Epoch 93/200

train:   0%|          | 0/4 [00:00<?, ?it/s]
train:   0%|          | 0/4 [00:00<?, ?it/s, loss=0.0083]
train:  25%|██▌       | 1/4 [00:00<00:00,  6.24it/s, loss=0.0083]
train:  25%|██▌       | 1/4 [00:00<00:00,  6.24it/s, loss=0.0179]
train:  50%|█████     | 2/4 [00:00<00:00,  6.27it/s, loss=0.0179]
train:  50%|█████     | 2/4 [00:00<00:00,  6.27it/s, loss=0.0390]
train:  75%|███████▌  | 3/4 [00:00<00:00,  6.31it/s, loss=0.0390]
train:  75%|███████▌  | 3/4 [00:00<00:00,  6.31it/s, loss=0.0092]
train: 100%|██████████| 4/4 [00:00<00:00,  6.32it/s, loss=0.0092]
                                                                 
[PERF][train] samples(local/global)=8/8, batches(local/global)=4/4, samples/s(local/global)=12.6/12.6, ms/batch(local)=158.7, data_wait=1.8%, compute=98.0%, non_finite_skips(local)=0

val:   0%|          | 0/4 [00:00<?, ?it/s]
val:   0%|          | 0/4 [00:00<?, ?it/s, loss=0.0178]
val:   0%|          | 0/4 [00:00<?, ?it/s, loss=0.0149]
val:   0%|          | 0/4 [00:00<?, ?it/s, loss=0.0168]
val:  75%|███████▌  | 3/4 [00:00<00:00, 20.73it/s, loss=0.0168]
val:  75%|███████▌  | 3/4 [00:00<00:00, 20.73it/s, loss=0.0256]
                                                               
[PERF][val] samples(local/global)=8/8, batches(local/global)=4/4, samples/s(local/global)=41.4/41.4, ms/batch(local)=48.3, data_wait=5.7%, compute=94.1%, non_finite_skips(local)=0
[MEM] epoch=93 RAM(before/after)=1413.8/1412.6MB | GPU mem: gpu0 alloc=24.8MB resv=7092.0MB peak=5388.2MB
Epoch 93: train_loss=0.018588, val_loss=0.018750, lr=0.00100000

Epoch 94/200

train:   0%|          | 0/4 [00:00<?, ?it/s]
train:   0%|          | 0/4 [00:00<?, ?it/s, loss=0.0252]
train:  25%|██▌       | 1/4 [00:00<00:00,  6.24it/s, loss=0.0252]
train:  25%|██▌       | 1/4 [00:00<00:00,  6.24it/s, loss=0.0082]
train:  50%|█████     | 2/4 [00:00<00:00,  6.28it/s, loss=0.0082]
train:  50%|█████     | 2/4 [00:00<00:00,  6.28it/s, loss=0.0229]
train:  75%|███████▌  | 3/4 [00:00<00:00,  6.33it/s, loss=0.0229]
train:  75%|███████▌  | 3/4 [00:00<00:00,  6.33it/s, loss=0.0183]
train: 100%|██████████| 4/4 [00:00<00:00,  6.33it/s, loss=0.0183]
                                                                 
[PERF][train] samples(local/global)=8/8, batches(local/global)=4/4, samples/s(local/global)=12.6/12.6, ms/batch(local)=158.4, data_wait=1.9%, compute=98.0%, non_finite_skips(local)=0

val:   0%|          | 0/4 [00:00<?, ?it/s]
val:   0%|          | 0/4 [00:00<?, ?it/s, loss=0.0179]
val:   0%|          | 0/4 [00:00<?, ?it/s, loss=0.0148]
val:   0%|          | 0/4 [00:00<?, ?it/s, loss=0.0168]
val:  75%|███████▌  | 3/4 [00:00<00:00, 20.64it/s, loss=0.0168]
val:  75%|███████▌  | 3/4 [00:00<00:00, 20.64it/s, loss=0.0261]
                                                               
[PERF][val] samples(local/global)=8/8, batches(local/global)=4/4, samples/s(local/global)=41.2/41.2, ms/batch(local)=48.5, data_wait=5.7%, compute=94.1%, non_finite_skips(local)=0
[MEM] epoch=94 RAM(before/after)=1412.6/1413.8MB | GPU mem: gpu0 alloc=24.8MB resv=7092.0MB peak=5388.2MB
Epoch 94: train_loss=0.018651, val_loss=0.018881, lr=0.00100000

Epoch 95/200

train:   0%|          | 0/4 [00:00<?, ?it/s]
train:   0%|          | 0/4 [00:00<?, ?it/s, loss=0.0178]
train:  25%|██▌       | 1/4 [00:00<00:00,  6.25it/s, loss=0.0178]
train:  25%|██▌       | 1/4 [00:00<00:00,  6.25it/s, loss=0.0229]
train:  50%|█████     | 2/4 [00:00<00:00,  6.26it/s, loss=0.0229]
train:  50%|█████     | 2/4 [00:00<00:00,  6.26it/s, loss=0.0266]
train:  75%|███████▌  | 3/4 [00:00<00:00,  6.31it/s, loss=0.0266]
train:  75%|███████▌  | 3/4 [00:00<00:00,  6.31it/s, loss=0.0077]
train: 100%|██████████| 4/4 [00:00<00:00,  6.33it/s, loss=0.0077]
                                                                 
[PERF][train] samples(local/global)=8/8, batches(local/global)=4/4, samples/s(local/global)=12.6/12.6, ms/batch(local)=158.6, data_wait=1.9%, compute=98.0%, non_finite_skips(local)=0

val:   0%|          | 0/4 [00:00<?, ?it/s]
val:   0%|          | 0/4 [00:00<?, ?it/s, loss=0.0177]
val:   0%|          | 0/4 [00:00<?, ?it/s, loss=0.0149]
val:   0%|          | 0/4 [00:00<?, ?it/s, loss=0.0172]
val:  75%|███████▌  | 3/4 [00:00<00:00, 20.70it/s, loss=0.0172]
val:  75%|███████▌  | 3/4 [00:00<00:00, 20.70it/s, loss=0.0255]
                                                               
[PERF][val] samples(local/global)=8/8, batches(local/global)=4/4, samples/s(local/global)=41.3/41.3, ms/batch(local)=48.4, data_wait=5.4%, compute=94.2%, non_finite_skips(local)=0
[MEM] epoch=95 RAM(before/after)=1413.8/1413.8MB | GPU mem: gpu0 alloc=24.8MB resv=7092.0MB peak=5388.2MB
Epoch 95: train_loss=0.018755, val_loss=0.018821, lr=0.00100000

Epoch 96/200

train:   0%|          | 0/4 [00:00<?, ?it/s]
train:   0%|          | 0/4 [00:00<?, ?it/s, loss=0.0133]
train:  25%|██▌       | 1/4 [00:00<00:00,  6.25it/s, loss=0.0133]
train:  25%|██▌       | 1/4 [00:00<00:00,  6.25it/s, loss=0.0253]
train:  50%|█████     | 2/4 [00:00<00:00,  6.32it/s, loss=0.0253]
train:  50%|█████     | 2/4 [00:00<00:00,  6.32it/s, loss=0.0264]
train:  75%|███████▌  | 3/4 [00:00<00:00,  6.35it/s, loss=0.0264]
train:  75%|███████▌  | 3/4 [00:00<00:00,  6.35it/s, loss=0.0100]
train: 100%|██████████| 4/4 [00:00<00:00,  6.36it/s, loss=0.0100]
                                                                 
[PERF][train] samples(local/global)=8/8, batches(local/global)=4/4, samples/s(local/global)=12.7/12.7, ms/batch(local)=157.9, data_wait=1.7%, compute=98.1%, non_finite_skips(local)=0

val:   0%|          | 0/4 [00:00<?, ?it/s]
val:   0%|          | 0/4 [00:00<?, ?it/s, loss=0.0178]
val:   0%|          | 0/4 [00:00<?, ?it/s, loss=0.0150]
val:   0%|          | 0/4 [00:00<?, ?it/s, loss=0.0168]
val:  75%|███████▌  | 3/4 [00:00<00:00, 20.67it/s, loss=0.0168]
val:  75%|███████▌  | 3/4 [00:00<00:00, 20.67it/s, loss=0.0255]
                                                               
[PERF][val] samples(local/global)=8/8, batches(local/global)=4/4, samples/s(local/global)=41.2/41.2, ms/batch(local)=48.5, data_wait=5.6%, compute=94.0%, non_finite_skips(local)=0
[MEM] epoch=96 RAM(before/after)=1413.8/1412.0MB | GPU mem: gpu0 alloc=24.8MB resv=7092.0MB peak=5388.2MB
Epoch 96: train_loss=0.018771, val_loss=0.018777, lr=0.00100000

Epoch 97/200

train:   0%|          | 0/4 [00:00<?, ?it/s]
train:   0%|          | 0/4 [00:00<?, ?it/s, loss=0.0252]
train:  25%|██▌       | 1/4 [00:00<00:00,  6.27it/s, loss=0.0252]
train:  25%|██▌       | 1/4 [00:00<00:00,  6.27it/s, loss=0.0134]
train:  50%|█████     | 2/4 [00:00<00:00,  6.33it/s, loss=0.0134]
train:  50%|█████     | 2/4 [00:00<00:00,  6.33it/s, loss=0.0227]
train:  75%|███████▌  | 3/4 [00:00<00:00,  6.32it/s, loss=0.0227]
train:  75%|███████▌  | 3/4 [00:00<00:00,  6.32it/s, loss=0.0132]
train: 100%|██████████| 4/4 [00:00<00:00,  6.34it/s, loss=0.0132]
                                                                 
[PERF][train] samples(local/global)=8/8, batches(local/global)=4/4, samples/s(local/global)=12.7/12.7, ms/batch(local)=158.1, data_wait=1.9%, compute=98.0%, non_finite_skips(local)=0

val:   0%|          | 0/4 [00:00<?, ?it/s]
val:   0%|          | 0/4 [00:00<?, ?it/s, loss=0.0179]
val:   0%|          | 0/4 [00:00<?, ?it/s, loss=0.0147]
val:   0%|          | 0/4 [00:00<?, ?it/s, loss=0.0168]
val:  75%|███████▌  | 3/4 [00:00<00:00, 20.73it/s, loss=0.0168]
val:  75%|███████▌  | 3/4 [00:00<00:00, 20.73it/s, loss=0.0262]
                                                               
[PERF][val] samples(local/global)=8/8, batches(local/global)=4/4, samples/s(local/global)=41.5/41.5, ms/batch(local)=48.2, data_wait=5.2%, compute=94.6%, non_finite_skips(local)=0
[MEM] epoch=97 RAM(before/after)=1412.0/1412.0MB | GPU mem: gpu0 alloc=24.8MB resv=7092.0MB peak=5388.2MB
Epoch 97: train_loss=0.018608, val_loss=0.018938, lr=0.00100000

Epoch 98/200

train:   0%|          | 0/4 [00:00<?, ?it/s]
train:   0%|          | 0/4 [00:00<?, ?it/s, loss=0.0170]
train:  25%|██▌       | 1/4 [00:00<00:00,  6.27it/s, loss=0.0170]
train:  25%|██▌       | 1/4 [00:00<00:00,  6.27it/s, loss=0.0149]
train:  50%|█████     | 2/4 [00:00<00:00,  6.33it/s, loss=0.0149]
train:  50%|█████     | 2/4 [00:00<00:00,  6.33it/s, loss=0.0260]
train:  75%|███████▌  | 3/4 [00:00<00:00,  6.33it/s, loss=0.0260]
train:  75%|███████▌  | 3/4 [00:00<00:00,  6.33it/s, loss=0.0167]
train: 100%|██████████| 4/4 [00:00<00:00,  6.33it/s, loss=0.0167]
                                                                 
[PERF][train] samples(local/global)=8/8, batches(local/global)=4/4, samples/s(local/global)=12.6/12.6, ms/batch(local)=158.2, data_wait=1.8%, compute=98.0%, non_finite_skips(local)=0

val:   0%|          | 0/4 [00:00<?, ?it/s]
val:   0%|          | 0/4 [00:00<?, ?it/s, loss=0.0177]
val:   0%|          | 0/4 [00:00<?, ?it/s, loss=0.0147]
val:   0%|          | 0/4 [00:00<?, ?it/s, loss=0.0167]
val:  75%|███████▌  | 3/4 [00:00<00:00, 20.74it/s, loss=0.0167]
val:  75%|███████▌  | 3/4 [00:00<00:00, 20.74it/s, loss=0.0256]
                                                               
[PERF][val] samples(local/global)=8/8, batches(local/global)=4/4, samples/s(local/global)=41.3/41.3, ms/batch(local)=48.4, data_wait=5.4%, compute=94.2%, non_finite_skips(local)=0
[MEM] epoch=98 RAM(before/after)=1412.0/1412.6MB | GPU mem: gpu0 alloc=24.8MB resv=7092.0MB peak=5388.2MB
Epoch 98: train_loss=0.018648, val_loss=0.018666, lr=0.00100000
Updated best model: /home/nis/jinrui.yang/EaBNet_light/logs_cbam_flat_projection64/overfit8_lr1e3_20260924_161645/best/best_model.pt (val_loss=0.018666)

Epoch 99/200

train:   0%|          | 0/4 [00:00<?, ?it/s]
train:   0%|          | 0/4 [00:00<?, ?it/s, loss=0.0225]
train:  25%|██▌       | 1/4 [00:00<00:00,  6.25it/s, loss=0.0225]
train:  25%|██▌       | 1/4 [00:00<00:00,  6.25it/s, loss=0.0129]
train:  50%|█████     | 2/4 [00:00<00:00,  6.30it/s, loss=0.0129]
train:  50%|█████     | 2/4 [00:00<00:00,  6.30it/s, loss=0.0043]
train:  75%|███████▌  | 3/4 [00:00<00:00,  6.32it/s, loss=0.0043]
train:  75%|███████▌  | 3/4 [00:00<00:00,  6.32it/s, loss=0.0344]
train: 100%|██████████| 4/4 [00:00<00:00,  6.33it/s, loss=0.0344]
                                                                 
[PERF][train] samples(local/global)=8/8, batches(local/global)=4/4, samples/s(local/global)=12.6/12.6, ms/batch(local)=158.4, data_wait=1.8%, compute=98.0%, non_finite_skips(local)=0

val:   0%|          | 0/4 [00:00<?, ?it/s]
val:   0%|          | 0/4 [00:00<?, ?it/s, loss=0.0177]
val:   0%|          | 0/4 [00:00<?, ?it/s, loss=0.0146]
val:   0%|          | 0/4 [00:00<?, ?it/s, loss=0.0168]
val:  75%|███████▌  | 3/4 [00:00<00:00, 20.63it/s, loss=0.0168]
val:  75%|███████▌  | 3/4 [00:00<00:00, 20.63it/s, loss=0.0253]
                                                               
[PERF][val] samples(local/global)=8/8, batches(local/global)=4/4, samples/s(local/global)=41.2/41.2, ms/batch(local)=48.5, data_wait=5.7%, compute=94.1%, non_finite_skips(local)=0
[MEM] epoch=99 RAM(before/after)=1412.6/1412.6MB | GPU mem: gpu0 alloc=24.8MB resv=7092.0MB peak=5388.2MB
Epoch 99: train_loss=0.018535, val_loss=0.018604, lr=0.00100000
Updated best model: /home/nis/jinrui.yang/EaBNet_light/logs_cbam_flat_projection64/overfit8_lr1e3_20260924_161645/best/best_model.pt (val_loss=0.018604)

Epoch 100/200

train:   0%|          | 0/4 [00:00<?, ?it/s]
train:   0%|          | 0/4 [00:00<?, ?it/s, loss=0.0128]
train:  25%|██▌       | 1/4 [00:00<00:00,  6.27it/s, loss=0.0128]
train:  25%|██▌       | 1/4 [00:00<00:00,  6.27it/s, loss=0.0042]
train:  50%|█████     | 2/4 [00:00<00:00,  6.28it/s, loss=0.0042]
train:  50%|█████     | 2/4 [00:00<00:00,  6.28it/s, loss=0.0389]
train:  75%|███████▌  | 3/4 [00:00<00:00,  6.32it/s, loss=0.0389]
train:  75%|███████▌  | 3/4 [00:00<00:00,  6.32it/s, loss=0.0182]
train: 100%|██████████| 4/4 [00:00<00:00,  6.34it/s, loss=0.0182]
                                                                 
[PERF][train] samples(local/global)=8/8, batches(local/global)=4/4, samples/s(local/global)=12.6/12.6, ms/batch(local)=158.3, data_wait=1.9%, compute=97.9%, non_finite_skips(local)=0

val:   0%|          | 0/4 [00:00<?, ?it/s]
val:   0%|          | 0/4 [00:00<?, ?it/s, loss=0.0177]
val:   0%|          | 0/4 [00:00<?, ?it/s, loss=0.0146]
val:   0%|          | 0/4 [00:00<?, ?it/s, loss=0.0166]
val:  75%|███████▌  | 3/4 [00:00<00:00, 20.61it/s, loss=0.0166]
val:  75%|███████▌  | 3/4 [00:00<00:00, 20.61it/s, loss=0.0252]
                                                               
[PERF][val] samples(local/global)=8/8, batches(local/global)=4/4, samples/s(local/global)=41.2/41.2, ms/batch(local)=48.6, data_wait=5.9%, compute=93.8%, non_finite_skips(local)=0
[MEM] epoch=100 RAM(before/after)=1412.6/1413.8MB | GPU mem: gpu0 alloc=24.8MB resv=7092.0MB peak=5388.2MB
Epoch 100: train_loss=0.018532, val_loss=0.018526, lr=0.00100000
Updated best model: /home/nis/jinrui.yang/EaBNet_light/logs_cbam_flat_projection64/overfit8_lr1e3_20260924_161645/best/best_model.pt (val_loss=0.018526)

Epoch 101/200

train:   0%|          | 0/4 [00:00<?, ?it/s]
train:   0%|          | 0/4 [00:00<?, ?it/s, loss=0.0169]
train:  25%|██▌       | 1/4 [00:00<00:00,  6.24it/s, loss=0.0169]
train:  25%|██▌       | 1/4 [00:00<00:00,  6.24it/s, loss=0.0291]
train:  50%|█████     | 2/4 [00:00<00:00,  6.30it/s, loss=0.0291]
train:  50%|█████     | 2/4 [00:00<00:00,  6.30it/s, loss=0.0179]
train:  75%|███████▌  | 3/4 [00:00<00:00,  6.31it/s, loss=0.0179]
train:  75%|███████▌  | 3/4 [00:00<00:00,  6.31it/s, loss=0.0099]
train: 100%|██████████| 4/4 [00:00<00:00,  6.33it/s, loss=0.0099]
                                                                 
[PERF][train] samples(local/global)=8/8, batches(local/global)=4/4, samples/s(local/global)=12.6/12.6, ms/batch(local)=158.4, data_wait=1.9%, compute=98.0%, non_finite_skips(local)=0

val:   0%|          | 0/4 [00:00<?, ?it/s]
val:   0%|          | 0/4 [00:00<?, ?it/s, loss=0.0177]
val:   0%|          | 0/4 [00:00<?, ?it/s, loss=0.0144]
val:   0%|          | 0/4 [00:00<?, ?it/s, loss=0.0166]
val:  75%|███████▌  | 3/4 [00:00<00:00, 20.89it/s, loss=0.0166]
val:  75%|███████▌  | 3/4 [00:00<00:00, 20.89it/s, loss=0.0252]
                                                               
[PERF][val] samples(local/global)=8/8, batches(local/global)=4/4, samples/s(local/global)=41.6/41.6, ms/batch(local)=48.0, data_wait=5.1%, compute=94.6%, non_finite_skips(local)=0
[MEM] epoch=101 RAM(before/after)=1413.8/1413.8MB | GPU mem: gpu0 alloc=24.8MB resv=7092.0MB peak=5388.2MB
Epoch 101: train_loss=0.018426, val_loss=0.018486, lr=0.00100000
Updated best model: /home/nis/jinrui.yang/EaBNet_light/logs_cbam_flat_projection64/overfit8_lr1e3_20260924_161645/best/best_model.pt (val_loss=0.018486)

Epoch 102/200

train:   0%|          | 0/4 [00:00<?, ?it/s]
train:   0%|          | 0/4 [00:00<?, ?it/s, loss=0.0209]
train:  25%|██▌       | 1/4 [00:00<00:00,  6.27it/s, loss=0.0209]
train:  25%|██▌       | 1/4 [00:00<00:00,  6.27it/s, loss=0.0144]
train:  50%|█████     | 2/4 [00:00<00:00,  6.35it/s, loss=0.0144]
train:  50%|█████     | 2/4 [00:00<00:00,  6.35it/s, loss=0.0042]
train:  75%|███████▌  | 3/4 [00:00<00:00,  6.36it/s, loss=0.0042]
train:  75%|███████▌  | 3/4 [00:00<00:00,  6.36it/s, loss=0.0342]
train: 100%|██████████| 4/4 [00:00<00:00,  6.35it/s, loss=0.0342]
                                                                 
[PERF][train] samples(local/global)=8/8, batches(local/global)=4/4, samples/s(local/global)=12.7/12.7, ms/batch(local)=157.8, data_wait=1.9%, compute=97.9%, non_finite_skips(local)=0

val:   0%|          | 0/4 [00:00<?, ?it/s]
val:   0%|          | 0/4 [00:00<?, ?it/s, loss=0.0177]
val:   0%|          | 0/4 [00:00<?, ?it/s, loss=0.0145]
val:   0%|          | 0/4 [00:00<?, ?it/s, loss=0.0168]
val:  75%|███████▌  | 3/4 [00:00<00:00, 20.69it/s, loss=0.0168]
val:  75%|███████▌  | 3/4 [00:00<00:00, 20.69it/s, loss=0.0251]
                                                               
[PERF][val] samples(local/global)=8/8, batches(local/global)=4/4, samples/s(local/global)=41.4/41.4, ms/batch(local)=48.3, data_wait=5.1%, compute=94.5%, non_finite_skips(local)=0
[MEM] epoch=102 RAM(before/after)=1413.8/1412.8MB | GPU mem: gpu0 alloc=24.8MB resv=7092.0MB peak=5388.2MB
Epoch 102: train_loss=0.018416, val_loss=0.018534, lr=0.00100000

Epoch 103/200

train:   0%|          | 0/4 [00:00<?, ?it/s]
train:   0%|          | 0/4 [00:00<?, ?it/s, loss=0.0042]
train:  25%|██▌       | 1/4 [00:00<00:00,  6.25it/s, loss=0.0042]
train:  25%|██▌       | 1/4 [00:00<00:00,  6.25it/s, loss=0.0176]
train:  50%|█████     | 2/4 [00:00<00:00,  6.28it/s, loss=0.0176]
train:  50%|█████     | 2/4 [00:00<00:00,  6.28it/s, loss=0.0224]
train:  75%|███████▌  | 3/4 [00:00<00:00,  6.32it/s, loss=0.0224]
train:  75%|███████▌  | 3/4 [00:00<00:00,  6.32it/s, loss=0.0289]
train: 100%|██████████| 4/4 [00:00<00:00,  6.32it/s, loss=0.0289]
                                                                 
[PERF][train] samples(local/global)=8/8, batches(local/global)=4/4, samples/s(local/global)=12.6/12.6, ms/batch(local)=158.6, data_wait=1.9%, compute=98.0%, non_finite_skips(local)=0

val:   0%|          | 0/4 [00:00<?, ?it/s]
val:   0%|          | 0/4 [00:00<?, ?it/s, loss=0.0176]
val:   0%|          | 0/4 [00:00<?, ?it/s, loss=0.0142]
val:   0%|          | 0/4 [00:00<?, ?it/s, loss=0.0164]
val:  75%|███████▌  | 3/4 [00:00<00:00, 20.63it/s, loss=0.0164]
val:  75%|███████▌  | 3/4 [00:00<00:00, 20.63it/s, loss=0.0250]
                                                               
[PERF][val] samples(local/global)=8/8, batches(local/global)=4/4, samples/s(local/global)=41.2/41.2, ms/batch(local)=48.5, data_wait=5.7%, compute=94.0%, non_finite_skips(local)=0
[MEM] epoch=103 RAM(before/after)=1412.8/1412.1MB | GPU mem: gpu0 alloc=24.8MB resv=7092.0MB peak=5388.2MB
Epoch 103: train_loss=0.018267, val_loss=0.018326, lr=0.00100000
Updated best model: /home/nis/jinrui.yang/EaBNet_light/logs_cbam_flat_projection64/overfit8_lr1e3_20260924_161645/best/best_model.pt (val_loss=0.018326)

Epoch 104/200

train:   0%|          | 0/4 [00:00<?, ?it/s]
train:   0%|          | 0/4 [00:00<?, ?it/s, loss=0.0221]
train:  25%|██▌       | 1/4 [00:00<00:00,  6.26it/s, loss=0.0221]
train:  25%|██▌       | 1/4 [00:00<00:00,  6.26it/s, loss=0.0129]
train:  50%|█████     | 2/4 [00:00<00:00,  6.29it/s, loss=0.0129]
train:  50%|█████     | 2/4 [00:00<00:00,  6.29it/s, loss=0.0131]
train:  75%|███████▌  | 3/4 [00:00<00:00,  6.32it/s, loss=0.0131]
train:  75%|███████▌  | 3/4 [00:00<00:00,  6.32it/s, loss=0.0248]
train: 100%|██████████| 4/4 [00:00<00:00,  6.34it/s, loss=0.0248]
                                                                 
[PERF][train] samples(local/global)=8/8, batches(local/global)=4/4, samples/s(local/global)=12.6/12.6, ms/batch(local)=158.4, data_wait=1.9%, compute=97.9%, non_finite_skips(local)=0

val:   0%|          | 0/4 [00:00<?, ?it/s]
val:   0%|          | 0/4 [00:00<?, ?it/s, loss=0.0177]
val:   0%|          | 0/4 [00:00<?, ?it/s, loss=0.0143]
val:   0%|          | 0/4 [00:00<?, ?it/s, loss=0.0163]
val:  75%|███████▌  | 3/4 [00:00<00:00, 20.65it/s, loss=0.0163]
val:  75%|███████▌  | 3/4 [00:00<00:00, 20.65it/s, loss=0.0250]
                                                               
[PERF][val] samples(local/global)=8/8, batches(local/global)=4/4, samples/s(local/global)=41.3/41.3, ms/batch(local)=48.4, data_wait=5.6%, compute=94.1%, non_finite_skips(local)=0
[MEM] epoch=104 RAM(before/after)=1412.1/1412.6MB | GPU mem: gpu0 alloc=24.8MB resv=7092.0MB peak=5388.2MB
Epoch 104: train_loss=0.018244, val_loss=0.018328, lr=0.00100000

Epoch 105/200

train:   0%|          | 0/4 [00:00<?, ?it/s]
train:   0%|          | 0/4 [00:00<?, ?it/s, loss=0.0123]
train:  25%|██▌       | 1/4 [00:00<00:00,  6.28it/s, loss=0.0123]
train:  25%|██▌       | 1/4 [00:00<00:00,  6.28it/s, loss=0.0223]
train:  50%|█████     | 2/4 [00:00<00:00,  6.32it/s, loss=0.0223]
train:  50%|█████     | 2/4 [00:00<00:00,  6.32it/s, loss=0.0081]
train:  75%|███████▌  | 3/4 [00:00<00:00,  6.31it/s, loss=0.0081]
train:  75%|███████▌  | 3/4 [00:00<00:00,  6.31it/s, loss=0.0302]
train: 100%|██████████| 4/4 [00:00<00:00,  6.32it/s, loss=0.0302]
                                                                 
[PERF][train] samples(local/global)=8/8, batches(local/global)=4/4, samples/s(local/global)=12.6/12.6, ms/batch(local)=158.6, data_wait=1.8%, compute=98.0%, non_finite_skips(local)=0

val:   0%|          | 0/4 [00:00<?, ?it/s]
val:   0%|          | 0/4 [00:00<?, ?it/s, loss=0.0176]
val:   0%|          | 0/4 [00:00<?, ?it/s, loss=0.0143]
val:   0%|          | 0/4 [00:00<?, ?it/s, loss=0.0165]
val:  75%|███████▌  | 3/4 [00:00<00:00, 20.68it/s, loss=0.0165]
val:  75%|███████▌  | 3/4 [00:00<00:00, 20.68it/s, loss=0.0250]
                                                               
[PERF][val] samples(local/global)=8/8, batches(local/global)=4/4, samples/s(local/global)=41.3/41.3, ms/batch(local)=48.4, data_wait=5.4%, compute=94.3%, non_finite_skips(local)=0
[MEM] epoch=105 RAM(before/after)=1412.6/1412.6MB | GPU mem: gpu0 alloc=24.8MB resv=7092.0MB peak=5388.2MB
Epoch 105: train_loss=0.018231, val_loss=0.018359, lr=0.00100000

Epoch 106/200

train:   0%|          | 0/4 [00:00<?, ?it/s]
train:   0%|          | 0/4 [00:00<?, ?it/s, loss=0.0335]
train:  25%|██▌       | 1/4 [00:00<00:00,  6.29it/s, loss=0.0335]
train:  25%|██▌       | 1/4 [00:00<00:00,  6.29it/s, loss=0.0128]
train:  50%|█████     | 2/4 [00:00<00:00,  6.28it/s, loss=0.0128]
train:  50%|█████     | 2/4 [00:00<00:00,  6.28it/s, loss=0.0094]
train:  75%|███████▌  | 3/4 [00:00<00:00,  6.32it/s, loss=0.0094]
train:  75%|███████▌  | 3/4 [00:00<00:00,  6.32it/s, loss=0.0168]
train: 100%|██████████| 4/4 [00:00<00:00,  6.34it/s, loss=0.0168]
                                                                 
[PERF][train] samples(local/global)=8/8, batches(local/global)=4/4, samples/s(local/global)=12.6/12.6, ms/batch(local)=158.2, data_wait=1.8%, compute=98.0%, non_finite_skips(local)=0

val:   0%|          | 0/4 [00:00<?, ?it/s]
val:   0%|          | 0/4 [00:00<?, ?it/s, loss=0.0175]
val:   0%|          | 0/4 [00:00<?, ?it/s, loss=0.0142]
val:   0%|          | 0/4 [00:00<?, ?it/s, loss=0.0165]
val:  75%|███████▌  | 3/4 [00:00<00:00, 20.78it/s, loss=0.0165]
val:  75%|███████▌  | 3/4 [00:00<00:00, 20.78it/s, loss=0.0251]
                                                               
[PERF][val] samples(local/global)=8/8, batches(local/global)=4/4, samples/s(local/global)=41.4/41.4, ms/batch(local)=48.3, data_wait=5.3%, compute=94.4%, non_finite_skips(local)=0
[MEM] epoch=106 RAM(before/after)=1412.6/1412.6MB | GPU mem: gpu0 alloc=24.8MB resv=7092.0MB peak=5388.2MB
Epoch 106: train_loss=0.018107, val_loss=0.018321, lr=0.00100000
Updated best model: /home/nis/jinrui.yang/EaBNet_light/logs_cbam_flat_projection64/overfit8_lr1e3_20260924_161645/best/best_model.pt (val_loss=0.018321)

Epoch 107/200

train:   0%|          | 0/4 [00:00<?, ?it/s]
train:   0%|          | 0/4 [00:00<?, ?it/s, loss=0.0337]
train:  25%|██▌       | 1/4 [00:00<00:00,  6.25it/s, loss=0.0337]
train:  25%|██▌       | 1/4 [00:00<00:00,  6.25it/s, loss=0.0126]
train:  50%|█████     | 2/4 [00:00<00:00,  6.29it/s, loss=0.0126]
train:  50%|█████     | 2/4 [00:00<00:00,  6.29it/s, loss=0.0222]
train:  75%|███████▌  | 3/4 [00:00<00:00,  6.31it/s, loss=0.0222]
train:  75%|███████▌  | 3/4 [00:00<00:00,  6.31it/s, loss=0.0042]
train: 100%|██████████| 4/4 [00:00<00:00,  6.32it/s, loss=0.0042]
                                                                 
[PERF][train] samples(local/global)=8/8, batches(local/global)=4/4, samples/s(local/global)=12.6/12.6, ms/batch(local)=158.6, data_wait=1.9%, compute=98.0%, non_finite_skips(local)=0

val:   0%|          | 0/4 [00:00<?, ?it/s]
val:   0%|          | 0/4 [00:00<?, ?it/s, loss=0.0177]
val:   0%|          | 0/4 [00:00<?, ?it/s, loss=0.0142]
val:   0%|          | 0/4 [00:00<?, ?it/s, loss=0.0165]
val:  75%|███████▌  | 3/4 [00:00<00:00, 20.76it/s, loss=0.0165]
val:  75%|███████▌  | 3/4 [00:00<00:00, 20.76it/s, loss=0.0249]
                                                               
[PERF][val] samples(local/global)=8/8, batches(local/global)=4/4, samples/s(local/global)=41.4/41.4, ms/batch(local)=48.3, data_wait=5.3%, compute=94.4%, non_finite_skips(local)=0
[MEM] epoch=107 RAM(before/after)=1412.6/1412.6MB | GPU mem: gpu0 alloc=24.8MB resv=7092.0MB peak=5388.2MB
Epoch 107: train_loss=0.018167, val_loss=0.018307, lr=0.00100000
Updated best model: /home/nis/jinrui.yang/EaBNet_light/logs_cbam_flat_projection64/overfit8_lr1e3_20260924_161645/best/best_model.pt (val_loss=0.018307)

Epoch 108/200

train:   0%|          | 0/4 [00:00<?, ?it/s]
train:   0%|          | 0/4 [00:00<?, ?it/s, loss=0.0175]
train:  25%|██▌       | 1/4 [00:00<00:00,  6.31it/s, loss=0.0175]
train:  25%|██▌       | 1/4 [00:00<00:00,  6.31it/s, loss=0.0222]
train:  50%|█████     | 2/4 [00:00<00:00,  6.33it/s, loss=0.0222]
train:  50%|█████     | 2/4 [00:00<00:00,  6.33it/s, loss=0.0287]
train:  75%|███████▌  | 3/4 [00:00<00:00,  6.34it/s, loss=0.0287]
train:  75%|███████▌  | 3/4 [00:00<00:00,  6.34it/s, loss=0.0042]
train: 100%|██████████| 4/4 [00:00<00:00,  6.36it/s, loss=0.0042]
                                                                 
[PERF][train] samples(local/global)=8/8, batches(local/global)=4/4, samples/s(local/global)=12.7/12.7, ms/batch(local)=157.7, data_wait=1.8%, compute=98.0%, non_finite_skips(local)=0

val:   0%|          | 0/4 [00:00<?, ?it/s]
val:   0%|          | 0/4 [00:00<?, ?it/s, loss=0.0178]
val:   0%|          | 0/4 [00:00<?, ?it/s, loss=0.0143]
val:   0%|          | 0/4 [00:00<?, ?it/s, loss=0.0163]
val:  75%|███████▌  | 3/4 [00:00<00:00, 20.72it/s, loss=0.0163]
val:  75%|███████▌  | 3/4 [00:00<00:00, 20.72it/s, loss=0.0248]
                                                               
[PERF][val] samples(local/global)=8/8, batches(local/global)=4/4, samples/s(local/global)=41.3/41.3, ms/batch(local)=48.4, data_wait=5.6%, compute=94.1%, non_finite_skips(local)=0
[MEM] epoch=108 RAM(before/after)=1412.6/1412.6MB | GPU mem: gpu0 alloc=24.8MB resv=7092.0MB peak=5388.2MB
Epoch 108: train_loss=0.018148, val_loss=0.018290, lr=0.00100000
Updated best model: /home/nis/jinrui.yang/EaBNet_light/logs_cbam_flat_projection64/overfit8_lr1e3_20260924_161645/best/best_model.pt (val_loss=0.018290)

Epoch 109/200

train:   0%|          | 0/4 [00:00<?, ?it/s]
train:   0%|          | 0/4 [00:00<?, ?it/s, loss=0.0208]
train:  25%|██▌       | 1/4 [00:00<00:00,  6.23it/s, loss=0.0208]
train:  25%|██▌       | 1/4 [00:00<00:00,  6.23it/s, loss=0.0251]
train:  50%|█████     | 2/4 [00:00<00:00,  6.31it/s, loss=0.0251]
train:  50%|█████     | 2/4 [00:00<00:00,  6.31it/s, loss=0.0092]
train:  75%|███████▌  | 3/4 [00:00<00:00,  6.33it/s, loss=0.0092]
train:  75%|███████▌  | 3/4 [00:00<00:00,  6.33it/s, loss=0.0175]
train: 100%|██████████| 4/4 [00:00<00:00,  6.34it/s, loss=0.0175]
                                                                 
[PERF][train] samples(local/global)=8/8, batches(local/global)=4/4, samples/s(local/global)=12.6/12.6, ms/batch(local)=158.2, data_wait=1.9%, compute=97.9%, non_finite_skips(local)=0

val:   0%|          | 0/4 [00:00<?, ?it/s]
val:   0%|          | 0/4 [00:00<?, ?it/s, loss=0.0175]
val:   0%|          | 0/4 [00:00<?, ?it/s, loss=0.0141]
val:   0%|          | 0/4 [00:00<?, ?it/s, loss=0.0162]
val:  75%|███████▌  | 3/4 [00:00<00:00, 20.65it/s, loss=0.0162]
val:  75%|███████▌  | 3/4 [00:00<00:00, 20.65it/s, loss=0.0250]
                                                               
[PERF][val] samples(local/global)=8/8, batches(local/global)=4/4, samples/s(local/global)=41.3/41.3, ms/batch(local)=48.4, data_wait=5.5%, compute=94.1%, non_finite_skips(local)=0
[MEM] epoch=109 RAM(before/after)=1412.6/1412.6MB | GPU mem: gpu0 alloc=24.8MB resv=7092.0MB peak=5388.2MB
Epoch 109: train_loss=0.018151, val_loss=0.018192, lr=0.00100000
Updated best model: /home/nis/jinrui.yang/EaBNet_light/logs_cbam_flat_projection64/overfit8_lr1e3_20260924_161645/best/best_model.pt (val_loss=0.018192)

Epoch 110/200

train:   0%|          | 0/4 [00:00<?, ?it/s]
train:   0%|          | 0/4 [00:00<?, ?it/s, loss=0.0089]
train:  25%|██▌       | 1/4 [00:00<00:00,  6.27it/s, loss=0.0089]
train:  25%|██▌       | 1/4 [00:00<00:00,  6.27it/s, loss=0.0080]
train:  50%|█████     | 2/4 [00:00<00:00,  6.29it/s, loss=0.0080]
train:  50%|█████     | 2/4 [00:00<00:00,  6.29it/s, loss=0.0300]
train:  75%|███████▌  | 3/4 [00:00<00:00,  6.31it/s, loss=0.0300]
train:  75%|███████▌  | 3/4 [00:00<00:00,  6.31it/s, loss=0.0259]
train: 100%|██████████| 4/4 [00:00<00:00,  6.32it/s, loss=0.0259]
                                                                 
[PERF][train] samples(local/global)=8/8, batches(local/global)=4/4, samples/s(local/global)=12.6/12.6, ms/batch(local)=158.7, data_wait=1.8%, compute=98.0%, non_finite_skips(local)=0

val:   0%|          | 0/4 [00:00<?, ?it/s]
val:   0%|          | 0/4 [00:00<?, ?it/s, loss=0.0175]
val:   0%|          | 0/4 [00:00<?, ?it/s, loss=0.0142]
val:   0%|          | 0/4 [00:00<?, ?it/s, loss=0.0163]
val:  75%|███████▌  | 3/4 [00:00<00:00, 20.76it/s, loss=0.0163]
val:  75%|███████▌  | 3/4 [00:00<00:00, 20.76it/s, loss=0.0249]
                                                               
[PERF][val] samples(local/global)=8/8, batches(local/global)=4/4, samples/s(local/global)=41.5/41.5, ms/batch(local)=48.2, data_wait=5.1%, compute=94.7%, non_finite_skips(local)=0
[MEM] epoch=110 RAM(before/after)=1412.6/1412.6MB | GPU mem: gpu0 alloc=24.8MB resv=7092.0MB peak=5388.2MB
Epoch 110: train_loss=0.018236, val_loss=0.018222, lr=0.00100000

Epoch 111/200

train:   0%|          | 0/4 [00:00<?, ?it/s]
train:   0%|          | 0/4 [00:00<?, ?it/s, loss=0.0220]
train:  25%|██▌       | 1/4 [00:00<00:00,  6.19it/s, loss=0.0220]
train:  25%|██▌       | 1/4 [00:00<00:00,  6.19it/s, loss=0.0244]
train:  50%|█████     | 2/4 [00:00<00:00,  6.28it/s, loss=0.0244]
train:  50%|█████     | 2/4 [00:00<00:00,  6.28it/s, loss=0.0129]
train:  75%|███████▌  | 3/4 [00:00<00:00,  6.32it/s, loss=0.0129]
train:  75%|███████▌  | 3/4 [00:00<00:00,  6.32it/s, loss=0.0128]
train: 100%|██████████| 4/4 [00:00<00:00,  6.33it/s, loss=0.0128]
                                                                 
[PERF][train] samples(local/global)=8/8, batches(local/global)=4/4, samples/s(local/global)=12.6/12.6, ms/batch(local)=158.7, data_wait=1.9%, compute=97.9%, non_finite_skips(local)=0

val:   0%|          | 0/4 [00:00<?, ?it/s]
val:   0%|          | 0/4 [00:00<?, ?it/s, loss=0.0182]
val:   0%|          | 0/4 [00:00<?, ?it/s, loss=0.0144]
val:   0%|          | 0/4 [00:00<?, ?it/s, loss=0.0163]
val:  75%|███████▌  | 3/4 [00:00<00:00, 20.77it/s, loss=0.0163]
val:  75%|███████▌  | 3/4 [00:00<00:00, 20.77it/s, loss=0.0249]
                                                               
[PERF][val] samples(local/global)=8/8, batches(local/global)=4/4, samples/s(local/global)=41.4/41.4, ms/batch(local)=48.3, data_wait=5.4%, compute=94.3%, non_finite_skips(local)=0
[MEM] epoch=111 RAM(before/after)=1412.6/1412.6MB | GPU mem: gpu0 alloc=24.8MB resv=7092.0MB peak=5388.2MB
Epoch 111: train_loss=0.018023, val_loss=0.018445, lr=0.00100000

Epoch 112/200

train:   0%|          | 0/4 [00:00<?, ?it/s]
train:   0%|          | 0/4 [00:00<?, ?it/s, loss=0.0178]
train:  25%|██▌       | 1/4 [00:00<00:00,  6.22it/s, loss=0.0178]
train:  25%|██▌       | 1/4 [00:00<00:00,  6.22it/s, loss=0.0074]
train:  50%|█████     | 2/4 [00:00<00:00,  6.27it/s, loss=0.0074]
train:  50%|█████     | 2/4 [00:00<00:00,  6.27it/s, loss=0.0180]
train:  75%|███████▌  | 3/4 [00:00<00:00,  6.32it/s, loss=0.0180]
train:  75%|███████▌  | 3/4 [00:00<00:00,  6.32it/s, loss=0.0301]
train: 100%|██████████| 4/4 [00:00<00:00,  6.32it/s, loss=0.0301]
                                                                 
[PERF][train] samples(local/global)=8/8, batches(local/global)=4/4, samples/s(local/global)=12.6/12.6, ms/batch(local)=158.8, data_wait=1.9%, compute=97.9%, non_finite_skips(local)=0

val:   0%|          | 0/4 [00:00<?, ?it/s]
val:   0%|          | 0/4 [00:00<?, ?it/s, loss=0.0176]
val:   0%|          | 0/4 [00:00<?, ?it/s, loss=0.0142]
val:   0%|          | 0/4 [00:00<?, ?it/s, loss=0.0166]
val:  75%|███████▌  | 3/4 [00:00<00:00, 20.65it/s, loss=0.0166]
val:  75%|███████▌  | 3/4 [00:00<00:00, 20.65it/s, loss=0.0246]
                                                               
[PERF][val] samples(local/global)=8/8, batches(local/global)=4/4, samples/s(local/global)=41.2/41.2, ms/batch(local)=48.6, data_wait=5.5%, compute=94.2%, non_finite_skips(local)=0
[MEM] epoch=112 RAM(before/after)=1412.6/1412.6MB | GPU mem: gpu0 alloc=24.8MB resv=7092.0MB peak=5388.2MB
Epoch 112: train_loss=0.018331, val_loss=0.018268, lr=0.00100000

Epoch 113/200

train:   0%|          | 0/4 [00:00<?, ?it/s]
train:   0%|          | 0/4 [00:00<?, ?it/s, loss=0.0219]
train:  25%|██▌       | 1/4 [00:00<00:00,  6.24it/s, loss=0.0219]
train:  25%|██▌       | 1/4 [00:00<00:00,  6.24it/s, loss=0.0305]
train:  50%|█████     | 2/4 [00:00<00:00,  6.28it/s, loss=0.0305]
train:  50%|█████     | 2/4 [00:00<00:00,  6.28it/s, loss=0.0077]
train:  75%|███████▌  | 3/4 [00:00<00:00,  6.30it/s, loss=0.0077]
train:  75%|███████▌  | 3/4 [00:00<00:00,  6.30it/s, loss=0.0136]
train: 100%|██████████| 4/4 [00:00<00:00,  6.31it/s, loss=0.0136]
                                                                 
[PERF][train] samples(local/global)=8/8, batches(local/global)=4/4, samples/s(local/global)=12.6/12.6, ms/batch(local)=158.9, data_wait=2.0%, compute=97.9%, non_finite_skips(local)=0

val:   0%|          | 0/4 [00:00<?, ?it/s]
val:   0%|          | 0/4 [00:00<?, ?it/s, loss=0.0176]
val:   0%|          | 0/4 [00:00<?, ?it/s, loss=0.0144]
val:   0%|          | 0/4 [00:00<?, ?it/s, loss=0.0165]
val:  75%|███████▌  | 3/4 [00:00<00:00, 20.75it/s, loss=0.0165]
val:  75%|███████▌  | 3/4 [00:00<00:00, 20.75it/s, loss=0.0253]
                                                               
[PERF][val] samples(local/global)=8/8, batches(local/global)=4/4, samples/s(local/global)=41.5/41.5, ms/batch(local)=48.2, data_wait=5.2%, compute=94.5%, non_finite_skips(local)=0
[MEM] epoch=113 RAM(before/after)=1412.6/1412.6MB | GPU mem: gpu0 alloc=24.8MB resv=7092.0MB peak=5388.2MB
Epoch 113: train_loss=0.018411, val_loss=0.018466, lr=0.00100000

Epoch 114/200

train:   0%|          | 0/4 [00:00<?, ?it/s]
train:   0%|          | 0/4 [00:00<?, ?it/s, loss=0.0130]
train:  25%|██▌       | 1/4 [00:00<00:00,  6.29it/s, loss=0.0130]
train:  25%|██▌       | 1/4 [00:00<00:00,  6.29it/s, loss=0.0089]
train:  50%|█████     | 2/4 [00:00<00:00,  6.30it/s, loss=0.0089]
train:  50%|█████     | 2/4 [00:00<00:00,  6.30it/s, loss=0.0129]
train:  75%|███████▌  | 3/4 [00:00<00:00,  6.31it/s, loss=0.0129]
train:  75%|███████▌  | 3/4 [00:00<00:00,  6.31it/s, loss=0.0399]
train: 100%|██████████| 4/4 [00:00<00:00,  6.32it/s, loss=0.0399]
                                                                 
[PERF][train] samples(local/global)=8/8, batches(local/global)=4/4, samples/s(local/global)=12.6/12.6, ms/batch(local)=158.6, data_wait=2.0%, compute=97.9%, non_finite_skips(local)=0

val:   0%|          | 0/4 [00:00<?, ?it/s]
val:   0%|          | 0/4 [00:00<?, ?it/s, loss=0.0176]
val:   0%|          | 0/4 [00:00<?, ?it/s, loss=0.0143]
val:   0%|          | 0/4 [00:00<?, ?it/s, loss=0.0166]
val:  75%|███████▌  | 3/4 [00:00<00:00, 20.85it/s, loss=0.0166]
val:  75%|███████▌  | 3/4 [00:00<00:00, 20.85it/s, loss=0.0255]
                                                               
[PERF][val] samples(local/global)=8/8, batches(local/global)=4/4, samples/s(local/global)=41.7/41.7, ms/batch(local)=48.0, data_wait=5.4%, compute=94.4%, non_finite_skips(local)=0
[MEM] epoch=114 RAM(before/after)=1412.6/1412.6MB | GPU mem: gpu0 alloc=24.8MB resv=7092.0MB peak=5388.2MB
Epoch 114: train_loss=0.018652, val_loss=0.018504, lr=0.00100000

Epoch 115/200

train:   0%|          | 0/4 [00:00<?, ?it/s]
train:   0%|          | 0/4 [00:00<?, ?it/s, loss=0.0175]
train:  25%|██▌       | 1/4 [00:00<00:00,  6.04it/s, loss=0.0175]
train:  25%|██▌       | 1/4 [00:00<00:00,  6.04it/s, loss=0.0124]
train:  50%|█████     | 2/4 [00:00<00:00,  6.22it/s, loss=0.0124]
train:  50%|█████     | 2/4 [00:00<00:00,  6.22it/s, loss=0.0285]
train:  75%|███████▌  | 3/4 [00:00<00:00,  6.27it/s, loss=0.0285]
train:  75%|███████▌  | 3/4 [00:00<00:00,  6.27it/s, loss=0.0145]
train: 100%|██████████| 4/4 [00:00<00:00,  6.29it/s, loss=0.0145]
                                                                 
[PERF][train] samples(local/global)=8/8, batches(local/global)=4/4, samples/s(local/global)=12.5/12.5, ms/batch(local)=159.9, data_wait=2.3%, compute=97.6%, non_finite_skips(local)=0

val:   0%|          | 0/4 [00:00<?, ?it/s]
val:   0%|          | 0/4 [00:00<?, ?it/s, loss=0.0177]
val:   0%|          | 0/4 [00:00<?, ?it/s, loss=0.0143]
val:   0%|          | 0/4 [00:00<?, ?it/s, loss=0.0163]
val:  75%|███████▌  | 3/4 [00:00<00:00, 20.58it/s, loss=0.0163]
val:  75%|███████▌  | 3/4 [00:00<00:00, 20.58it/s, loss=0.0248]
                                                               
[PERF][val] samples(local/global)=8/8, batches(local/global)=4/4, samples/s(local/global)=41.1/41.1, ms/batch(local)=48.6, data_wait=5.8%, compute=94.0%, non_finite_skips(local)=0
[MEM] epoch=115 RAM(before/after)=1412.6/1412.6MB | GPU mem: gpu0 alloc=24.8MB resv=7092.0MB peak=5388.2MB
Epoch 115: train_loss=0.018225, val_loss=0.018297, lr=0.00100000

Epoch 116/200

train:   0%|          | 0/4 [00:00<?, ?it/s]
train:   0%|          | 0/4 [00:00<?, ?it/s, loss=0.0247]
train:  25%|██▌       | 1/4 [00:00<00:00,  6.14it/s, loss=0.0247]
train:  25%|██▌       | 1/4 [00:00<00:00,  6.14it/s, loss=0.0175]
train:  50%|█████     | 2/4 [00:00<00:00,  6.24it/s, loss=0.0175]
train:  50%|█████     | 2/4 [00:00<00:00,  6.24it/s, loss=0.0081]
train:  75%|███████▌  | 3/4 [00:00<00:00,  6.28it/s, loss=0.0081]
train:  75%|███████▌  | 3/4 [00:00<00:00,  6.28it/s, loss=0.0224]
train: 100%|██████████| 4/4 [00:00<00:00,  6.30it/s, loss=0.0224]
                                                                 
[PERF][train] samples(local/global)=8/8, batches(local/global)=4/4, samples/s(local/global)=12.5/12.5, ms/batch(local)=159.4, data_wait=2.3%, compute=97.6%, non_finite_skips(local)=0

val:   0%|          | 0/4 [00:00<?, ?it/s]
val:   0%|          | 0/4 [00:00<?, ?it/s, loss=0.0177]
val:   0%|          | 0/4 [00:00<?, ?it/s, loss=0.0145]
val:   0%|          | 0/4 [00:00<?, ?it/s, loss=0.0164]
val:  75%|███████▌  | 3/4 [00:00<00:00, 20.66it/s, loss=0.0164]
val:  75%|███████▌  | 3/4 [00:00<00:00, 20.66it/s, loss=0.0253]
                                                               
[PERF][val] samples(local/global)=8/8, batches(local/global)=4/4, samples/s(local/global)=41.3/41.3, ms/batch(local)=48.4, data_wait=5.5%, compute=94.2%, non_finite_skips(local)=0
[MEM] epoch=116 RAM(before/after)=1412.6/1411.5MB | GPU mem: gpu0 alloc=24.8MB resv=7092.0MB peak=5388.2MB
Epoch 116: train_loss=0.018170, val_loss=0.018489, lr=0.00100000

Epoch 117/200

train:   0%|          | 0/4 [00:00<?, ?it/s]
train:   0%|          | 0/4 [00:00<?, ?it/s, loss=0.0163]
train:  25%|██▌       | 1/4 [00:00<00:00,  6.23it/s, loss=0.0163]
train:  25%|██▌       | 1/4 [00:00<00:00,  6.23it/s, loss=0.0092]
train:  50%|█████     | 2/4 [00:00<00:00,  6.28it/s, loss=0.0092]
train:  50%|█████     | 2/4 [00:00<00:00,  6.28it/s, loss=0.0382]
train:  75%|███████▌  | 3/4 [00:00<00:00,  6.31it/s, loss=0.0382]
train:  75%|███████▌  | 3/4 [00:00<00:00,  6.31it/s, loss=0.0098]
train: 100%|██████████| 4/4 [00:00<00:00,  6.31it/s, loss=0.0098]
                                                                 
[PERF][train] samples(local/global)=8/8, batches(local/global)=4/4, samples/s(local/global)=12.6/12.6, ms/batch(local)=159.0, data_wait=1.9%, compute=97.9%, non_finite_skips(local)=0

val:   0%|          | 0/4 [00:00<?, ?it/s]
val:   0%|          | 0/4 [00:00<?, ?it/s, loss=0.0177]
val:   0%|          | 0/4 [00:00<?, ?it/s, loss=0.0141]
val:   0%|          | 0/4 [00:00<?, ?it/s, loss=0.0165]
val:  75%|███████▌  | 3/4 [00:00<00:00, 20.83it/s, loss=0.0165]
val:  75%|███████▌  | 3/4 [00:00<00:00, 20.83it/s, loss=0.0252]
                                                               
[PERF][val] samples(local/global)=8/8, batches(local/global)=4/4, samples/s(local/global)=41.6/41.6, ms/batch(local)=48.1, data_wait=5.2%, compute=94.4%, non_finite_skips(local)=0
[MEM] epoch=117 RAM(before/after)=1411.5/1412.6MB | GPU mem: gpu0 alloc=24.8MB resv=7092.0MB peak=5388.2MB
Epoch 117: train_loss=0.018381, val_loss=0.018371, lr=0.00100000

Epoch 118/200

train:   0%|          | 0/4 [00:00<?, ?it/s]
train:   0%|          | 0/4 [00:00<?, ?it/s, loss=0.0161]
train:  25%|██▌       | 1/4 [00:00<00:00,  6.29it/s, loss=0.0161]
train:  25%|██▌       | 1/4 [00:00<00:00,  6.29it/s, loss=0.0098]
train:  50%|█████     | 2/4 [00:00<00:00,  6.30it/s, loss=0.0098]
train:  50%|█████     | 2/4 [00:00<00:00,  6.30it/s, loss=0.0378]
train:  75%|███████▌  | 3/4 [00:00<00:00,  6.33it/s, loss=0.0378]
train:  75%|███████▌  | 3/4 [00:00<00:00,  6.33it/s, loss=0.0087]
train: 100%|██████████| 4/4 [00:00<00:00,  6.34it/s, loss=0.0087]
                                                                 
[PERF][train] samples(local/global)=8/8, batches(local/global)=4/4, samples/s(local/global)=12.6/12.6, ms/batch(local)=158.1, data_wait=1.9%, compute=97.9%, non_finite_skips(local)=0

val:   0%|          | 0/4 [00:00<?, ?it/s]
val:   0%|          | 0/4 [00:00<?, ?it/s, loss=0.0177]
val:   0%|          | 0/4 [00:00<?, ?it/s, loss=0.0141]
val:   0%|          | 0/4 [00:00<?, ?it/s, loss=0.0162]
val:  75%|███████▌  | 3/4 [00:00<00:00, 20.67it/s, loss=0.0162]
val:  75%|███████▌  | 3/4 [00:00<00:00, 20.67it/s, loss=0.0251]
                                                               
[PERF][val] samples(local/global)=8/8, batches(local/global)=4/4, samples/s(local/global)=41.3/41.3, ms/batch(local)=48.5, data_wait=5.7%, compute=94.0%, non_finite_skips(local)=0
[MEM] epoch=118 RAM(before/after)=1412.6/1413.8MB | GPU mem: gpu0 alloc=24.8MB resv=7092.0MB peak=5388.2MB
Epoch 118: train_loss=0.018087, val_loss=0.018282, lr=0.00100000

Epoch 119/200

train:   0%|          | 0/4 [00:00<?, ?it/s]
train:   0%|          | 0/4 [00:00<?, ?it/s, loss=0.0080]
train:  25%|██▌       | 1/4 [00:00<00:00,  6.18it/s, loss=0.0080]
train:  25%|██▌       | 1/4 [00:00<00:00,  6.18it/s, loss=0.0302]
train:  50%|█████     | 2/4 [00:00<00:00,  6.25it/s, loss=0.0302]
train:  50%|█████     | 2/4 [00:00<00:00,  6.25it/s, loss=0.0171]
train:  75%|███████▌  | 3/4 [00:00<00:00,  6.30it/s, loss=0.0171]
train:  75%|███████▌  | 3/4 [00:00<00:00,  6.30it/s, loss=0.0167]
train: 100%|██████████| 4/4 [00:00<00:00,  6.30it/s, loss=0.0167]
                                                                 
[PERF][train] samples(local/global)=8/8, batches(local/global)=4/4, samples/s(local/global)=12.6/12.6, ms/batch(local)=159.2, data_wait=2.1%, compute=97.7%, non_finite_skips(local)=0

val:   0%|          | 0/4 [00:00<?, ?it/s]
val:   0%|          | 0/4 [00:00<?, ?it/s, loss=0.0175]
val:   0%|          | 0/4 [00:00<?, ?it/s, loss=0.0141]
val:   0%|          | 0/4 [00:00<?, ?it/s, loss=0.0162]
val:  75%|███████▌  | 3/4 [00:00<00:00, 20.61it/s, loss=0.0162]
val:  75%|███████▌  | 3/4 [00:00<00:00, 20.61it/s, loss=0.0246]
                                                               
[PERF][val] samples(local/global)=8/8, batches(local/global)=4/4, samples/s(local/global)=41.3/41.3, ms/batch(local)=48.5, data_wait=5.5%, compute=94.3%, non_finite_skips(local)=0
[MEM] epoch=119 RAM(before/after)=1413.8/1413.8MB | GPU mem: gpu0 alloc=24.8MB resv=7092.0MB peak=5388.2MB
Epoch 119: train_loss=0.018008, val_loss=0.018097, lr=0.00100000
Updated best model: /home/nis/jinrui.yang/EaBNet_light/logs_cbam_flat_projection64/overfit8_lr1e3_20260924_161645/best/best_model.pt (val_loss=0.018097)

Epoch 120/200

train:   0%|          | 0/4 [00:00<?, ?it/s]
train:   0%|          | 0/4 [00:00<?, ?it/s, loss=0.0139]
train:  25%|██▌       | 1/4 [00:00<00:00,  6.29it/s, loss=0.0139]
train:  25%|██▌       | 1/4 [00:00<00:00,  6.29it/s, loss=0.0251]
train:  50%|█████     | 2/4 [00:00<00:00,  6.30it/s, loss=0.0251]
train:  50%|█████     | 2/4 [00:00<00:00,  6.30it/s, loss=0.0167]
train:  75%|███████▌  | 3/4 [00:00<00:00,  6.33it/s, loss=0.0167]
train:  75%|███████▌  | 3/4 [00:00<00:00,  6.33it/s, loss=0.0160]
train: 100%|██████████| 4/4 [00:00<00:00,  6.35it/s, loss=0.0160]
                                                                 
[PERF][train] samples(local/global)=8/8, batches(local/global)=4/4, samples/s(local/global)=12.7/12.7, ms/batch(local)=158.0, data_wait=1.8%, compute=98.1%, non_finite_skips(local)=0

val:   0%|          | 0/4 [00:00<?, ?it/s]
val:   0%|          | 0/4 [00:00<?, ?it/s, loss=0.0176]
val:   0%|          | 0/4 [00:00<?, ?it/s, loss=0.0142]
val:   0%|          | 0/4 [00:00<?, ?it/s, loss=0.0162]
val:  75%|███████▌  | 3/4 [00:00<00:00, 20.72it/s, loss=0.0162]
val:  75%|███████▌  | 3/4 [00:00<00:00, 20.72it/s, loss=0.0246]
                                                               
[PERF][val] samples(local/global)=8/8, batches(local/global)=4/4, samples/s(local/global)=41.4/41.4, ms/batch(local)=48.4, data_wait=5.4%, compute=94.3%, non_finite_skips(local)=0
[MEM] epoch=120 RAM(before/after)=1413.8/1412.6MB | GPU mem: gpu0 alloc=24.8MB resv=7092.0MB peak=5388.2MB
Epoch 120: train_loss=0.017895, val_loss=0.018160, lr=0.00100000

Epoch 121/200

train:   0%|          | 0/4 [00:00<?, ?it/s]
train:   0%|          | 0/4 [00:00<?, ?it/s, loss=0.0217]
train:  25%|██▌       | 1/4 [00:00<00:00,  6.26it/s, loss=0.0217]
train:  25%|██▌       | 1/4 [00:00<00:00,  6.26it/s, loss=0.0174]
train:  50%|█████     | 2/4 [00:00<00:00,  6.29it/s, loss=0.0174]
train:  50%|█████     | 2/4 [00:00<00:00,  6.29it/s, loss=0.0074]
train:  75%|███████▌  | 3/4 [00:00<00:00,  6.31it/s, loss=0.0074]
train:  75%|███████▌  | 3/4 [00:00<00:00,  6.31it/s, loss=0.0247]
train: 100%|██████████| 4/4 [00:00<00:00,  6.32it/s, loss=0.0247]
                                                                 
[PERF][train] samples(local/global)=8/8, batches(local/global)=4/4, samples/s(local/global)=12.6/12.6, ms/batch(local)=158.6, data_wait=2.0%, compute=97.9%, non_finite_skips(local)=0

val:   0%|          | 0/4 [00:00<?, ?it/s]
val:   0%|          | 0/4 [00:00<?, ?it/s, loss=0.0175]
val:   0%|          | 0/4 [00:00<?, ?it/s, loss=0.0139]
val:   0%|          | 0/4 [00:00<?, ?it/s, loss=0.0161]
val:  75%|███████▌  | 3/4 [00:00<00:00, 20.73it/s, loss=0.0161]
val:  75%|███████▌  | 3/4 [00:00<00:00, 20.73it/s, loss=0.0244]
                                                               
[PERF][val] samples(local/global)=8/8, batches(local/global)=4/4, samples/s(local/global)=41.3/41.3, ms/batch(local)=48.4, data_wait=5.2%, compute=94.5%, non_finite_skips(local)=0
[MEM] epoch=121 RAM(before/after)=1412.6/1412.6MB | GPU mem: gpu0 alloc=24.8MB resv=7092.0MB peak=5388.2MB
Epoch 121: train_loss=0.017803, val_loss=0.017986, lr=0.00100000
Updated best model: /home/nis/jinrui.yang/EaBNet_light/logs_cbam_flat_projection64/overfit8_lr1e3_20260924_161645/best/best_model.pt (val_loss=0.017986)

Epoch 122/200

train:   0%|          | 0/4 [00:00<?, ?it/s]
train:   0%|          | 0/4 [00:00<?, ?it/s, loss=0.0173]
train:  25%|██▌       | 1/4 [00:00<00:00,  6.06it/s, loss=0.0173]
train:  25%|██▌       | 1/4 [00:00<00:00,  6.06it/s, loss=0.0331]
train:  50%|█████     | 2/4 [00:00<00:00,  6.20it/s, loss=0.0331]
train:  50%|█████     | 2/4 [00:00<00:00,  6.20it/s, loss=0.0126]
train:  75%|███████▌  | 3/4 [00:00<00:00,  6.26it/s, loss=0.0126]
train:  75%|███████▌  | 3/4 [00:00<00:00,  6.26it/s, loss=0.0085]
train: 100%|██████████| 4/4 [00:00<00:00,  6.30it/s, loss=0.0085]
                                                                 
[PERF][train] samples(local/global)=8/8, batches(local/global)=4/4, samples/s(local/global)=12.5/12.5, ms/batch(local)=159.8, data_wait=2.6%, compute=97.3%, non_finite_skips(local)=0

val:   0%|          | 0/4 [00:00<?, ?it/s]
val:   0%|          | 0/4 [00:00<?, ?it/s, loss=0.0174]
val:   0%|          | 0/4 [00:00<?, ?it/s, loss=0.0137]
val:   0%|          | 0/4 [00:00<?, ?it/s, loss=0.0160]
val:  75%|███████▌  | 3/4 [00:00<00:00, 20.67it/s, loss=0.0160]
val:  75%|███████▌  | 3/4 [00:00<00:00, 20.67it/s, loss=0.0243]
                                                               
[PERF][val] samples(local/global)=8/8, batches(local/global)=4/4, samples/s(local/global)=41.3/41.3, ms/batch(local)=48.4, data_wait=5.6%, compute=94.1%, non_finite_skips(local)=0
[MEM] epoch=122 RAM(before/after)=1412.6/1412.6MB | GPU mem: gpu0 alloc=24.8MB resv=7092.0MB peak=5388.2MB
Epoch 122: train_loss=0.017861, val_loss=0.017861, lr=0.00100000
Updated best model: /home/nis/jinrui.yang/EaBNet_light/logs_cbam_flat_projection64/overfit8_lr1e3_20260924_161645/best/best_model.pt (val_loss=0.017861)

Epoch 123/200

train:   0%|          | 0/4 [00:00<?, ?it/s]
train:   0%|          | 0/4 [00:00<?, ?it/s, loss=0.0252]
train:  25%|██▌       | 1/4 [00:00<00:00,  5.98it/s, loss=0.0252]
train:  25%|██▌       | 1/4 [00:00<00:00,  5.98it/s, loss=0.0290]
train:  50%|█████     | 2/4 [00:00<00:00,  6.17it/s, loss=0.0290]
train:  50%|█████     | 2/4 [00:00<00:00,  6.17it/s, loss=0.0042]
train:  75%|███████▌  | 3/4 [00:00<00:00,  6.26it/s, loss=0.0042]
train:  75%|███████▌  | 3/4 [00:00<00:00,  6.26it/s, loss=0.0125]
train: 100%|██████████| 4/4 [00:00<00:00,  6.30it/s, loss=0.0125]
                                                                 
[PERF][train] samples(local/global)=8/8, batches(local/global)=4/4, samples/s(local/global)=12.5/12.5, ms/batch(local)=160.1, data_wait=3.0%, compute=96.9%, non_finite_skips(local)=0

val:   0%|          | 0/4 [00:00<?, ?it/s]
val:   0%|          | 0/4 [00:00<?, ?it/s, loss=0.0174]
val:   0%|          | 0/4 [00:00<?, ?it/s, loss=0.0138]
val:   0%|          | 0/4 [00:00<?, ?it/s, loss=0.0161]
val:  75%|███████▌  | 3/4 [00:00<00:00, 20.80it/s, loss=0.0161]
val:  75%|███████▌  | 3/4 [00:00<00:00, 20.80it/s, loss=0.0248]
                                                               
[PERF][val] samples(local/global)=8/8, batches(local/global)=4/4, samples/s(local/global)=41.5/41.5, ms/batch(local)=48.2, data_wait=5.6%, compute=94.1%, non_finite_skips(local)=0
[MEM] epoch=123 RAM(before/after)=1412.6/1413.8MB | GPU mem: gpu0 alloc=24.8MB resv=7092.0MB peak=5388.2MB
Epoch 123: train_loss=0.017722, val_loss=0.018042, lr=0.00100000

Epoch 124/200

train:   0%|          | 0/4 [00:00<?, ?it/s]
train:   0%|          | 0/4 [00:00<?, ?it/s, loss=0.0137]
train:  25%|██▌       | 1/4 [00:00<00:00,  6.13it/s, loss=0.0137]
train:  25%|██▌       | 1/4 [00:00<00:00,  6.13it/s, loss=0.0375]
train:  50%|█████     | 2/4 [00:00<00:00,  6.26it/s, loss=0.0375]
train:  50%|█████     | 2/4 [00:00<00:00,  6.26it/s, loss=0.0072]
train:  75%|███████▌  | 3/4 [00:00<00:00,  6.30it/s, loss=0.0072]
train:  75%|███████▌  | 3/4 [00:00<00:00,  6.30it/s, loss=0.0127]
train: 100%|██████████| 4/4 [00:00<00:00,  6.32it/s, loss=0.0127]
                                                                 
[PERF][train] samples(local/global)=8/8, batches(local/global)=4/4, samples/s(local/global)=12.6/12.6, ms/batch(local)=159.0, data_wait=2.4%, compute=97.4%, non_finite_skips(local)=0

val:   0%|          | 0/4 [00:00<?, ?it/s]
val:   0%|          | 0/4 [00:00<?, ?it/s, loss=0.0174]
val:   0%|          | 0/4 [00:00<?, ?it/s, loss=0.0139]
val:   0%|          | 0/4 [00:00<?, ?it/s, loss=0.0159]
val:  75%|███████▌  | 3/4 [00:00<00:00, 20.67it/s, loss=0.0159]
val:  75%|███████▌  | 3/4 [00:00<00:00, 20.67it/s, loss=0.0246]
                                                               
[PERF][val] samples(local/global)=8/8, batches(local/global)=4/4, samples/s(local/global)=41.3/41.3, ms/batch(local)=48.4, data_wait=5.5%, compute=94.2%, non_finite_skips(local)=0
[MEM] epoch=124 RAM(before/after)=1413.8/1413.8MB | GPU mem: gpu0 alloc=24.8MB resv=7092.0MB peak=5388.2MB
Epoch 124: train_loss=0.017767, val_loss=0.017937, lr=0.00100000

Epoch 125/200

train:   0%|          | 0/4 [00:00<?, ?it/s]
train:   0%|          | 0/4 [00:00<?, ?it/s, loss=0.0125]
train:  25%|██▌       | 1/4 [00:00<00:00,  5.79it/s, loss=0.0125]
train:  25%|██▌       | 1/4 [00:00<00:00,  5.79it/s, loss=0.0072]
train:  50%|█████     | 2/4 [00:00<00:00,  6.07it/s, loss=0.0072]
train:  50%|█████     | 2/4 [00:00<00:00,  6.07it/s, loss=0.0137]
train:  75%|███████▌  | 3/4 [00:00<00:00,  6.20it/s, loss=0.0137]
train:  75%|███████▌  | 3/4 [00:00<00:00,  6.20it/s, loss=0.0373]
train: 100%|██████████| 4/4 [00:00<00:00,  6.26it/s, loss=0.0373]
                                                                 
[PERF][train] samples(local/global)=8/8, batches(local/global)=4/4, samples/s(local/global)=12.4/12.4, ms/batch(local)=161.7, data_wait=1.8%, compute=98.0%, non_finite_skips(local)=0

val:   0%|          | 0/4 [00:00<?, ?it/s]
val:   0%|          | 0/4 [00:00<?, ?it/s, loss=0.0174]
val:   0%|          | 0/4 [00:00<?, ?it/s, loss=0.0139]
val:   0%|          | 0/4 [00:00<?, ?it/s, loss=0.0161]
val:  75%|███████▌  | 3/4 [00:00<00:00, 20.80it/s, loss=0.0161]
val:  75%|███████▌  | 3/4 [00:00<00:00, 20.80it/s, loss=0.0243]
                                                               
[PERF][val] samples(local/global)=8/8, batches(local/global)=4/4, samples/s(local/global)=41.4/41.4, ms/batch(local)=48.3, data_wait=5.2%, compute=94.5%, non_finite_skips(local)=0
[MEM] epoch=125 RAM(before/after)=1413.8/1412.6MB | GPU mem: gpu0 alloc=24.8MB resv=7092.0MB peak=5388.2MB
Epoch 125: train_loss=0.017672, val_loss=0.017941, lr=0.00100000

Epoch 126/200

train:   0%|          | 0/4 [00:00<?, ?it/s]
train:   0%|          | 0/4 [00:00<?, ?it/s, loss=0.0291]
train:  25%|██▌       | 1/4 [00:00<00:00,  6.18it/s, loss=0.0291]
train:  25%|██▌       | 1/4 [00:00<00:00,  6.18it/s, loss=0.0122]
train:  50%|█████     | 2/4 [00:00<00:00,  6.28it/s, loss=0.0122]
train:  50%|█████     | 2/4 [00:00<00:00,  6.28it/s, loss=0.0256]
train:  75%|███████▌  | 3/4 [00:00<00:00,  6.31it/s, loss=0.0256]
train:  75%|███████▌  | 3/4 [00:00<00:00,  6.31it/s, loss=0.0042]
train: 100%|██████████| 4/4 [00:00<00:00,  6.30it/s, loss=0.0042]
                                                                 
[PERF][train] samples(local/global)=8/8, batches(local/global)=4/4, samples/s(local/global)=12.6/12.6, ms/batch(local)=159.1, data_wait=2.4%, compute=97.5%, non_finite_skips(local)=0

val:   0%|          | 0/4 [00:00<?, ?it/s]
val:   0%|          | 0/4 [00:00<?, ?it/s, loss=0.0175]
val:   0%|          | 0/4 [00:00<?, ?it/s, loss=0.0139]
val:   0%|          | 0/4 [00:00<?, ?it/s, loss=0.0161]
val:  75%|███████▌  | 3/4 [00:00<00:00, 20.77it/s, loss=0.0161]
val:  75%|███████▌  | 3/4 [00:00<00:00, 20.77it/s, loss=0.0244]
                                                               
[PERF][val] samples(local/global)=8/8, batches(local/global)=4/4, samples/s(local/global)=41.4/41.4, ms/batch(local)=48.4, data_wait=5.3%, compute=94.4%, non_finite_skips(local)=0
[MEM] epoch=126 RAM(before/after)=1412.6/1412.6MB | GPU mem: gpu0 alloc=24.8MB resv=7092.0MB peak=5388.2MB
Epoch 126: train_loss=0.017776, val_loss=0.017957, lr=0.00100000

Epoch 127/200

train:   0%|          | 0/4 [00:00<?, ?it/s]
train:   0%|          | 0/4 [00:00<?, ?it/s, loss=0.0126]
train:  25%|██▌       | 1/4 [00:00<00:00,  6.32it/s, loss=0.0126]
train:  25%|██▌       | 1/4 [00:00<00:00,  6.32it/s, loss=0.0216]
train:  50%|█████     | 2/4 [00:00<00:00,  6.32it/s, loss=0.0216]
train:  50%|█████     | 2/4 [00:00<00:00,  6.32it/s, loss=0.0073]
train:  75%|███████▌  | 3/4 [00:00<00:00,  6.34it/s, loss=0.0073]
train:  75%|███████▌  | 3/4 [00:00<00:00,  6.34it/s, loss=0.0297]
train: 100%|██████████| 4/4 [00:00<00:00,  6.33it/s, loss=0.0297]
                                                                 
[PERF][train] samples(local/global)=8/8, batches(local/global)=4/4, samples/s(local/global)=12.7/12.7, ms/batch(local)=158.1, data_wait=1.8%, compute=98.0%, non_finite_skips(local)=0

val:   0%|          | 0/4 [00:00<?, ?it/s]
val:   0%|          | 0/4 [00:00<?, ?it/s, loss=0.0177]
val:   0%|          | 0/4 [00:00<?, ?it/s, loss=0.0138]
val:   0%|          | 0/4 [00:00<?, ?it/s, loss=0.0162]
val:  75%|███████▌  | 3/4 [00:00<00:00, 20.68it/s, loss=0.0162]
val:  75%|███████▌  | 3/4 [00:00<00:00, 20.68it/s, loss=0.0244]
                                                               
[PERF][val] samples(local/global)=8/8, batches(local/global)=4/4, samples/s(local/global)=41.1/41.1, ms/batch(local)=48.7, data_wait=5.7%, compute=93.9%, non_finite_skips(local)=0
[MEM] epoch=127 RAM(before/after)=1412.6/1412.6MB | GPU mem: gpu0 alloc=24.8MB resv=7092.0MB peak=5388.2MB
Epoch 127: train_loss=0.017806, val_loss=0.018034, lr=0.00100000

Epoch 128/200

train:   0%|          | 0/4 [00:00<?, ?it/s]
train:   0%|          | 0/4 [00:00<?, ?it/s, loss=0.0372]
train:  25%|██▌       | 1/4 [00:00<00:00,  6.23it/s, loss=0.0372]
train:  25%|██▌       | 1/4 [00:00<00:00,  6.23it/s, loss=0.0128]
train:  50%|█████     | 2/4 [00:00<00:00,  6.25it/s, loss=0.0128]
train:  50%|█████     | 2/4 [00:00<00:00,  6.25it/s, loss=0.0137]
train:  75%|███████▌  | 3/4 [00:00<00:00,  6.29it/s, loss=0.0137]
train:  75%|███████▌  | 3/4 [00:00<00:00,  6.29it/s, loss=0.0073]
train: 100%|██████████| 4/4 [00:00<00:00,  6.28it/s, loss=0.0073]
                                                                 
[PERF][train] samples(local/global)=8/8, batches(local/global)=4/4, samples/s(local/global)=12.5/12.5, ms/batch(local)=159.5, data_wait=2.0%, compute=97.8%, non_finite_skips(local)=0

val:   0%|          | 0/4 [00:00<?, ?it/s]
val:   0%|          | 0/4 [00:00<?, ?it/s, loss=0.0176]
val:   0%|          | 0/4 [00:00<?, ?it/s, loss=0.0140]
val:   0%|          | 0/4 [00:00<?, ?it/s, loss=0.0163]
val:  75%|███████▌  | 3/4 [00:00<00:00, 20.57it/s, loss=0.0163]
val:  75%|███████▌  | 3/4 [00:00<00:00, 20.57it/s, loss=0.0250]
                                                               
[PERF][val] samples(local/global)=8/8, batches(local/global)=4/4, samples/s(local/global)=41.1/41.1, ms/batch(local)=48.7, data_wait=5.6%, compute=94.2%, non_finite_skips(local)=0
[MEM] epoch=128 RAM(before/after)=1412.6/1412.6MB | GPU mem: gpu0 alloc=24.8MB resv=7092.0MB peak=5388.2MB
Epoch 128: train_loss=0.017734, val_loss=0.018229, lr=0.00100000

Epoch 129/200

train:   0%|          | 0/4 [00:00<?, ?it/s]
train:   0%|          | 0/4 [00:00<?, ?it/s, loss=0.0085]
train:  25%|██▌       | 1/4 [00:00<00:00,  6.22it/s, loss=0.0085]
train:  25%|██▌       | 1/4 [00:00<00:00,  6.22it/s, loss=0.0224]
train:  50%|█████     | 2/4 [00:00<00:00,  6.25it/s, loss=0.0224]
train:  50%|█████     | 2/4 [00:00<00:00,  6.25it/s, loss=0.0080]
train:  75%|███████▌  | 3/4 [00:00<00:00,  6.27it/s, loss=0.0080]
train:  75%|███████▌  | 3/4 [00:00<00:00,  6.27it/s, loss=0.0334]
train: 100%|██████████| 4/4 [00:00<00:00,  6.30it/s, loss=0.0334]
                                                                 
[PERF][train] samples(local/global)=8/8, batches(local/global)=4/4, samples/s(local/global)=12.6/12.6, ms/batch(local)=159.3, data_wait=2.0%, compute=97.8%, non_finite_skips(local)=0

val:   0%|          | 0/4 [00:00<?, ?it/s]
val:   0%|          | 0/4 [00:00<?, ?it/s, loss=0.0175]
val:   0%|          | 0/4 [00:00<?, ?it/s, loss=0.0137]
val:   0%|          | 0/4 [00:00<?, ?it/s, loss=0.0160]
val:  75%|███████▌  | 3/4 [00:00<00:00, 20.63it/s, loss=0.0160]
val:  75%|███████▌  | 3/4 [00:00<00:00, 20.63it/s, loss=0.0248]
                                                               
[PERF][val] samples(local/global)=8/8, batches(local/global)=4/4, samples/s(local/global)=41.3/41.3, ms/batch(local)=48.4, data_wait=5.4%, compute=94.4%, non_finite_skips(local)=0
[MEM] epoch=129 RAM(before/after)=1412.6/1411.5MB | GPU mem: gpu0 alloc=24.8MB resv=7092.0MB peak=5388.2MB
Epoch 129: train_loss=0.018043, val_loss=0.018001, lr=0.00100000

Epoch 130/200

train:   0%|          | 0/4 [00:00<?, ?it/s]
train:   0%|          | 0/4 [00:00<?, ?it/s, loss=0.0125]
train:  25%|██▌       | 1/4 [00:00<00:00,  6.15it/s, loss=0.0125]
train:  25%|██▌       | 1/4 [00:00<00:00,  6.15it/s, loss=0.0091]
train:  50%|█████     | 2/4 [00:00<00:00,  6.24it/s, loss=0.0091]
train:  50%|█████     | 2/4 [00:00<00:00,  6.24it/s, loss=0.0166]
train:  75%|███████▌  | 3/4 [00:00<00:00,  6.29it/s, loss=0.0166]
train:  75%|███████▌  | 3/4 [00:00<00:00,  6.29it/s, loss=0.0326]
train: 100%|██████████| 4/4 [00:00<00:00,  6.30it/s, loss=0.0326]
                                                                 
[PERF][train] samples(local/global)=8/8, batches(local/global)=4/4, samples/s(local/global)=12.5/12.5, ms/batch(local)=159.4, data_wait=2.3%, compute=97.5%, non_finite_skips(local)=0

val:   0%|          | 0/4 [00:00<?, ?it/s]
val:   0%|          | 0/4 [00:00<?, ?it/s, loss=0.0176]
val:   0%|          | 0/4 [00:00<?, ?it/s, loss=0.0140]
val:   0%|          | 0/4 [00:00<?, ?it/s, loss=0.0161]
val:  75%|███████▌  | 3/4 [00:00<00:00, 20.70it/s, loss=0.0161]
val:  75%|███████▌  | 3/4 [00:00<00:00, 20.70it/s, loss=0.0246]
                                                               
[PERF][val] samples(local/global)=8/8, batches(local/global)=4/4, samples/s(local/global)=41.3/41.3, ms/batch(local)=48.4, data_wait=5.3%, compute=94.2%, non_finite_skips(local)=0
[MEM] epoch=130 RAM(before/after)=1411.5/1412.6MB | GPU mem: gpu0 alloc=24.8MB resv=7092.0MB peak=5388.2MB
Epoch 130: train_loss=0.017684, val_loss=0.018051, lr=0.00100000

Epoch 131/200

train:   0%|          | 0/4 [00:00<?, ?it/s]
train:   0%|          | 0/4 [00:00<?, ?it/s, loss=0.0239]
train:  25%|██▌       | 1/4 [00:00<00:00,  6.16it/s, loss=0.0239]
train:  25%|██▌       | 1/4 [00:00<00:00,  6.16it/s, loss=0.0173]
train:  50%|█████     | 2/4 [00:00<00:00,  6.26it/s, loss=0.0173]
train:  50%|█████     | 2/4 [00:00<00:00,  6.26it/s, loss=0.0174]
train:  75%|███████▌  | 3/4 [00:00<00:00,  6.29it/s, loss=0.0174]
train:  75%|███████▌  | 3/4 [00:00<00:00,  6.29it/s, loss=0.0124]
train: 100%|██████████| 4/4 [00:00<00:00,  6.30it/s, loss=0.0124]
                                                                 
[PERF][train] samples(local/global)=8/8, batches(local/global)=4/4, samples/s(local/global)=12.6/12.6, ms/batch(local)=159.3, data_wait=2.3%, compute=97.6%, non_finite_skips(local)=0

val:   0%|          | 0/4 [00:00<?, ?it/s]
val:   0%|          | 0/4 [00:00<?, ?it/s, loss=0.0174]
val:   0%|          | 0/4 [00:00<?, ?it/s, loss=0.0138]
val:   0%|          | 0/4 [00:00<?, ?it/s, loss=0.0159]
val:  75%|███████▌  | 3/4 [00:00<00:00, 20.80it/s, loss=0.0159]
val:  75%|███████▌  | 3/4 [00:00<00:00, 20.80it/s, loss=0.0248]
                                                               
[PERF][val] samples(local/global)=8/8, batches(local/global)=4/4, samples/s(local/global)=41.4/41.4, ms/batch(local)=48.3, data_wait=5.4%, compute=94.2%, non_finite_skips(local)=0
[MEM] epoch=131 RAM(before/after)=1412.6/1412.6MB | GPU mem: gpu0 alloc=24.8MB resv=7092.0MB peak=5388.2MB
Epoch 131: train_loss=0.017730, val_loss=0.017982, lr=0.00100000

Epoch 132/200

train:   0%|          | 0/4 [00:00<?, ?it/s]
train:   0%|          | 0/4 [00:00<?, ?it/s, loss=0.0135]
train:  25%|██▌       | 1/4 [00:00<00:00,  6.17it/s, loss=0.0135]
train:  25%|██▌       | 1/4 [00:00<00:00,  6.17it/s, loss=0.0205]
train:  50%|█████     | 2/4 [00:00<00:00,  6.22it/s, loss=0.0205]
train:  50%|█████     | 2/4 [00:00<00:00,  6.22it/s, loss=0.0337]
train:  75%|███████▌  | 3/4 [00:00<00:00,  6.29it/s, loss=0.0337]
train:  75%|███████▌  | 3/4 [00:00<00:00,  6.29it/s, loss=0.0043]
train: 100%|██████████| 4/4 [00:00<00:00,  6.32it/s, loss=0.0043]
                                                                 
[PERF][train] samples(local/global)=8/8, batches(local/global)=4/4, samples/s(local/global)=12.6/12.6, ms/batch(local)=159.2, data_wait=2.2%, compute=97.7%, non_finite_skips(local)=0

val:   0%|          | 0/4 [00:00<?, ?it/s]
val:   0%|          | 0/4 [00:00<?, ?it/s, loss=0.0178]
val:   0%|          | 0/4 [00:00<?, ?it/s, loss=0.0145]
val:   0%|          | 0/4 [00:00<?, ?it/s, loss=0.0162]
val:  75%|███████▌  | 3/4 [00:00<00:00, 20.77it/s, loss=0.0162]
val:  75%|███████▌  | 3/4 [00:00<00:00, 20.77it/s, loss=0.0246]
                                                               
[PERF][val] samples(local/global)=8/8, batches(local/global)=4/4, samples/s(local/global)=41.3/41.3, ms/batch(local)=48.4, data_wait=5.3%, compute=94.4%, non_finite_skips(local)=0
[MEM] epoch=132 RAM(before/after)=1412.6/1412.6MB | GPU mem: gpu0 alloc=24.8MB resv=7092.0MB peak=5388.2MB
Epoch 132: train_loss=0.017996, val_loss=0.018270, lr=0.00100000

Epoch 133/200

train:   0%|          | 0/4 [00:00<?, ?it/s]
train:   0%|          | 0/4 [00:00<?, ?it/s, loss=0.0297]
train:  25%|██▌       | 1/4 [00:00<00:00,  6.15it/s, loss=0.0297]
train:  25%|██▌       | 1/4 [00:00<00:00,  6.15it/s, loss=0.0170]
train:  50%|█████     | 2/4 [00:00<00:00,  6.22it/s, loss=0.0170]
train:  50%|█████     | 2/4 [00:00<00:00,  6.22it/s, loss=0.0081]
train:  75%|███████▌  | 3/4 [00:00<00:00,  6.28it/s, loss=0.0081]
train:  75%|███████▌  | 3/4 [00:00<00:00,  6.28it/s, loss=0.0171]
train: 100%|██████████| 4/4 [00:00<00:00,  6.30it/s, loss=0.0171]
                                                                 
[PERF][train] samples(local/global)=8/8, batches(local/global)=4/4, samples/s(local/global)=12.5/12.5, ms/batch(local)=159.6, data_wait=2.4%, compute=97.4%, non_finite_skips(local)=0

val:   0%|          | 0/4 [00:00<?, ?it/s]
val:   0%|          | 0/4 [00:00<?, ?it/s, loss=0.0174]
val:   0%|          | 0/4 [00:00<?, ?it/s, loss=0.0138]
val:   0%|          | 0/4 [00:00<?, ?it/s, loss=0.0160]
val:  75%|███████▌  | 3/4 [00:00<00:00, 20.74it/s, loss=0.0160]
val:  75%|███████▌  | 3/4 [00:00<00:00, 20.74it/s, loss=0.0248]
                                                               
[PERF][val] samples(local/global)=8/8, batches(local/global)=4/4, samples/s(local/global)=41.2/41.2, ms/batch(local)=48.5, data_wait=5.6%, compute=94.2%, non_finite_skips(local)=0
[MEM] epoch=133 RAM(before/after)=1412.6/1413.8MB | GPU mem: gpu0 alloc=24.8MB resv=7092.0MB peak=5388.2MB
Epoch 133: train_loss=0.017954, val_loss=0.018005, lr=0.00100000

Epoch 134/200

train:   0%|          | 0/4 [00:00<?, ?it/s]
train:   0%|          | 0/4 [00:00<?, ?it/s, loss=0.0167]
train:  25%|██▌       | 1/4 [00:00<00:00,  6.14it/s, loss=0.0167]
train:  25%|██▌       | 1/4 [00:00<00:00,  6.14it/s, loss=0.0042]
train:  50%|█████     | 2/4 [00:00<00:00,  6.25it/s, loss=0.0042]
train:  50%|█████     | 2/4 [00:00<00:00,  6.25it/s, loss=0.0295]
train:  75%|███████▌  | 3/4 [00:00<00:00,  6.30it/s, loss=0.0295]
train:  75%|███████▌  | 3/4 [00:00<00:00,  6.30it/s, loss=0.0204]
train: 100%|██████████| 4/4 [00:00<00:00,  6.32it/s, loss=0.0204]
                                                                 
[PERF][train] samples(local/global)=8/8, batches(local/global)=4/4, samples/s(local/global)=12.6/12.6, ms/batch(local)=159.0, data_wait=2.4%, compute=97.5%, non_finite_skips(local)=0

val:   0%|          | 0/4 [00:00<?, ?it/s]
val:   0%|          | 0/4 [00:00<?, ?it/s, loss=0.0175]
val:   0%|          | 0/4 [00:00<?, ?it/s, loss=0.0139]
val:   0%|          | 0/4 [00:00<?, ?it/s, loss=0.0168]
val:  75%|███████▌  | 3/4 [00:00<00:00, 20.82it/s, loss=0.0168]
val:  75%|███████▌  | 3/4 [00:00<00:00, 20.82it/s, loss=0.0241]
                                                               
[PERF][val] samples(local/global)=8/8, batches(local/global)=4/4, samples/s(local/global)=41.5/41.5, ms/batch(local)=48.2, data_wait=5.1%, compute=94.6%, non_finite_skips(local)=0
[MEM] epoch=134 RAM(before/after)=1413.8/1413.8MB | GPU mem: gpu0 alloc=24.8MB resv=7092.0MB peak=5388.2MB
Epoch 134: train_loss=0.017711, val_loss=0.018069, lr=0.00100000

Epoch 135/200

train:   0%|          | 0/4 [00:00<?, ?it/s]
train:   0%|          | 0/4 [00:00<?, ?it/s, loss=0.0244]
train:  25%|██▌       | 1/4 [00:00<00:00,  6.31it/s, loss=0.0244]
train:  25%|██▌       | 1/4 [00:00<00:00,  6.31it/s, loss=0.0122]
train:  50%|█████     | 2/4 [00:00<00:00,  6.32it/s, loss=0.0122]
train:  50%|█████     | 2/4 [00:00<00:00,  6.32it/s, loss=0.0219]
train:  75%|███████▌  | 3/4 [00:00<00:00,  6.32it/s, loss=0.0219]
train:  75%|███████▌  | 3/4 [00:00<00:00,  6.32it/s, loss=0.0126]
train: 100%|██████████| 4/4 [00:00<00:00,  6.34it/s, loss=0.0126]
                                                                 
[PERF][train] samples(local/global)=8/8, batches(local/global)=4/4, samples/s(local/global)=12.6/12.6, ms/batch(local)=158.1, data_wait=1.8%, compute=98.0%, non_finite_skips(local)=0

val:   0%|          | 0/4 [00:00<?, ?it/s]
val:   0%|          | 0/4 [00:00<?, ?it/s, loss=0.0175]
val:   0%|          | 0/4 [00:00<?, ?it/s, loss=0.0138]
val:   0%|          | 0/4 [00:00<?, ?it/s, loss=0.0160]
val:  75%|███████▌  | 3/4 [00:00<00:00, 20.67it/s, loss=0.0160]
val:  75%|███████▌  | 3/4 [00:00<00:00, 20.67it/s, loss=0.0249]
                                                               
[PERF][val] samples(local/global)=8/8, batches(local/global)=4/4, samples/s(local/global)=41.3/41.3, ms/batch(local)=48.5, data_wait=5.4%, compute=94.3%, non_finite_skips(local)=0
[MEM] epoch=135 RAM(before/after)=1413.8/1412.6MB | GPU mem: gpu0 alloc=24.8MB resv=7092.0MB peak=5388.2MB
Epoch 135: train_loss=0.017779, val_loss=0.018064, lr=0.00100000

Epoch 136/200

train:   0%|          | 0/4 [00:00<?, ?it/s]
train:   0%|          | 0/4 [00:00<?, ?it/s, loss=0.0332]
train:  25%|██▌       | 1/4 [00:00<00:00,  6.25it/s, loss=0.0332]
train:  25%|██▌       | 1/4 [00:00<00:00,  6.25it/s, loss=0.0094]
train:  50%|█████     | 2/4 [00:00<00:00,  6.29it/s, loss=0.0094]
train:  50%|█████     | 2/4 [00:00<00:00,  6.29it/s, loss=0.0205]
train:  75%|███████▌  | 3/4 [00:00<00:00,  6.31it/s, loss=0.0205]
train:  75%|███████▌  | 3/4 [00:00<00:00,  6.31it/s, loss=0.0085]
train: 100%|██████████| 4/4 [00:00<00:00,  6.32it/s, loss=0.0085]
                                                                 
[PERF][train] samples(local/global)=8/8, batches(local/global)=4/4, samples/s(local/global)=12.6/12.6, ms/batch(local)=158.7, data_wait=1.9%, compute=97.9%, non_finite_skips(local)=0

val:   0%|          | 0/4 [00:00<?, ?it/s]
val:   0%|          | 0/4 [00:00<?, ?it/s, loss=0.0179]
val:   0%|          | 0/4 [00:00<?, ?it/s, loss=0.0140]
val:   0%|          | 0/4 [00:00<?, ?it/s, loss=0.0169]
val:  75%|███████▌  | 3/4 [00:00<00:00, 20.65it/s, loss=0.0169]
val:  75%|███████▌  | 3/4 [00:00<00:00, 20.65it/s, loss=0.0246]
                                                               
[PERF][val] samples(local/global)=8/8, batches(local/global)=4/4, samples/s(local/global)=41.4/41.4, ms/batch(local)=48.3, data_wait=5.3%, compute=94.4%, non_finite_skips(local)=0
[MEM] epoch=136 RAM(before/after)=1412.6/1413.8MB | GPU mem: gpu0 alloc=24.8MB resv=7092.0MB peak=5388.2MB
Epoch 136: train_loss=0.017904, val_loss=0.018358, lr=0.00100000

Epoch 137/200

train:   0%|          | 0/4 [00:00<?, ?it/s]
train:   0%|          | 0/4 [00:00<?, ?it/s, loss=0.0164]
train:  25%|██▌       | 1/4 [00:00<00:00,  6.28it/s, loss=0.0164]
train:  25%|██▌       | 1/4 [00:00<00:00,  6.28it/s, loss=0.0137]
train:  50%|█████     | 2/4 [00:00<00:00,  6.30it/s, loss=0.0137]
train:  50%|█████     | 2/4 [00:00<00:00,  6.30it/s, loss=0.0245]
train:  75%|███████▌  | 3/4 [00:00<00:00,  6.33it/s, loss=0.0245]
train:  75%|███████▌  | 3/4 [00:00<00:00,  6.33it/s, loss=0.0172]
train: 100%|██████████| 4/4 [00:00<00:00,  6.33it/s, loss=0.0172]
                                                                 
[PERF][train] samples(local/global)=8/8, batches(local/global)=4/4, samples/s(local/global)=12.6/12.6, ms/batch(local)=158.3, data_wait=1.9%, compute=98.0%, non_finite_skips(local)=0

val:   0%|          | 0/4 [00:00<?, ?it/s]
val:   0%|          | 0/4 [00:00<?, ?it/s, loss=0.0175]
val:   0%|          | 0/4 [00:00<?, ?it/s, loss=0.0139]
val:   0%|          | 0/4 [00:00<?, ?it/s, loss=0.0167]
val:  75%|███████▌  | 3/4 [00:00<00:00, 20.66it/s, loss=0.0167]
val:  75%|███████▌  | 3/4 [00:00<00:00, 20.66it/s, loss=0.0241]
                                                               
[PERF][val] samples(local/global)=8/8, batches(local/global)=4/4, samples/s(local/global)=41.3/41.3, ms/batch(local)=48.4, data_wait=5.4%, compute=94.3%, non_finite_skips(local)=0
[MEM] epoch=137 RAM(before/after)=1413.8/1413.8MB | GPU mem: gpu0 alloc=24.8MB resv=7092.0MB peak=5388.2MB
Epoch 137: train_loss=0.017963, val_loss=0.018059, lr=0.00100000

Epoch 138/200

train:   0%|          | 0/4 [00:00<?, ?it/s]
train:   0%|          | 0/4 [00:00<?, ?it/s, loss=0.0235]
train:  25%|██▌       | 1/4 [00:00<00:00,  6.29it/s, loss=0.0235]
train:  25%|██▌       | 1/4 [00:00<00:00,  6.29it/s, loss=0.0172]
train:  50%|█████     | 2/4 [00:00<00:00,  6.31it/s, loss=0.0172]
train:  50%|█████     | 2/4 [00:00<00:00,  6.31it/s, loss=0.0095]
train:  75%|███████▌  | 3/4 [00:00<00:00,  6.31it/s, loss=0.0095]
train:  75%|███████▌  | 3/4 [00:00<00:00,  6.31it/s, loss=0.0212]
train: 100%|██████████| 4/4 [00:00<00:00,  6.32it/s, loss=0.0212]
                                                                 
[PERF][train] samples(local/global)=8/8, batches(local/global)=4/4, samples/s(local/global)=12.6/12.6, ms/batch(local)=158.5, data_wait=1.7%, compute=98.1%, non_finite_skips(local)=0

val:   0%|          | 0/4 [00:00<?, ?it/s]
val:   0%|          | 0/4 [00:00<?, ?it/s, loss=0.0175]
val:   0%|          | 0/4 [00:00<?, ?it/s, loss=0.0139]
val:   0%|          | 0/4 [00:00<?, ?it/s, loss=0.0166]
val:  75%|███████▌  | 3/4 [00:00<00:00, 20.74it/s, loss=0.0166]
val:  75%|███████▌  | 3/4 [00:00<00:00, 20.74it/s, loss=0.0246]
                                                               
[PERF][val] samples(local/global)=8/8, batches(local/global)=4/4, samples/s(local/global)=41.4/41.4, ms/batch(local)=48.4, data_wait=5.3%, compute=94.4%, non_finite_skips(local)=0
[MEM] epoch=138 RAM(before/after)=1413.8/1412.6MB | GPU mem: gpu0 alloc=24.8MB resv=7092.0MB peak=5388.2MB
Epoch 138: train_loss=0.017835, val_loss=0.018162, lr=0.00100000

Epoch 139/200

train:   0%|          | 0/4 [00:00<?, ?it/s]
train:   0%|          | 0/4 [00:00<?, ?it/s, loss=0.0125]
train:  25%|██▌       | 1/4 [00:00<00:00,  6.22it/s, loss=0.0125]
train:  25%|██▌       | 1/4 [00:00<00:00,  6.22it/s, loss=0.0217]
train:  50%|█████     | 2/4 [00:00<00:00,  6.29it/s, loss=0.0217]
train:  50%|█████     | 2/4 [00:00<00:00,  6.29it/s, loss=0.0278]
train:  75%|███████▌  | 3/4 [00:00<00:00,  6.29it/s, loss=0.0278]
train:  75%|███████▌  | 3/4 [00:00<00:00,  6.29it/s, loss=0.0089]
train: 100%|██████████| 4/4 [00:00<00:00,  6.30it/s, loss=0.0089]
                                                                 
[PERF][train] samples(local/global)=8/8, batches(local/global)=4/4, samples/s(local/global)=12.6/12.6, ms/batch(local)=159.1, data_wait=2.0%, compute=97.8%, non_finite_skips(local)=0

val:   0%|          | 0/4 [00:00<?, ?it/s]
val:   0%|          | 0/4 [00:00<?, ?it/s, loss=0.0174]
val:   0%|          | 0/4 [00:00<?, ?it/s, loss=0.0137]
val:   0%|          | 0/4 [00:00<?, ?it/s, loss=0.0163]
val:  75%|███████▌  | 3/4 [00:00<00:00, 20.60it/s, loss=0.0163]
val:  75%|███████▌  | 3/4 [00:00<00:00, 20.60it/s, loss=0.0240]
                                                               
[PERF][val] samples(local/global)=8/8, batches(local/global)=4/4, samples/s(local/global)=41.2/41.2, ms/batch(local)=48.6, data_wait=5.7%, compute=93.9%, non_finite_skips(local)=0
[MEM] epoch=139 RAM(before/after)=1412.6/1412.6MB | GPU mem: gpu0 alloc=24.8MB resv=7092.0MB peak=5388.2MB
Epoch 139: train_loss=0.017711, val_loss=0.017854, lr=0.00100000
Updated best model: /home/nis/jinrui.yang/EaBNet_light/logs_cbam_flat_projection64/overfit8_lr1e3_20260924_161645/best/best_model.pt (val_loss=0.017854)

Epoch 140/200

train:   0%|          | 0/4 [00:00<?, ?it/s]
train:   0%|          | 0/4 [00:00<?, ?it/s, loss=0.0217]
train:  25%|██▌       | 1/4 [00:00<00:00,  6.17it/s, loss=0.0217]
train:  25%|██▌       | 1/4 [00:00<00:00,  6.17it/s, loss=0.0072]
train:  50%|█████     | 2/4 [00:00<00:00,  6.25it/s, loss=0.0072]
train:  50%|█████     | 2/4 [00:00<00:00,  6.25it/s, loss=0.0171]
train:  75%|███████▌  | 3/4 [00:00<00:00,  6.29it/s, loss=0.0171]
train:  75%|███████▌  | 3/4 [00:00<00:00,  6.29it/s, loss=0.0242]
train: 100%|██████████| 4/4 [00:00<00:00,  6.31it/s, loss=0.0242]
                                                                 
[PERF][train] samples(local/global)=8/8, batches(local/global)=4/4, samples/s(local/global)=12.6/12.6, ms/batch(local)=159.2, data_wait=2.3%, compute=97.5%, non_finite_skips(local)=0

val:   0%|          | 0/4 [00:00<?, ?it/s]
val:   0%|          | 0/4 [00:00<?, ?it/s, loss=0.0173]
val:   0%|          | 0/4 [00:00<?, ?it/s, loss=0.0137]
val:   0%|          | 0/4 [00:00<?, ?it/s, loss=0.0157]
val:  75%|███████▌  | 3/4 [00:00<00:00, 20.66it/s, loss=0.0157]
val:  75%|███████▌  | 3/4 [00:00<00:00, 20.66it/s, loss=0.0239]
                                                               
[PERF][val] samples(local/global)=8/8, batches(local/global)=4/4, samples/s(local/global)=41.3/41.3, ms/batch(local)=48.5, data_wait=5.6%, compute=94.1%, non_finite_skips(local)=0
[MEM] epoch=140 RAM(before/after)=1412.6/1412.6MB | GPU mem: gpu0 alloc=24.8MB resv=7092.0MB peak=5388.2MB
Epoch 140: train_loss=0.017555, val_loss=0.017675, lr=0.00100000
Updated best model: /home/nis/jinrui.yang/EaBNet_light/logs_cbam_flat_projection64/overfit8_lr1e3_20260924_161645/best/best_model.pt (val_loss=0.017675)

Epoch 141/200

train:   0%|          | 0/4 [00:00<?, ?it/s]
train:   0%|          | 0/4 [00:00<?, ?it/s, loss=0.0083]
train:  25%|██▌       | 1/4 [00:00<00:00,  6.18it/s, loss=0.0083]
train:  25%|██▌       | 1/4 [00:00<00:00,  6.18it/s, loss=0.0170]
train:  50%|█████     | 2/4 [00:00<00:00,  6.26it/s, loss=0.0170]
train:  50%|█████     | 2/4 [00:00<00:00,  6.26it/s, loss=0.0155]
train:  75%|███████▌  | 3/4 [00:00<00:00,  6.32it/s, loss=0.0155]
train:  75%|███████▌  | 3/4 [00:00<00:00,  6.32it/s, loss=0.0288]
train: 100%|██████████| 4/4 [00:00<00:00,  6.32it/s, loss=0.0288]
                                                                 
[PERF][train] samples(local/global)=8/8, batches(local/global)=4/4, samples/s(local/global)=12.6/12.6, ms/batch(local)=158.8, data_wait=2.2%, compute=97.7%, non_finite_skips(local)=0

val:   0%|          | 0/4 [00:00<?, ?it/s]
val:   0%|          | 0/4 [00:00<?, ?it/s, loss=0.0173]
val:   0%|          | 0/4 [00:00<?, ?it/s, loss=0.0136]
val:   0%|          | 0/4 [00:00<?, ?it/s, loss=0.0157]
val:  75%|███████▌  | 3/4 [00:00<00:00, 20.50it/s, loss=0.0157]
val:  75%|███████▌  | 3/4 [00:00<00:00, 20.50it/s, loss=0.0238]
                                                               
[PERF][val] samples(local/global)=8/8, batches(local/global)=4/4, samples/s(local/global)=41.0/41.0, ms/batch(local)=48.7, data_wait=5.7%, compute=93.9%, non_finite_skips(local)=0
[MEM] epoch=141 RAM(before/after)=1412.6/1413.8MB | GPU mem: gpu0 alloc=24.8MB resv=7092.0MB peak=5388.2MB
Epoch 141: train_loss=0.017423, val_loss=0.017608, lr=0.00100000
Updated best model: /home/nis/jinrui.yang/EaBNet_light/logs_cbam_flat_projection64/overfit8_lr1e3_20260924_161645/best/best_model.pt (val_loss=0.017608)

Epoch 142/200

train:   0%|          | 0/4 [00:00<?, ?it/s]
train:   0%|          | 0/4 [00:00<?, ?it/s, loss=0.0171]
train:  25%|██▌       | 1/4 [00:00<00:00,  6.28it/s, loss=0.0171]
train:  25%|██▌       | 1/4 [00:00<00:00,  6.28it/s, loss=0.0119]
train:  50%|█████     | 2/4 [00:00<00:00,  6.34it/s, loss=0.0119]
train:  50%|█████     | 2/4 [00:00<00:00,  6.34it/s, loss=0.0367]
train:  75%|███████▌  | 3/4 [00:00<00:00,  6.34it/s, loss=0.0367]
train:  75%|███████▌  | 3/4 [00:00<00:00,  6.34it/s, loss=0.0041]
train: 100%|██████████| 4/4 [00:00<00:00,  6.34it/s, loss=0.0041]
                                                                 
[PERF][train] samples(local/global)=8/8, batches(local/global)=4/4, samples/s(local/global)=12.7/12.7, ms/batch(local)=158.0, data_wait=1.9%, compute=98.0%, non_finite_skips(local)=0

val:   0%|          | 0/4 [00:00<?, ?it/s]
val:   0%|          | 0/4 [00:00<?, ?it/s, loss=0.0174]
val:   0%|          | 0/4 [00:00<?, ?it/s, loss=0.0135]
val:   0%|          | 0/4 [00:00<?, ?it/s, loss=0.0159]
val:  75%|███████▌  | 3/4 [00:00<00:00, 20.74it/s, loss=0.0159]
val:  75%|███████▌  | 3/4 [00:00<00:00, 20.74it/s, loss=0.0237]
                                                               
[PERF][val] samples(local/global)=8/8, batches(local/global)=4/4, samples/s(local/global)=41.4/41.4, ms/batch(local)=48.3, data_wait=5.2%, compute=94.5%, non_finite_skips(local)=0
[MEM] epoch=142 RAM(before/after)=1413.8/1413.8MB | GPU mem: gpu0 alloc=24.8MB resv=7092.0MB peak=5388.2MB
Epoch 142: train_loss=0.017453, val_loss=0.017604, lr=0.00100000
Updated best model: /home/nis/jinrui.yang/EaBNet_light/logs_cbam_flat_projection64/overfit8_lr1e3_20260924_161645/best/best_model.pt (val_loss=0.017604)

Epoch 143/200

train:   0%|          | 0/4 [00:00<?, ?it/s]
train:   0%|          | 0/4 [00:00<?, ?it/s, loss=0.0169]
train:  25%|██▌       | 1/4 [00:00<00:00,  6.26it/s, loss=0.0169]
train:  25%|██▌       | 1/4 [00:00<00:00,  6.26it/s, loss=0.0201]
train:  50%|█████     | 2/4 [00:00<00:00,  6.31it/s, loss=0.0201]
train:  50%|█████     | 2/4 [00:00<00:00,  6.31it/s, loss=0.0282]
train:  75%|███████▌  | 3/4 [00:00<00:00,  6.33it/s, loss=0.0282]
train:  75%|███████▌  | 3/4 [00:00<00:00,  6.33it/s, loss=0.0041]
train: 100%|██████████| 4/4 [00:00<00:00,  6.33it/s, loss=0.0041]
                                                                 
[PERF][train] samples(local/global)=8/8, batches(local/global)=4/4, samples/s(local/global)=12.6/12.6, ms/batch(local)=158.4, data_wait=2.0%, compute=97.8%, non_finite_skips(local)=0

val:   0%|          | 0/4 [00:00<?, ?it/s]
val:   0%|          | 0/4 [00:00<?, ?it/s, loss=0.0173]
val:   0%|          | 0/4 [00:00<?, ?it/s, loss=0.0133]
val:   0%|          | 0/4 [00:00<?, ?it/s, loss=0.0155]
val:  75%|███████▌  | 3/4 [00:00<00:00, 20.72it/s, loss=0.0155]
val:  75%|███████▌  | 3/4 [00:00<00:00, 20.72it/s, loss=0.0234]
                                                               
[PERF][val] samples(local/global)=8/8, batches(local/global)=4/4, samples/s(local/global)=41.4/41.4, ms/batch(local)=48.3, data_wait=5.3%, compute=94.4%, non_finite_skips(local)=0
[MEM] epoch=143 RAM(before/after)=1413.8/1411.5MB | GPU mem: gpu0 alloc=24.8MB resv=7092.0MB peak=5388.2MB
Epoch 143: train_loss=0.017337, val_loss=0.017391, lr=0.00100000
Updated best model: /home/nis/jinrui.yang/EaBNet_light/logs_cbam_flat_projection64/overfit8_lr1e3_20260924_161645/best/best_model.pt (val_loss=0.017391)

Epoch 144/200

train:   0%|          | 0/4 [00:00<?, ?it/s]
train:   0%|          | 0/4 [00:00<?, ?it/s, loss=0.0237]
train:  25%|██▌       | 1/4 [00:00<00:00,  6.10it/s, loss=0.0237]
train:  25%|██▌       | 1/4 [00:00<00:00,  6.10it/s, loss=0.0248]
train:  50%|█████     | 2/4 [00:00<00:00,  6.19it/s, loss=0.0248]
train:  50%|█████     | 2/4 [00:00<00:00,  6.19it/s, loss=0.0121]
train:  75%|███████▌  | 3/4 [00:00<00:00,  6.28it/s, loss=0.0121]
train:  75%|███████▌  | 3/4 [00:00<00:00,  6.28it/s, loss=0.0082]
train: 100%|██████████| 4/4 [00:00<00:00,  6.29it/s, loss=0.0082]
                                                                 
[PERF][train] samples(local/global)=8/8, batches(local/global)=4/4, samples/s(local/global)=12.5/12.5, ms/batch(local)=159.9, data_wait=2.4%, compute=97.4%, non_finite_skips(local)=0

val:   0%|          | 0/4 [00:00<?, ?it/s]
val:   0%|          | 0/4 [00:00<?, ?it/s, loss=0.0172]
val:   0%|          | 0/4 [00:00<?, ?it/s, loss=0.0132]
val:   0%|          | 0/4 [00:00<?, ?it/s, loss=0.0155]
val:  75%|███████▌  | 3/4 [00:00<00:00, 20.77it/s, loss=0.0155]
val:  75%|███████▌  | 3/4 [00:00<00:00, 20.77it/s, loss=0.0237]
                                                               
[PERF][val] samples(local/global)=8/8, batches(local/global)=4/4, samples/s(local/global)=41.4/41.4, ms/batch(local)=48.4, data_wait=5.4%, compute=94.2%, non_finite_skips(local)=0
[MEM] epoch=144 RAM(before/after)=1411.5/1412.6MB | GPU mem: gpu0 alloc=24.8MB resv=7092.0MB peak=5388.2MB
Epoch 144: train_loss=0.017202, val_loss=0.017415, lr=0.00100000

Epoch 145/200

train:   0%|          | 0/4 [00:00<?, ?it/s]
train:   0%|          | 0/4 [00:00<?, ?it/s, loss=0.0362]
train:  25%|██▌       | 1/4 [00:00<00:00,  6.18it/s, loss=0.0362]
train:  25%|██▌       | 1/4 [00:00<00:00,  6.18it/s, loss=0.0076]
train:  50%|█████     | 2/4 [00:00<00:00,  6.26it/s, loss=0.0076]
train:  50%|█████     | 2/4 [00:00<00:00,  6.26it/s, loss=0.0131]
train:  75%|███████▌  | 3/4 [00:00<00:00,  6.29it/s, loss=0.0131]
train:  75%|███████▌  | 3/4 [00:00<00:00,  6.29it/s, loss=0.0118]
train: 100%|██████████| 4/4 [00:00<00:00,  6.31it/s, loss=0.0118]
                                                                 
[PERF][train] samples(local/global)=8/8, batches(local/global)=4/4, samples/s(local/global)=12.6/12.6, ms/batch(local)=159.1, data_wait=2.3%, compute=97.6%, non_finite_skips(local)=0

val:   0%|          | 0/4 [00:00<?, ?it/s]
val:   0%|          | 0/4 [00:00<?, ?it/s, loss=0.0172]
val:   0%|          | 0/4 [00:00<?, ?it/s, loss=0.0132]
val:   0%|          | 0/4 [00:00<?, ?it/s, loss=0.0154]
val:  75%|███████▌  | 3/4 [00:00<00:00, 20.72it/s, loss=0.0154]
val:  75%|███████▌  | 3/4 [00:00<00:00, 20.72it/s, loss=0.0238]
                                                               
[PERF][val] samples(local/global)=8/8, batches(local/global)=4/4, samples/s(local/global)=41.4/41.4, ms/batch(local)=48.3, data_wait=5.4%, compute=94.3%, non_finite_skips(local)=0
[MEM] epoch=145 RAM(before/after)=1412.6/1412.6MB | GPU mem: gpu0 alloc=24.8MB resv=7092.0MB peak=5388.2MB
Epoch 145: train_loss=0.017193, val_loss=0.017389, lr=0.00100000
Updated best model: /home/nis/jinrui.yang/EaBNet_light/logs_cbam_flat_projection64/overfit8_lr1e3_20260924_161645/best/best_model.pt (val_loss=0.017389)

Epoch 146/200

train:   0%|          | 0/4 [00:00<?, ?it/s]
train:   0%|          | 0/4 [00:00<?, ?it/s, loss=0.0246]
train:  25%|██▌       | 1/4 [00:00<00:00,  6.28it/s, loss=0.0246]
train:  25%|██▌       | 1/4 [00:00<00:00,  6.28it/s, loss=0.0117]
train:  50%|█████     | 2/4 [00:00<00:00,  6.33it/s, loss=0.0117]
train:  50%|█████     | 2/4 [00:00<00:00,  6.33it/s, loss=0.0086]
train:  75%|███████▌  | 3/4 [00:00<00:00,  6.32it/s, loss=0.0086]
train:  75%|███████▌  | 3/4 [00:00<00:00,  6.32it/s, loss=0.0236]
train: 100%|██████████| 4/4 [00:00<00:00,  6.30it/s, loss=0.0236]
                                                                 
[PERF][train] samples(local/global)=8/8, batches(local/global)=4/4, samples/s(local/global)=12.6/12.6, ms/batch(local)=158.7, data_wait=2.0%, compute=97.9%, non_finite_skips(local)=0

val:   0%|          | 0/4 [00:00<?, ?it/s]
val:   0%|          | 0/4 [00:00<?, ?it/s, loss=0.0173]
val:   0%|          | 0/4 [00:00<?, ?it/s, loss=0.0131]
val:   0%|          | 0/4 [00:00<?, ?it/s, loss=0.0155]
val:  75%|███████▌  | 3/4 [00:00<00:00, 20.56it/s, loss=0.0155]
val:  75%|███████▌  | 3/4 [00:00<00:00, 20.56it/s, loss=0.0234]
                                                               
[PERF][val] samples(local/global)=8/8, batches(local/global)=4/4, samples/s(local/global)=41.1/41.1, ms/batch(local)=48.6, data_wait=5.7%, compute=94.0%, non_finite_skips(local)=0
[MEM] epoch=146 RAM(before/after)=1412.6/1411.5MB | GPU mem: gpu0 alloc=24.8MB resv=7092.0MB peak=5388.2MB
Epoch 146: train_loss=0.017107, val_loss=0.017321, lr=0.00100000
Updated best model: /home/nis/jinrui.yang/EaBNet_light/logs_cbam_flat_projection64/overfit8_lr1e3_20260924_161645/best/best_model.pt (val_loss=0.017321)

Epoch 147/200

train:   0%|          | 0/4 [00:00<?, ?it/s]
train:   0%|          | 0/4 [00:00<?, ?it/s, loss=0.0358]
train:  25%|██▌       | 1/4 [00:00<00:00,  6.24it/s, loss=0.0358]
train:  25%|██▌       | 1/4 [00:00<00:00,  6.24it/s, loss=0.0041]
train:  50%|█████     | 2/4 [00:00<00:00,  6.28it/s, loss=0.0041]
train:  50%|█████     | 2/4 [00:00<00:00,  6.28it/s, loss=0.0155]
train:  75%|███████▌  | 3/4 [00:00<00:00,  6.29it/s, loss=0.0155]
train:  75%|███████▌  | 3/4 [00:00<00:00,  6.29it/s, loss=0.0131]
train: 100%|██████████| 4/4 [00:00<00:00,  6.31it/s, loss=0.0131]
                                                                 
[PERF][train] samples(local/global)=8/8, batches(local/global)=4/4, samples/s(local/global)=12.6/12.6, ms/batch(local)=159.0, data_wait=1.9%, compute=97.9%, non_finite_skips(local)=0

val:   0%|          | 0/4 [00:00<?, ?it/s]
val:   0%|          | 0/4 [00:00<?, ?it/s, loss=0.0172]
val:   0%|          | 0/4 [00:00<?, ?it/s, loss=0.0132]
val:   0%|          | 0/4 [00:00<?, ?it/s, loss=0.0156]
val:  75%|███████▌  | 3/4 [00:00<00:00, 20.85it/s, loss=0.0156]
val:  75%|███████▌  | 3/4 [00:00<00:00, 20.85it/s, loss=0.0236]
                                                               
[PERF][val] samples(local/global)=8/8, batches(local/global)=4/4, samples/s(local/global)=41.5/41.5, ms/batch(local)=48.2, data_wait=5.2%, compute=94.6%, non_finite_skips(local)=0
[MEM] epoch=147 RAM(before/after)=1411.5/1412.6MB | GPU mem: gpu0 alloc=24.8MB resv=7092.0MB peak=5388.2MB
Epoch 147: train_loss=0.017143, val_loss=0.017414, lr=0.00100000

Epoch 148/200

train:   0%|          | 0/4 [00:00<?, ?it/s]
train:   0%|          | 0/4 [00:00<?, ?it/s, loss=0.0151]
train:  25%|██▌       | 1/4 [00:00<00:00,  6.27it/s, loss=0.0151]
train:  25%|██▌       | 1/4 [00:00<00:00,  6.27it/s, loss=0.0213]
train:  50%|█████     | 2/4 [00:00<00:00,  6.31it/s, loss=0.0213]
train:  50%|█████     | 2/4 [00:00<00:00,  6.31it/s, loss=0.0278]
train:  75%|███████▌  | 3/4 [00:00<00:00,  6.33it/s, loss=0.0278]
train:  75%|███████▌  | 3/4 [00:00<00:00,  6.33it/s, loss=0.0041]
train: 100%|██████████| 4/4 [00:00<00:00,  6.33it/s, loss=0.0041]
                                                                 
[PERF][train] samples(local/global)=8/8, batches(local/global)=4/4, samples/s(local/global)=12.6/12.6, ms/batch(local)=158.4, data_wait=1.9%, compute=97.9%, non_finite_skips(local)=0

val:   0%|          | 0/4 [00:00<?, ?it/s]
val:   0%|          | 0/4 [00:00<?, ?it/s, loss=0.0171]
val:   0%|          | 0/4 [00:00<?, ?it/s, loss=0.0132]
val:   0%|          | 0/4 [00:00<?, ?it/s, loss=0.0159]
val:  75%|███████▌  | 3/4 [00:00<00:00, 20.69it/s, loss=0.0159]
val:  75%|███████▌  | 3/4 [00:00<00:00, 20.69it/s, loss=0.0235]
                                                               
[PERF][val] samples(local/global)=8/8, batches(local/global)=4/4, samples/s(local/global)=41.4/41.4, ms/batch(local)=48.3, data_wait=5.4%, compute=94.3%, non_finite_skips(local)=0
[MEM] epoch=148 RAM(before/after)=1412.6/1412.6MB | GPU mem: gpu0 alloc=24.8MB resv=7092.0MB peak=5388.2MB
Epoch 148: train_loss=0.017083, val_loss=0.017442, lr=0.00100000

Epoch 149/200

train:   0%|          | 0/4 [00:00<?, ?it/s]
train:   0%|          | 0/4 [00:00<?, ?it/s, loss=0.0080]
train:  25%|██▌       | 1/4 [00:00<00:00,  6.28it/s, loss=0.0080]
train:  25%|██▌       | 1/4 [00:00<00:00,  6.28it/s, loss=0.0201]
train:  50%|█████     | 2/4 [00:00<00:00,  6.28it/s, loss=0.0201]
train:  50%|█████     | 2/4 [00:00<00:00,  6.28it/s, loss=0.0172]
train:  75%|███████▌  | 3/4 [00:00<00:00,  6.31it/s, loss=0.0172]
train:  75%|███████▌  | 3/4 [00:00<00:00,  6.31it/s, loss=0.0235]
train: 100%|██████████| 4/4 [00:00<00:00,  6.32it/s, loss=0.0235]
                                                                 
[PERF][train] samples(local/global)=8/8, batches(local/global)=4/4, samples/s(local/global)=12.6/12.6, ms/batch(local)=158.8, data_wait=1.9%, compute=97.9%, non_finite_skips(local)=0

val:   0%|          | 0/4 [00:00<?, ?it/s]
val:   0%|          | 0/4 [00:00<?, ?it/s, loss=0.0172]
val:   0%|          | 0/4 [00:00<?, ?it/s, loss=0.0131]
val:   0%|          | 0/4 [00:00<?, ?it/s, loss=0.0154]
val:  75%|███████▌  | 3/4 [00:00<00:00, 20.48it/s, loss=0.0154]
val:  75%|███████▌  | 3/4 [00:00<00:00, 20.48it/s, loss=0.0234]
                                                               
[PERF][val] samples(local/global)=8/8, batches(local/global)=4/4, samples/s(local/global)=41.0/41.0, ms/batch(local)=48.7, data_wait=5.9%, compute=93.8%, non_finite_skips(local)=0
[MEM] epoch=149 RAM(before/after)=1412.6/1412.6MB | GPU mem: gpu0 alloc=24.8MB resv=7092.0MB peak=5388.2MB
Epoch 149: train_loss=0.017193, val_loss=0.017275, lr=0.00100000
Updated best model: /home/nis/jinrui.yang/EaBNet_light/logs_cbam_flat_projection64/overfit8_lr1e3_20260924_161645/best/best_model.pt (val_loss=0.017275)

Epoch 150/200

train:   0%|          | 0/4 [00:00<?, ?it/s]
train:   0%|          | 0/4 [00:00<?, ?it/s, loss=0.0209]
train:  25%|██▌       | 1/4 [00:00<00:00,  6.28it/s, loss=0.0209]
train:  25%|██▌       | 1/4 [00:00<00:00,  6.28it/s, loss=0.0233]
train:  50%|█████     | 2/4 [00:00<00:00,  6.29it/s, loss=0.0233]
train:  50%|█████     | 2/4 [00:00<00:00,  6.29it/s, loss=0.0118]
train:  75%|███████▌  | 3/4 [00:00<00:00,  6.32it/s, loss=0.0118]
train:  75%|███████▌  | 3/4 [00:00<00:00,  6.32it/s, loss=0.0120]
train: 100%|██████████| 4/4 [00:00<00:00,  6.32it/s, loss=0.0120]
                                                                 
[PERF][train] samples(local/global)=8/8, batches(local/global)=4/4, samples/s(local/global)=12.6/12.6, ms/batch(local)=158.6, data_wait=1.8%, compute=98.0%, non_finite_skips(local)=0

val:   0%|          | 0/4 [00:00<?, ?it/s]
val:   0%|          | 0/4 [00:00<?, ?it/s, loss=0.0171]
val:   0%|          | 0/4 [00:00<?, ?it/s, loss=0.0130]
val:   0%|          | 0/4 [00:00<?, ?it/s, loss=0.0154]
val:  75%|███████▌  | 3/4 [00:00<00:00, 20.70it/s, loss=0.0154]
val:  75%|███████▌  | 3/4 [00:00<00:00, 20.70it/s, loss=0.0231]
                                                               
[PERF][val] samples(local/global)=8/8, batches(local/global)=4/4, samples/s(local/global)=41.4/41.4, ms/batch(local)=48.3, data_wait=5.4%, compute=94.3%, non_finite_skips(local)=0
[MEM] epoch=150 RAM(before/after)=1412.6/1413.8MB | GPU mem: gpu0 alloc=24.8MB resv=7092.0MB peak=5388.2MB
Epoch 150: train_loss=0.016987, val_loss=0.017164, lr=0.00100000
Updated best model: /home/nis/jinrui.yang/EaBNet_light/logs_cbam_flat_projection64/overfit8_lr1e3_20260924_161645/best/best_model.pt (val_loss=0.017164)

Epoch 151/200

train:   0%|          | 0/4 [00:00<?, ?it/s]
train:   0%|          | 0/4 [00:00<?, ?it/s, loss=0.0245]
train:  25%|██▌       | 1/4 [00:00<00:00,  6.25it/s, loss=0.0245]
train:  25%|██▌       | 1/4 [00:00<00:00,  6.25it/s, loss=0.0070]
train:  50%|█████     | 2/4 [00:00<00:00,  6.30it/s, loss=0.0070]
train:  50%|█████     | 2/4 [00:00<00:00,  6.30it/s, loss=0.0087]
train:  75%|███████▌  | 3/4 [00:00<00:00,  6.31it/s, loss=0.0087]
train:  75%|███████▌  | 3/4 [00:00<00:00,  6.31it/s, loss=0.0282]
train: 100%|██████████| 4/4 [00:00<00:00,  6.30it/s, loss=0.0282]
                                                                 
[PERF][train] samples(local/global)=8/8, batches(local/global)=4/4, samples/s(local/global)=12.6/12.6, ms/batch(local)=158.9, data_wait=1.9%, compute=98.0%, non_finite_skips(local)=0

val:   0%|          | 0/4 [00:00<?, ?it/s]
val:   0%|          | 0/4 [00:00<?, ?it/s, loss=0.0171]
val:   0%|          | 0/4 [00:00<?, ?it/s, loss=0.0130]
val:   0%|          | 0/4 [00:00<?, ?it/s, loss=0.0154]
val:  75%|███████▌  | 3/4 [00:00<00:00, 20.65it/s, loss=0.0154]
val:  75%|███████▌  | 3/4 [00:00<00:00, 20.65it/s, loss=0.0231]
                                                               
[PERF][val] samples(local/global)=8/8, batches(local/global)=4/4, samples/s(local/global)=41.3/41.3, ms/batch(local)=48.5, data_wait=5.5%, compute=94.2%, non_finite_skips(local)=0
[MEM] epoch=151 RAM(before/after)=1413.8/1413.8MB | GPU mem: gpu0 alloc=24.8MB resv=7092.0MB peak=5388.2MB
Epoch 151: train_loss=0.017077, val_loss=0.017136, lr=0.00100000
Updated best model: /home/nis/jinrui.yang/EaBNet_light/logs_cbam_flat_projection64/overfit8_lr1e3_20260924_161645/best/best_model.pt (val_loss=0.017136)

Epoch 152/200

train:   0%|          | 0/4 [00:00<?, ?it/s]
train:   0%|          | 0/4 [00:00<?, ?it/s, loss=0.0115]
train:  25%|██▌       | 1/4 [00:00<00:00,  6.28it/s, loss=0.0115]
train:  25%|██▌       | 1/4 [00:00<00:00,  6.28it/s, loss=0.0113]
train:  50%|█████     | 2/4 [00:00<00:00,  6.31it/s, loss=0.0113]
train:  50%|█████     | 2/4 [00:00<00:00,  6.31it/s, loss=0.0276]
train:  75%|███████▌  | 3/4 [00:00<00:00,  6.32it/s, loss=0.0276]
train:  75%|███████▌  | 3/4 [00:00<00:00,  6.32it/s, loss=0.0169]
train: 100%|██████████| 4/4 [00:00<00:00,  6.33it/s, loss=0.0169]
                                                                 
[PERF][train] samples(local/global)=8/8, batches(local/global)=4/4, samples/s(local/global)=12.6/12.6, ms/batch(local)=158.3, data_wait=2.0%, compute=97.9%, non_finite_skips(local)=0

val:   0%|          | 0/4 [00:00<?, ?it/s]
val:   0%|          | 0/4 [00:00<?, ?it/s, loss=0.0171]
val:   0%|          | 0/4 [00:00<?, ?it/s, loss=0.0130]
val:   0%|          | 0/4 [00:00<?, ?it/s, loss=0.0154]
val:  75%|███████▌  | 3/4 [00:00<00:00, 20.75it/s, loss=0.0154]
val:  75%|███████▌  | 3/4 [00:00<00:00, 20.75it/s, loss=0.0234]
                                                               
[PERF][val] samples(local/global)=8/8, batches(local/global)=4/4, samples/s(local/global)=41.5/41.5, ms/batch(local)=48.2, data_wait=5.2%, compute=94.5%, non_finite_skips(local)=0
[MEM] epoch=152 RAM(before/after)=1413.8/1412.8MB | GPU mem: gpu0 alloc=24.8MB resv=7092.0MB peak=5388.2MB
Epoch 152: train_loss=0.016831, val_loss=0.017245, lr=0.00100000

Epoch 153/200

train:   0%|          | 0/4 [00:00<?, ?it/s]
train:   0%|          | 0/4 [00:00<?, ?it/s, loss=0.0075]
train:  25%|██▌       | 1/4 [00:00<00:00,  6.26it/s, loss=0.0075]
train:  25%|██▌       | 1/4 [00:00<00:00,  6.26it/s, loss=0.0357]
train:  50%|█████     | 2/4 [00:00<00:00,  6.31it/s, loss=0.0357]
train:  50%|█████     | 2/4 [00:00<00:00,  6.31it/s, loss=0.0128]
train:  75%|███████▌  | 3/4 [00:00<00:00,  6.33it/s, loss=0.0128]
train:  75%|███████▌  | 3/4 [00:00<00:00,  6.33it/s, loss=0.0114]
train: 100%|██████████| 4/4 [00:00<00:00,  6.33it/s, loss=0.0114]
                                                                 
[PERF][train] samples(local/global)=8/8, batches(local/global)=4/4, samples/s(local/global)=12.6/12.6, ms/batch(local)=158.4, data_wait=1.9%, compute=98.0%, non_finite_skips(local)=0

val:   0%|          | 0/4 [00:00<?, ?it/s]
val:   0%|          | 0/4 [00:00<?, ?it/s, loss=0.0171]
val:   0%|          | 0/4 [00:00<?, ?it/s, loss=0.0129]
val:   0%|          | 0/4 [00:00<?, ?it/s, loss=0.0153]
val:  75%|███████▌  | 3/4 [00:00<00:00, 20.66it/s, loss=0.0153]
val:  75%|███████▌  | 3/4 [00:00<00:00, 20.66it/s, loss=0.0232]
                                                               
[PERF][val] samples(local/global)=8/8, batches(local/global)=4/4, samples/s(local/global)=41.2/41.2, ms/batch(local)=48.5, data_wait=5.4%, compute=94.2%, non_finite_skips(local)=0
[MEM] epoch=153 RAM(before/after)=1412.8/1412.1MB | GPU mem: gpu0 alloc=24.8MB resv=7092.0MB peak=5388.2MB
Epoch 153: train_loss=0.016860, val_loss=0.017109, lr=0.00100000
Updated best model: /home/nis/jinrui.yang/EaBNet_light/logs_cbam_flat_projection64/overfit8_lr1e3_20260924_161645/best/best_model.pt (val_loss=0.017109)

Epoch 154/200

train:   0%|          | 0/4 [00:00<?, ?it/s]
train:   0%|          | 0/4 [00:00<?, ?it/s, loss=0.0211]
train:  25%|██▌       | 1/4 [00:00<00:00,  6.29it/s, loss=0.0211]
train:  25%|██▌       | 1/4 [00:00<00:00,  6.29it/s, loss=0.0228]
train:  50%|█████     | 2/4 [00:00<00:00,  6.27it/s, loss=0.0228]
train:  50%|█████     | 2/4 [00:00<00:00,  6.27it/s, loss=0.0075]
train:  75%|███████▌  | 3/4 [00:00<00:00,  6.32it/s, loss=0.0075]
train:  75%|███████▌  | 3/4 [00:00<00:00,  6.32it/s, loss=0.0159]
train: 100%|██████████| 4/4 [00:00<00:00,  6.32it/s, loss=0.0159]
                                                                 
[PERF][train] samples(local/global)=8/8, batches(local/global)=4/4, samples/s(local/global)=12.6/12.6, ms/batch(local)=158.6, data_wait=1.9%, compute=98.0%, non_finite_skips(local)=0

val:   0%|          | 0/4 [00:00<?, ?it/s]
val:   0%|          | 0/4 [00:00<?, ?it/s, loss=0.0171]
val:   0%|          | 0/4 [00:00<?, ?it/s, loss=0.0130]
val:   0%|          | 0/4 [00:00<?, ?it/s, loss=0.0152]
val:  75%|███████▌  | 3/4 [00:00<00:00, 20.72it/s, loss=0.0152]
val:  75%|███████▌  | 3/4 [00:00<00:00, 20.72it/s, loss=0.0231]
                                                               
[PERF][val] samples(local/global)=8/8, batches(local/global)=4/4, samples/s(local/global)=41.3/41.3, ms/batch(local)=48.4, data_wait=5.6%, compute=94.2%, non_finite_skips(local)=0
[MEM] epoch=154 RAM(before/after)=1412.1/1412.6MB | GPU mem: gpu0 alloc=24.8MB resv=7092.0MB peak=5388.2MB
Epoch 154: train_loss=0.016830, val_loss=0.017083, lr=0.00100000
Updated best model: /home/nis/jinrui.yang/EaBNet_light/logs_cbam_flat_projection64/overfit8_lr1e3_20260924_161645/best/best_model.pt (val_loss=0.017083)

Epoch 155/200

train:   0%|          | 0/4 [00:00<?, ?it/s]
train:   0%|          | 0/4 [00:00<?, ?it/s, loss=0.0309]
train:  25%|██▌       | 1/4 [00:00<00:00,  6.25it/s, loss=0.0309]
train:  25%|██▌       | 1/4 [00:00<00:00,  6.25it/s, loss=0.0211]
train:  50%|█████     | 2/4 [00:00<00:00,  6.28it/s, loss=0.0211]
train:  50%|█████     | 2/4 [00:00<00:00,  6.28it/s, loss=0.0112]
train:  75%|███████▌  | 3/4 [00:00<00:00,  6.32it/s, loss=0.0112]
train:  75%|███████▌  | 3/4 [00:00<00:00,  6.32it/s, loss=0.0041]
train: 100%|██████████| 4/4 [00:00<00:00,  6.32it/s, loss=0.0041]
                                                                 
[PERF][train] samples(local/global)=8/8, batches(local/global)=4/4, samples/s(local/global)=12.6/12.6, ms/batch(local)=158.7, data_wait=1.9%, compute=98.0%, non_finite_skips(local)=0

val:   0%|          | 0/4 [00:00<?, ?it/s]
val:   0%|          | 0/4 [00:00<?, ?it/s, loss=0.0171]
val:   0%|          | 0/4 [00:00<?, ?it/s, loss=0.0128]
val:   0%|          | 0/4 [00:00<?, ?it/s, loss=0.0153]
val:  75%|███████▌  | 3/4 [00:00<00:00, 20.59it/s, loss=0.0153]
val:  75%|███████▌  | 3/4 [00:00<00:00, 20.59it/s, loss=0.0232]
                                                               
[PERF][val] samples(local/global)=8/8, batches(local/global)=4/4, samples/s(local/global)=41.3/41.3, ms/batch(local)=48.5, data_wait=5.6%, compute=94.2%, non_finite_skips(local)=0
[MEM] epoch=155 RAM(before/after)=1412.6/1413.8MB | GPU mem: gpu0 alloc=24.8MB resv=7092.0MB peak=5388.2MB
Epoch 155: train_loss=0.016809, val_loss=0.017071, lr=0.00100000
Updated best model: /home/nis/jinrui.yang/EaBNet_light/logs_cbam_flat_projection64/overfit8_lr1e3_20260924_161645/best/best_model.pt (val_loss=0.017071)

Epoch 156/200

train:   0%|          | 0/4 [00:00<?, ?it/s]
train:   0%|          | 0/4 [00:00<?, ?it/s, loss=0.0164]
train:  25%|██▌       | 1/4 [00:00<00:00,  6.23it/s, loss=0.0164]
train:  25%|██▌       | 1/4 [00:00<00:00,  6.23it/s, loss=0.0231]
train:  50%|█████     | 2/4 [00:00<00:00,  6.25it/s, loss=0.0231]
train:  50%|█████     | 2/4 [00:00<00:00,  6.25it/s, loss=0.0078]
train:  75%|███████▌  | 3/4 [00:00<00:00,  6.29it/s, loss=0.0078]
train:  75%|███████▌  | 3/4 [00:00<00:00,  6.29it/s, loss=0.0197]
train: 100%|██████████| 4/4 [00:00<00:00,  6.32it/s, loss=0.0197]
                                                                 
[PERF][train] samples(local/global)=8/8, batches(local/global)=4/4, samples/s(local/global)=12.6/12.6, ms/batch(local)=159.0, data_wait=1.9%, compute=97.9%, non_finite_skips(local)=0

val:   0%|          | 0/4 [00:00<?, ?it/s]
val:   0%|          | 0/4 [00:00<?, ?it/s, loss=0.0170]
val:   0%|          | 0/4 [00:00<?, ?it/s, loss=0.0128]
val:   0%|          | 0/4 [00:00<?, ?it/s, loss=0.0152]
val:  75%|███████▌  | 3/4 [00:00<00:00, 20.60it/s, loss=0.0152]
val:  75%|███████▌  | 3/4 [00:00<00:00, 20.60it/s, loss=0.0231]
                                                               
[PERF][val] samples(local/global)=8/8, batches(local/global)=4/4, samples/s(local/global)=41.2/41.2, ms/batch(local)=48.5, data_wait=5.6%, compute=94.1%, non_finite_skips(local)=0
[MEM] epoch=156 RAM(before/after)=1413.8/1413.8MB | GPU mem: gpu0 alloc=24.8MB resv=7092.0MB peak=5388.2MB
Epoch 156: train_loss=0.016743, val_loss=0.017015, lr=0.00100000
Updated best model: /home/nis/jinrui.yang/EaBNet_light/logs_cbam_flat_projection64/overfit8_lr1e3_20260924_161645/best/best_model.pt (val_loss=0.017015)

Epoch 157/200

train:   0%|          | 0/4 [00:00<?, ?it/s]
train:   0%|          | 0/4 [00:00<?, ?it/s, loss=0.0261]
train:  25%|██▌       | 1/4 [00:00<00:00,  6.27it/s, loss=0.0261]
train:  25%|██▌       | 1/4 [00:00<00:00,  6.27it/s, loss=0.0162]
train:  50%|█████     | 2/4 [00:00<00:00,  6.30it/s, loss=0.0162]
train:  50%|█████     | 2/4 [00:00<00:00,  6.30it/s, loss=0.0084]
train:  75%|███████▌  | 3/4 [00:00<00:00,  6.31it/s, loss=0.0084]
train:  75%|███████▌  | 3/4 [00:00<00:00,  6.31it/s, loss=0.0162]
train: 100%|██████████| 4/4 [00:00<00:00,  6.32it/s, loss=0.0162]
                                                                 
[PERF][train] samples(local/global)=8/8, batches(local/global)=4/4, samples/s(local/global)=12.6/12.6, ms/batch(local)=158.5, data_wait=2.0%, compute=97.9%, non_finite_skips(local)=0

val:   0%|          | 0/4 [00:00<?, ?it/s]
val:   0%|          | 0/4 [00:00<?, ?it/s, loss=0.0170]
val:   0%|          | 0/4 [00:00<?, ?it/s, loss=0.0127]
val:   0%|          | 0/4 [00:00<?, ?it/s, loss=0.0150]
val:  75%|███████▌  | 3/4 [00:00<00:00, 20.72it/s, loss=0.0150]
val:  75%|███████▌  | 3/4 [00:00<00:00, 20.72it/s, loss=0.0229]
                                                               
[PERF][val] samples(local/global)=8/8, batches(local/global)=4/4, samples/s(local/global)=41.3/41.3, ms/batch(local)=48.4, data_wait=5.3%, compute=94.4%, non_finite_skips(local)=0
[MEM] epoch=157 RAM(before/after)=1413.8/1412.8MB | GPU mem: gpu0 alloc=24.8MB resv=7092.0MB peak=5388.2MB
Epoch 157: train_loss=0.016720, val_loss=0.016904, lr=0.00100000
Updated best model: /home/nis/jinrui.yang/EaBNet_light/logs_cbam_flat_projection64/overfit8_lr1e3_20260924_161645/best/best_model.pt (val_loss=0.016904)

Epoch 158/200

train:   0%|          | 0/4 [00:00<?, ?it/s]
train:   0%|          | 0/4 [00:00<?, ?it/s, loss=0.0223]
train:  25%|██▌       | 1/4 [00:00<00:00,  6.27it/s, loss=0.0223]
train:  25%|██▌       | 1/4 [00:00<00:00,  6.27it/s, loss=0.0167]
train:  50%|█████     | 2/4 [00:00<00:00,  6.28it/s, loss=0.0167]
train:  50%|█████     | 2/4 [00:00<00:00,  6.28it/s, loss=0.0111]
train:  75%|███████▌  | 3/4 [00:00<00:00,  6.32it/s, loss=0.0111]
train:  75%|███████▌  | 3/4 [00:00<00:00,  6.32it/s, loss=0.0160]
train: 100%|██████████| 4/4 [00:00<00:00,  6.32it/s, loss=0.0160]
                                                                 
[PERF][train] samples(local/global)=8/8, batches(local/global)=4/4, samples/s(local/global)=12.6/12.6, ms/batch(local)=158.6, data_wait=2.0%, compute=97.9%, non_finite_skips(local)=0

val:   0%|          | 0/4 [00:00<?, ?it/s]
val:   0%|          | 0/4 [00:00<?, ?it/s, loss=0.0170]
val:   0%|          | 0/4 [00:00<?, ?it/s, loss=0.0127]
val:   0%|          | 0/4 [00:00<?, ?it/s, loss=0.0149]
val:  75%|███████▌  | 3/4 [00:00<00:00, 20.66it/s, loss=0.0149]
val:  75%|███████▌  | 3/4 [00:00<00:00, 20.66it/s, loss=0.0229]
                                                               
[PERF][val] samples(local/global)=8/8, batches(local/global)=4/4, samples/s(local/global)=41.3/41.3, ms/batch(local)=48.4, data_wait=5.6%, compute=94.1%, non_finite_skips(local)=0
[MEM] epoch=158 RAM(before/after)=1412.8/1412.1MB | GPU mem: gpu0 alloc=24.8MB resv=7092.0MB peak=5388.2MB
Epoch 158: train_loss=0.016550, val_loss=0.016865, lr=0.00100000
Updated best model: /home/nis/jinrui.yang/EaBNet_light/logs_cbam_flat_projection64/overfit8_lr1e3_20260924_161645/best/best_model.pt (val_loss=0.016865)

Epoch 159/200

train:   0%|          | 0/4 [00:00<?, ?it/s]
train:   0%|          | 0/4 [00:00<?, ?it/s, loss=0.0125]
train:  25%|██▌       | 1/4 [00:00<00:00,  6.16it/s, loss=0.0125]
train:  25%|██▌       | 1/4 [00:00<00:00,  6.16it/s, loss=0.0304]
train:  50%|█████     | 2/4 [00:00<00:00,  6.27it/s, loss=0.0304]
train:  50%|█████     | 2/4 [00:00<00:00,  6.27it/s, loss=0.0161]
train:  75%|███████▌  | 3/4 [00:00<00:00,  6.30it/s, loss=0.0161]
train:  75%|███████▌  | 3/4 [00:00<00:00,  6.30it/s, loss=0.0074]
train: 100%|██████████| 4/4 [00:00<00:00,  6.31it/s, loss=0.0074]
                                                                 
[PERF][train] samples(local/global)=8/8, batches(local/global)=4/4, samples/s(local/global)=12.6/12.6, ms/batch(local)=159.1, data_wait=2.4%, compute=97.5%, non_finite_skips(local)=0

val:   0%|          | 0/4 [00:00<?, ?it/s]
val:   0%|          | 0/4 [00:00<?, ?it/s, loss=0.0170]
val:   0%|          | 0/4 [00:00<?, ?it/s, loss=0.0128]
val:   0%|          | 0/4 [00:00<?, ?it/s, loss=0.0150]
val:  75%|███████▌  | 3/4 [00:00<00:00, 20.72it/s, loss=0.0150]
val:  75%|███████▌  | 3/4 [00:00<00:00, 20.72it/s, loss=0.0227]
                                                               
[PERF][val] samples(local/global)=8/8, batches(local/global)=4/4, samples/s(local/global)=41.4/41.4, ms/batch(local)=48.3, data_wait=5.4%, compute=94.3%, non_finite_skips(local)=0
[MEM] epoch=159 RAM(before/after)=1412.1/1412.6MB | GPU mem: gpu0 alloc=24.8MB resv=7092.0MB peak=5388.2MB
Epoch 159: train_loss=0.016603, val_loss=0.016862, lr=0.00100000
Updated best model: /home/nis/jinrui.yang/EaBNet_light/logs_cbam_flat_projection64/overfit8_lr1e3_20260924_161645/best/best_model.pt (val_loss=0.016862)

Epoch 160/200

train:   0%|          | 0/4 [00:00<?, ?it/s]
train:   0%|          | 0/4 [00:00<?, ?it/s, loss=0.0147]
train:  25%|██▌       | 1/4 [00:00<00:00,  6.19it/s, loss=0.0147]
train:  25%|██▌       | 1/4 [00:00<00:00,  6.19it/s, loss=0.0077]
train:  50%|█████     | 2/4 [00:00<00:00,  6.26it/s, loss=0.0077]
train:  50%|█████     | 2/4 [00:00<00:00,  6.26it/s, loss=0.0228]
train:  75%|███████▌  | 3/4 [00:00<00:00,  6.31it/s, loss=0.0228]
train:  75%|███████▌  | 3/4 [00:00<00:00,  6.31it/s, loss=0.0210]
train: 100%|██████████| 4/4 [00:00<00:00,  6.31it/s, loss=0.0210]
                                                                 
[PERF][train] samples(local/global)=8/8, batches(local/global)=4/4, samples/s(local/global)=12.6/12.6, ms/batch(local)=159.1, data_wait=2.2%, compute=97.7%, non_finite_skips(local)=0

val:   0%|          | 0/4 [00:00<?, ?it/s]
val:   0%|          | 0/4 [00:00<?, ?it/s, loss=0.0170]
val:   0%|          | 0/4 [00:00<?, ?it/s, loss=0.0128]
val:   0%|          | 0/4 [00:00<?, ?it/s, loss=0.0151]
val:  75%|███████▌  | 3/4 [00:00<00:00, 20.73it/s, loss=0.0151]
val:  75%|███████▌  | 3/4 [00:00<00:00, 20.73it/s, loss=0.0229]
                                                               
[PERF][val] samples(local/global)=8/8, batches(local/global)=4/4, samples/s(local/global)=41.3/41.3, ms/batch(local)=48.5, data_wait=5.7%, compute=94.0%, non_finite_skips(local)=0
[MEM] epoch=160 RAM(before/after)=1412.6/1413.8MB | GPU mem: gpu0 alloc=24.8MB resv=7092.0MB peak=5388.2MB
Epoch 160: train_loss=0.016546, val_loss=0.016937, lr=0.00100000

Epoch 161/200

train:   0%|          | 0/4 [00:00<?, ?it/s]
train:   0%|          | 0/4 [00:00<?, ?it/s, loss=0.0146]
train:  25%|██▌       | 1/4 [00:00<00:00,  6.22it/s, loss=0.0146]
train:  25%|██▌       | 1/4 [00:00<00:00,  6.22it/s, loss=0.0084]
train:  50%|█████     | 2/4 [00:00<00:00,  6.27it/s, loss=0.0084]
train:  50%|█████     | 2/4 [00:00<00:00,  6.27it/s, loss=0.0167]
train:  75%|███████▌  | 3/4 [00:00<00:00,  6.29it/s, loss=0.0167]
train:  75%|███████▌  | 3/4 [00:00<00:00,  6.29it/s, loss=0.0269]
train: 100%|██████████| 4/4 [00:00<00:00,  6.29it/s, loss=0.0269]
                                                                 
[PERF][train] samples(local/global)=8/8, batches(local/global)=4/4, samples/s(local/global)=12.6/12.6, ms/batch(local)=159.3, data_wait=1.9%, compute=97.9%, non_finite_skips(local)=0

val:   0%|          | 0/4 [00:00<?, ?it/s]
val:   0%|          | 0/4 [00:00<?, ?it/s, loss=0.0169]
val:   0%|          | 0/4 [00:00<?, ?it/s, loss=0.0127]
val:   0%|          | 0/4 [00:00<?, ?it/s, loss=0.0150]
val:  75%|███████▌  | 3/4 [00:00<00:00, 20.65it/s, loss=0.0150]
val:  75%|███████▌  | 3/4 [00:00<00:00, 20.65it/s, loss=0.0226]
                                                               
[PERF][val] samples(local/global)=8/8, batches(local/global)=4/4, samples/s(local/global)=41.3/41.3, ms/batch(local)=48.4, data_wait=5.6%, compute=94.2%, non_finite_skips(local)=0
[MEM] epoch=161 RAM(before/after)=1413.8/1413.8MB | GPU mem: gpu0 alloc=24.8MB resv=7092.0MB peak=5388.2MB
Epoch 161: train_loss=0.016633, val_loss=0.016779, lr=0.00100000
Updated best model: /home/nis/jinrui.yang/EaBNet_light/logs_cbam_flat_projection64/overfit8_lr1e3_20260924_161645/best/best_model.pt (val_loss=0.016779)

Epoch 162/200

train:   0%|          | 0/4 [00:00<?, ?it/s]
train:   0%|          | 0/4 [00:00<?, ?it/s, loss=0.0155]
train:  25%|██▌       | 1/4 [00:00<00:00,  6.26it/s, loss=0.0155]
train:  25%|██▌       | 1/4 [00:00<00:00,  6.26it/s, loss=0.0269]
train:  50%|█████     | 2/4 [00:00<00:00,  6.32it/s, loss=0.0269]
train:  50%|█████     | 2/4 [00:00<00:00,  6.32it/s, loss=0.0166]
train:  75%|███████▌  | 3/4 [00:00<00:00,  6.34it/s, loss=0.0166]
train:  75%|███████▌  | 3/4 [00:00<00:00,  6.34it/s, loss=0.0068]
train: 100%|██████████| 4/4 [00:00<00:00,  6.32it/s, loss=0.0068]
                                                                 
[PERF][train] samples(local/global)=8/8, batches(local/global)=4/4, samples/s(local/global)=12.6/12.6, ms/batch(local)=158.5, data_wait=1.8%, compute=98.1%, non_finite_skips(local)=0

val:   0%|          | 0/4 [00:00<?, ?it/s]
val:   0%|          | 0/4 [00:00<?, ?it/s, loss=0.0169]
val:   0%|          | 0/4 [00:00<?, ?it/s, loss=0.0128]
val:   0%|          | 0/4 [00:00<?, ?it/s, loss=0.0149]
val:  75%|███████▌  | 3/4 [00:00<00:00, 20.78it/s, loss=0.0149]
val:  75%|███████▌  | 3/4 [00:00<00:00, 20.78it/s, loss=0.0227]
                                                               
[PERF][val] samples(local/global)=8/8, batches(local/global)=4/4, samples/s(local/global)=41.4/41.4, ms/batch(local)=48.3, data_wait=5.3%, compute=94.4%, non_finite_skips(local)=0
[MEM] epoch=162 RAM(before/after)=1413.8/1412.6MB | GPU mem: gpu0 alloc=24.8MB resv=7092.0MB peak=5388.2MB
Epoch 162: train_loss=0.016469, val_loss=0.016833, lr=0.00100000

Epoch 163/200

train:   0%|          | 0/4 [00:00<?, ?it/s]
train:   0%|          | 0/4 [00:00<?, ?it/s, loss=0.0301]
train:  25%|██▌       | 1/4 [00:00<00:00,  6.23it/s, loss=0.0301]
train:  25%|██▌       | 1/4 [00:00<00:00,  6.23it/s, loss=0.0166]
train:  50%|█████     | 2/4 [00:00<00:00,  6.25it/s, loss=0.0166]
train:  50%|█████     | 2/4 [00:00<00:00,  6.25it/s, loss=0.0117]
train:  75%|███████▌  | 3/4 [00:00<00:00,  6.28it/s, loss=0.0117]
train:  75%|███████▌  | 3/4 [00:00<00:00,  6.28it/s, loss=0.0078]
train: 100%|██████████| 4/4 [00:00<00:00,  6.29it/s, loss=0.0078]
                                                                 
[PERF][train] samples(local/global)=8/8, batches(local/global)=4/4, samples/s(local/global)=12.5/12.5, ms/batch(local)=159.4, data_wait=1.9%, compute=98.0%, non_finite_skips(local)=0

val:   0%|          | 0/4 [00:00<?, ?it/s]
val:   0%|          | 0/4 [00:00<?, ?it/s, loss=0.0170]
val:   0%|          | 0/4 [00:00<?, ?it/s, loss=0.0127]
val:   0%|          | 0/4 [00:00<?, ?it/s, loss=0.0149]
val:  75%|███████▌  | 3/4 [00:00<00:00, 20.71it/s, loss=0.0149]
val:  75%|███████▌  | 3/4 [00:00<00:00, 20.71it/s, loss=0.0227]
                                                               
[PERF][val] samples(local/global)=8/8, batches(local/global)=4/4, samples/s(local/global)=41.3/41.3, ms/batch(local)=48.4, data_wait=5.6%, compute=94.1%, non_finite_skips(local)=0
[MEM] epoch=163 RAM(before/after)=1412.6/1412.6MB | GPU mem: gpu0 alloc=24.8MB resv=7092.0MB peak=5388.2MB
Epoch 163: train_loss=0.016544, val_loss=0.016835, lr=0.00100000

Epoch 164/200

train:   0%|          | 0/4 [00:00<?, ?it/s]
train:   0%|          | 0/4 [00:00<?, ?it/s, loss=0.0041]
train:  25%|██▌       | 1/4 [00:00<00:00,  6.29it/s, loss=0.0041]
train:  25%|██▌       | 1/4 [00:00<00:00,  6.29it/s, loss=0.0351]
train:  50%|█████     | 2/4 [00:00<00:00,  6.29it/s, loss=0.0351]
train:  50%|█████     | 2/4 [00:00<00:00,  6.29it/s, loss=0.0146]
train:  75%|███████▌  | 3/4 [00:00<00:00,  6.32it/s, loss=0.0146]
train:  75%|███████▌  | 3/4 [00:00<00:00,  6.32it/s, loss=0.0125]
train: 100%|██████████| 4/4 [00:00<00:00,  6.31it/s, loss=0.0125]
                                                                 
[PERF][train] samples(local/global)=8/8, batches(local/global)=4/4, samples/s(local/global)=12.6/12.6, ms/batch(local)=158.6, data_wait=1.9%, compute=98.0%, non_finite_skips(local)=0

val:   0%|          | 0/4 [00:00<?, ?it/s]
val:   0%|          | 0/4 [00:00<?, ?it/s, loss=0.0170]
val:   0%|          | 0/4 [00:00<?, ?it/s, loss=0.0125]
val:   0%|          | 0/4 [00:00<?, ?it/s, loss=0.0148]
val:  75%|███████▌  | 3/4 [00:00<00:00, 20.63it/s, loss=0.0148]
val:  75%|███████▌  | 3/4 [00:00<00:00, 20.63it/s, loss=0.0226]
                                                               
[PERF][val] samples(local/global)=8/8, batches(local/global)=4/4, samples/s(local/global)=41.3/41.3, ms/batch(local)=48.4, data_wait=5.4%, compute=94.3%, non_finite_skips(local)=0
[MEM] epoch=164 RAM(before/after)=1412.6/1412.6MB | GPU mem: gpu0 alloc=24.8MB resv=7092.0MB peak=5388.2MB
Epoch 164: train_loss=0.016553, val_loss=0.016734, lr=0.00100000
Updated best model: /home/nis/jinrui.yang/EaBNet_light/logs_cbam_flat_projection64/overfit8_lr1e3_20260924_161645/best/best_model.pt (val_loss=0.016734)

Epoch 165/200

train:   0%|          | 0/4 [00:00<?, ?it/s]
train:   0%|          | 0/4 [00:00<?, ?it/s, loss=0.0076]
train:  25%|██▌       | 1/4 [00:00<00:00,  6.23it/s, loss=0.0076]
train:  25%|██▌       | 1/4 [00:00<00:00,  6.23it/s, loss=0.0240]
train:  50%|█████     | 2/4 [00:00<00:00,  6.26it/s, loss=0.0240]
train:  50%|█████     | 2/4 [00:00<00:00,  6.26it/s, loss=0.0268]
train:  75%|███████▌  | 3/4 [00:00<00:00,  6.30it/s, loss=0.0268]
train:  75%|███████▌  | 3/4 [00:00<00:00,  6.30it/s, loss=0.0074]
train: 100%|██████████| 4/4 [00:00<00:00,  6.32it/s, loss=0.0074]
                                                                 
[PERF][train] samples(local/global)=8/8, batches(local/global)=4/4, samples/s(local/global)=12.6/12.6, ms/batch(local)=158.9, data_wait=1.8%, compute=98.1%, non_finite_skips(local)=0

val:   0%|          | 0/4 [00:00<?, ?it/s]
val:   0%|          | 0/4 [00:00<?, ?it/s, loss=0.0169]
val:   0%|          | 0/4 [00:00<?, ?it/s, loss=0.0126]
val:   0%|          | 0/4 [00:00<?, ?it/s, loss=0.0149]
val:  75%|███████▌  | 3/4 [00:00<00:00, 20.70it/s, loss=0.0149]
val:  75%|███████▌  | 3/4 [00:00<00:00, 20.70it/s, loss=0.0225]
                                                               
[PERF][val] samples(local/global)=8/8, batches(local/global)=4/4, samples/s(local/global)=41.4/41.4, ms/batch(local)=48.3, data_wait=5.3%, compute=94.4%, non_finite_skips(local)=0
[MEM] epoch=165 RAM(before/after)=1412.6/1412.6MB | GPU mem: gpu0 alloc=24.8MB resv=7092.0MB peak=5388.2MB
Epoch 165: train_loss=0.016443, val_loss=0.016726, lr=0.00100000
Updated best model: /home/nis/jinrui.yang/EaBNet_light/logs_cbam_flat_projection64/overfit8_lr1e3_20260924_161645/best/best_model.pt (val_loss=0.016726)

Epoch 166/200

train:   0%|          | 0/4 [00:00<?, ?it/s]
train:   0%|          | 0/4 [00:00<?, ?it/s, loss=0.0265]
train:  25%|██▌       | 1/4 [00:00<00:00,  6.26it/s, loss=0.0265]
train:  25%|██▌       | 1/4 [00:00<00:00,  6.26it/s, loss=0.0206]
train:  50%|█████     | 2/4 [00:00<00:00,  6.30it/s, loss=0.0206]
train:  50%|█████     | 2/4 [00:00<00:00,  6.30it/s, loss=0.0073]
train:  75%|███████▌  | 3/4 [00:00<00:00,  6.32it/s, loss=0.0073]
train:  75%|███████▌  | 3/4 [00:00<00:00,  6.32it/s, loss=0.0112]
train: 100%|██████████| 4/4 [00:00<00:00,  6.31it/s, loss=0.0112]
                                                                 
[PERF][train] samples(local/global)=8/8, batches(local/global)=4/4, samples/s(local/global)=12.6/12.6, ms/batch(local)=158.6, data_wait=1.9%, compute=98.0%, non_finite_skips(local)=0

val:   0%|          | 0/4 [00:00<?, ?it/s]
val:   0%|          | 0/4 [00:00<?, ?it/s, loss=0.0169]
val:   0%|          | 0/4 [00:00<?, ?it/s, loss=0.0127]
val:   0%|          | 0/4 [00:00<?, ?it/s, loss=0.0150]
val:  75%|███████▌  | 3/4 [00:00<00:00, 20.85it/s, loss=0.0150]
val:  75%|███████▌  | 3/4 [00:00<00:00, 20.85it/s, loss=0.0227]
                                                               
[PERF][val] samples(local/global)=8/8, batches(local/global)=4/4, samples/s(local/global)=41.5/41.5, ms/batch(local)=48.2, data_wait=5.6%, compute=94.0%, non_finite_skips(local)=0
[MEM] epoch=166 RAM(before/after)=1412.6/1412.6MB | GPU mem: gpu0 alloc=24.8MB resv=7092.0MB peak=5388.2MB
Epoch 166: train_loss=0.016393, val_loss=0.016806, lr=0.00100000

Epoch 167/200

train:   0%|          | 0/4 [00:00<?, ?it/s]
train:   0%|          | 0/4 [00:00<?, ?it/s, loss=0.0083]
train:  25%|██▌       | 1/4 [00:00<00:00,  6.27it/s, loss=0.0083]
train:  25%|██▌       | 1/4 [00:00<00:00,  6.27it/s, loss=0.0299]
train:  50%|█████     | 2/4 [00:00<00:00,  6.29it/s, loss=0.0299]
train:  50%|█████     | 2/4 [00:00<00:00,  6.29it/s, loss=0.0195]
train:  75%|███████▌  | 3/4 [00:00<00:00,  6.31it/s, loss=0.0195]
train:  75%|███████▌  | 3/4 [00:00<00:00,  6.31it/s, loss=0.0083]
train: 100%|██████████| 4/4 [00:00<00:00,  6.33it/s, loss=0.0083]
                                                                 
[PERF][train] samples(local/global)=8/8, batches(local/global)=4/4, samples/s(local/global)=12.6/12.6, ms/batch(local)=158.5, data_wait=1.9%, compute=98.0%, non_finite_skips(local)=0

val:   0%|          | 0/4 [00:00<?, ?it/s]
val:   0%|          | 0/4 [00:00<?, ?it/s, loss=0.0168]
val:   0%|          | 0/4 [00:00<?, ?it/s, loss=0.0125]
val:   0%|          | 0/4 [00:00<?, ?it/s, loss=0.0148]
val:  75%|███████▌  | 3/4 [00:00<00:00, 20.66it/s, loss=0.0148]
val:  75%|███████▌  | 3/4 [00:00<00:00, 20.66it/s, loss=0.0226]
                                                               
[PERF][val] samples(local/global)=8/8, batches(local/global)=4/4, samples/s(local/global)=41.3/41.3, ms/batch(local)=48.4, data_wait=5.4%, compute=94.3%, non_finite_skips(local)=0
[MEM] epoch=167 RAM(before/after)=1412.6/1411.5MB | GPU mem: gpu0 alloc=24.8MB resv=7092.0MB peak=5388.2MB
Epoch 167: train_loss=0.016493, val_loss=0.016681, lr=0.00100000
Updated best model: /home/nis/jinrui.yang/EaBNet_light/logs_cbam_flat_projection64/overfit8_lr1e3_20260924_161645/best/best_model.pt (val_loss=0.016681)

Epoch 168/200

train:   0%|          | 0/4 [00:00<?, ?it/s]
train:   0%|          | 0/4 [00:00<?, ?it/s, loss=0.0225]
train:  25%|██▌       | 1/4 [00:00<00:00,  6.19it/s, loss=0.0225]
train:  25%|██▌       | 1/4 [00:00<00:00,  6.19it/s, loss=0.0154]
train:  50%|█████     | 2/4 [00:00<00:00,  6.28it/s, loss=0.0154]
train:  50%|█████     | 2/4 [00:00<00:00,  6.28it/s, loss=0.0115]
train:  75%|███████▌  | 3/4 [00:00<00:00,  6.32it/s, loss=0.0115]
train:  75%|███████▌  | 3/4 [00:00<00:00,  6.32it/s, loss=0.0160]
train: 100%|██████████| 4/4 [00:00<00:00,  6.33it/s, loss=0.0160]
                                                                 
[PERF][train] samples(local/global)=8/8, batches(local/global)=4/4, samples/s(local/global)=12.6/12.6, ms/batch(local)=158.6, data_wait=2.1%, compute=97.8%, non_finite_skips(local)=0

val:   0%|          | 0/4 [00:00<?, ?it/s]
val:   0%|          | 0/4 [00:00<?, ?it/s, loss=0.0169]
val:   0%|          | 0/4 [00:00<?, ?it/s, loss=0.0125]
val:   0%|          | 0/4 [00:00<?, ?it/s, loss=0.0148]
val:  75%|███████▌  | 3/4 [00:00<00:00, 20.69it/s, loss=0.0148]
val:  75%|███████▌  | 3/4 [00:00<00:00, 20.69it/s, loss=0.0225]
                                                               
[PERF][val] samples(local/global)=8/8, batches(local/global)=4/4, samples/s(local/global)=41.3/41.3, ms/batch(local)=48.4, data_wait=5.3%, compute=94.5%, non_finite_skips(local)=0
[MEM] epoch=168 RAM(before/after)=1411.5/1412.6MB | GPU mem: gpu0 alloc=24.8MB resv=7092.0MB peak=5388.2MB
Epoch 168: train_loss=0.016344, val_loss=0.016653, lr=0.00100000
Updated best model: /home/nis/jinrui.yang/EaBNet_light/logs_cbam_flat_projection64/overfit8_lr1e3_20260924_161645/best/best_model.pt (val_loss=0.016653)

Epoch 169/200

train:   0%|          | 0/4 [00:00<?, ?it/s]
train:   0%|          | 0/4 [00:00<?, ?it/s, loss=0.0067]
train:  25%|██▌       | 1/4 [00:00<00:00,  6.13it/s, loss=0.0067]
train:  25%|██▌       | 1/4 [00:00<00:00,  6.13it/s, loss=0.0165]
train:  50%|█████     | 2/4 [00:00<00:00,  6.24it/s, loss=0.0165]
train:  50%|█████     | 2/4 [00:00<00:00,  6.24it/s, loss=0.0153]
train:  75%|███████▌  | 3/4 [00:00<00:00,  6.30it/s, loss=0.0153]
train:  75%|███████▌  | 3/4 [00:00<00:00,  6.30it/s, loss=0.0268]
train: 100%|██████████| 4/4 [00:00<00:00,  6.31it/s, loss=0.0268]
                                                                 
[PERF][train] samples(local/global)=8/8, batches(local/global)=4/4, samples/s(local/global)=12.5/12.5, ms/batch(local)=159.4, data_wait=2.1%, compute=97.7%, non_finite_skips(local)=0

val:   0%|          | 0/4 [00:00<?, ?it/s]
val:   0%|          | 0/4 [00:00<?, ?it/s, loss=0.0168]
val:   0%|          | 0/4 [00:00<?, ?it/s, loss=0.0124]
val:   0%|          | 0/4 [00:00<?, ?it/s, loss=0.0147]
val:  75%|███████▌  | 3/4 [00:00<00:00, 20.64it/s, loss=0.0147]
val:  75%|███████▌  | 3/4 [00:00<00:00, 20.64it/s, loss=0.0223]
                                                               
[PERF][val] samples(local/global)=8/8, batches(local/global)=4/4, samples/s(local/global)=41.1/41.1, ms/batch(local)=48.6, data_wait=5.8%, compute=93.9%, non_finite_skips(local)=0
[MEM] epoch=169 RAM(before/after)=1412.6/1413.8MB | GPU mem: gpu0 alloc=24.8MB resv=7092.0MB peak=5388.2MB
Epoch 169: train_loss=0.016331, val_loss=0.016550, lr=0.00100000
Updated best model: /home/nis/jinrui.yang/EaBNet_light/logs_cbam_flat_projection64/overfit8_lr1e3_20260924_161645/best/best_model.pt (val_loss=0.016550)

Epoch 170/200

train:   0%|          | 0/4 [00:00<?, ?it/s]
train:   0%|          | 0/4 [00:00<?, ?it/s, loss=0.0261]
train:  25%|██▌       | 1/4 [00:00<00:00,  6.24it/s, loss=0.0261]
train:  25%|██▌       | 1/4 [00:00<00:00,  6.24it/s, loss=0.0112]
train:  50%|█████     | 2/4 [00:00<00:00,  6.30it/s, loss=0.0112]
train:  50%|█████     | 2/4 [00:00<00:00,  6.30it/s, loss=0.0166]
train:  75%|███████▌  | 3/4 [00:00<00:00,  6.32it/s, loss=0.0166]
train:  75%|███████▌  | 3/4 [00:00<00:00,  6.32it/s, loss=0.0117]
train: 100%|██████████| 4/4 [00:00<00:00,  6.32it/s, loss=0.0117]
                                                                 
[PERF][train] samples(local/global)=8/8, batches(local/global)=4/4, samples/s(local/global)=12.6/12.6, ms/batch(local)=158.6, data_wait=1.8%, compute=98.0%, non_finite_skips(local)=0

val:   0%|          | 0/4 [00:00<?, ?it/s]
val:   0%|          | 0/4 [00:00<?, ?it/s, loss=0.0168]
val:   0%|          | 0/4 [00:00<?, ?it/s, loss=0.0126]
val:   0%|          | 0/4 [00:00<?, ?it/s, loss=0.0149]
val:  75%|███████▌  | 3/4 [00:00<00:00, 20.66it/s, loss=0.0149]
val:  75%|███████▌  | 3/4 [00:00<00:00, 20.66it/s, loss=0.0230]
                                                               
[PERF][val] samples(local/global)=8/8, batches(local/global)=4/4, samples/s(local/global)=41.3/41.3, ms/batch(local)=48.5, data_wait=5.5%, compute=94.2%, non_finite_skips(local)=0
[MEM] epoch=170 RAM(before/after)=1413.8/1413.8MB | GPU mem: gpu0 alloc=24.8MB resv=7092.0MB peak=5388.2MB
Epoch 170: train_loss=0.016396, val_loss=0.016810, lr=0.00100000

Epoch 171/200

train:   0%|          | 0/4 [00:00<?, ?it/s]
train:   0%|          | 0/4 [00:00<?, ?it/s, loss=0.0228]
train:  25%|██▌       | 1/4 [00:00<00:00,  6.28it/s, loss=0.0228]
train:  25%|██▌       | 1/4 [00:00<00:00,  6.28it/s, loss=0.0066]
train:  50%|█████     | 2/4 [00:00<00:00,  6.28it/s, loss=0.0066]
train:  50%|█████     | 2/4 [00:00<00:00,  6.28it/s, loss=0.0155]
train:  75%|███████▌  | 3/4 [00:00<00:00,  6.30it/s, loss=0.0155]
train:  75%|███████▌  | 3/4 [00:00<00:00,  6.30it/s, loss=0.0210]
train: 100%|██████████| 4/4 [00:00<00:00,  6.30it/s, loss=0.0210]
                                                                 
[PERF][train] samples(local/global)=8/8, batches(local/global)=4/4, samples/s(local/global)=12.6/12.6, ms/batch(local)=158.9, data_wait=1.8%, compute=98.1%, non_finite_skips(local)=0

val:   0%|          | 0/4 [00:00<?, ?it/s]
val:   0%|          | 0/4 [00:00<?, ?it/s, loss=0.0171]
val:   0%|          | 0/4 [00:00<?, ?it/s, loss=0.0127]
val:   0%|          | 0/4 [00:00<?, ?it/s, loss=0.0151]
val:  75%|███████▌  | 3/4 [00:00<00:00, 20.65it/s, loss=0.0151]
val:  75%|███████▌  | 3/4 [00:00<00:00, 20.65it/s, loss=0.0230]
                                                               
[PERF][val] samples(local/global)=8/8, batches(local/global)=4/4, samples/s(local/global)=41.3/41.3, ms/batch(local)=48.4, data_wait=5.5%, compute=94.2%, non_finite_skips(local)=0
[MEM] epoch=171 RAM(before/after)=1413.8/1411.5MB | GPU mem: gpu0 alloc=24.8MB resv=7092.0MB peak=5388.2MB
Epoch 171: train_loss=0.016472, val_loss=0.016969, lr=0.00100000

Epoch 172/200

train:   0%|          | 0/4 [00:00<?, ?it/s]
train:   0%|          | 0/4 [00:00<?, ?it/s, loss=0.0265]
train:  25%|██▌       | 1/4 [00:00<00:00,  6.23it/s, loss=0.0265]
train:  25%|██▌       | 1/4 [00:00<00:00,  6.23it/s, loss=0.0083]
train:  50%|█████     | 2/4 [00:00<00:00,  6.26it/s, loss=0.0083]
train:  50%|█████     | 2/4 [00:00<00:00,  6.26it/s, loss=0.0194]
train:  75%|███████▌  | 3/4 [00:00<00:00,  6.32it/s, loss=0.0194]
train:  75%|███████▌  | 3/4 [00:00<00:00,  6.32it/s, loss=0.0118]
train: 100%|██████████| 4/4 [00:00<00:00,  6.34it/s, loss=0.0118]
                                                                 
[PERF][train] samples(local/global)=8/8, batches(local/global)=4/4, samples/s(local/global)=12.6/12.6, ms/batch(local)=158.5, data_wait=1.9%, compute=97.9%, non_finite_skips(local)=0

val:   0%|          | 0/4 [00:00<?, ?it/s]
val:   0%|          | 0/4 [00:00<?, ?it/s, loss=0.0169]
val:   0%|          | 0/4 [00:00<?, ?it/s, loss=0.0126]
val:   0%|          | 0/4 [00:00<?, ?it/s, loss=0.0148]
val:  75%|███████▌  | 3/4 [00:00<00:00, 20.74it/s, loss=0.0148]
val:  75%|███████▌  | 3/4 [00:00<00:00, 20.74it/s, loss=0.0226]
                                                               
[PERF][val] samples(local/global)=8/8, batches(local/global)=4/4, samples/s(local/global)=41.3/41.3, ms/batch(local)=48.4, data_wait=5.3%, compute=94.3%, non_finite_skips(local)=0
[MEM] epoch=172 RAM(before/after)=1411.5/1411.5MB | GPU mem: gpu0 alloc=24.8MB resv=7092.0MB peak=5388.2MB
Epoch 172: train_loss=0.016521, val_loss=0.016717, lr=0.00100000

Epoch 173/200

train:   0%|          | 0/4 [00:00<?, ?it/s]
train:   0%|          | 0/4 [00:00<?, ?it/s, loss=0.0111]
train:  25%|██▌       | 1/4 [00:00<00:00,  6.26it/s, loss=0.0111]
train:  25%|██▌       | 1/4 [00:00<00:00,  6.26it/s, loss=0.0041]
train:  50%|█████     | 2/4 [00:00<00:00,  6.30it/s, loss=0.0041]
train:  50%|█████     | 2/4 [00:00<00:00,  6.30it/s, loss=0.0242]
train:  75%|███████▌  | 3/4 [00:00<00:00,  6.31it/s, loss=0.0242]
train:  75%|███████▌  | 3/4 [00:00<00:00,  6.31it/s, loss=0.0270]
train: 100%|██████████| 4/4 [00:00<00:00,  6.32it/s, loss=0.0270]
                                                                 
[PERF][train] samples(local/global)=8/8, batches(local/global)=4/4, samples/s(local/global)=12.6/12.6, ms/batch(local)=158.7, data_wait=1.9%, compute=98.0%, non_finite_skips(local)=0

val:   0%|          | 0/4 [00:00<?, ?it/s]
val:   0%|          | 0/4 [00:00<?, ?it/s, loss=0.0169]
val:   0%|          | 0/4 [00:00<?, ?it/s, loss=0.0125]
val:   0%|          | 0/4 [00:00<?, ?it/s, loss=0.0146]
val:  75%|███████▌  | 3/4 [00:00<00:00, 20.62it/s, loss=0.0146]
val:  75%|███████▌  | 3/4 [00:00<00:00, 20.62it/s, loss=0.0222]
                                                               
[PERF][val] samples(local/global)=8/8, batches(local/global)=4/4, samples/s(local/global)=41.3/41.3, ms/batch(local)=48.4, data_wait=5.4%, compute=94.3%, non_finite_skips(local)=0
[MEM] epoch=173 RAM(before/after)=1411.5/1411.5MB | GPU mem: gpu0 alloc=24.8MB resv=7092.0MB peak=5388.2MB
Epoch 173: train_loss=0.016581, val_loss=0.016555, lr=0.00100000

Epoch 174/200

train:   0%|          | 0/4 [00:00<?, ?it/s]
train:   0%|          | 0/4 [00:00<?, ?it/s, loss=0.0217]
train:  25%|██▌       | 1/4 [00:00<00:00,  6.24it/s, loss=0.0217]
train:  25%|██▌       | 1/4 [00:00<00:00,  6.24it/s, loss=0.0194]
train:  50%|█████     | 2/4 [00:00<00:00,  6.26it/s, loss=0.0194]
train:  50%|█████     | 2/4 [00:00<00:00,  6.26it/s, loss=0.0162]
train:  75%|███████▌  | 3/4 [00:00<00:00,  6.31it/s, loss=0.0162]
train:  75%|███████▌  | 3/4 [00:00<00:00,  6.31it/s, loss=0.0084]
train: 100%|██████████| 4/4 [00:00<00:00,  6.33it/s, loss=0.0084]
                                                                 
[PERF][train] samples(local/global)=8/8, batches(local/global)=4/4, samples/s(local/global)=12.6/12.6, ms/batch(local)=158.7, data_wait=1.9%, compute=98.0%, non_finite_skips(local)=0

val:   0%|          | 0/4 [00:00<?, ?it/s]
val:   0%|          | 0/4 [00:00<?, ?it/s, loss=0.0170]
val:   0%|          | 0/4 [00:00<?, ?it/s, loss=0.0126]
val:   0%|          | 0/4 [00:00<?, ?it/s, loss=0.0151]
val:  75%|███████▌  | 3/4 [00:00<00:00, 20.84it/s, loss=0.0151]
val:  75%|███████▌  | 3/4 [00:00<00:00, 20.84it/s, loss=0.0233]
                                                               
[PERF][val] samples(local/global)=8/8, batches(local/global)=4/4, samples/s(local/global)=41.5/41.5, ms/batch(local)=48.2, data_wait=5.3%, compute=94.4%, non_finite_skips(local)=0
[MEM] epoch=174 RAM(before/after)=1411.5/1412.6MB | GPU mem: gpu0 alloc=24.8MB resv=7092.0MB peak=5388.2MB
Epoch 174: train_loss=0.016443, val_loss=0.016995, lr=0.00100000

Epoch 175/200

train:   0%|          | 0/4 [00:00<?, ?it/s]
train:   0%|          | 0/4 [00:00<?, ?it/s, loss=0.0275]
train:  25%|██▌       | 1/4 [00:00<00:00,  6.28it/s, loss=0.0275]
train:  25%|██▌       | 1/4 [00:00<00:00,  6.28it/s, loss=0.0111]
train:  50%|█████     | 2/4 [00:00<00:00,  6.27it/s, loss=0.0111]
train:  50%|█████     | 2/4 [00:00<00:00,  6.27it/s, loss=0.0109]
train:  75%|███████▌  | 3/4 [00:00<00:00,  6.30it/s, loss=0.0109]
train:  75%|███████▌  | 3/4 [00:00<00:00,  6.30it/s, loss=0.0166]
train: 100%|██████████| 4/4 [00:00<00:00,  6.31it/s, loss=0.0166]
                                                                 
[PERF][train] samples(local/global)=8/8, batches(local/global)=4/4, samples/s(local/global)=12.6/12.6, ms/batch(local)=158.9, data_wait=1.9%, compute=97.9%, non_finite_skips(local)=0

val:   0%|          | 0/4 [00:00<?, ?it/s]
val:   0%|          | 0/4 [00:00<?, ?it/s, loss=0.0168]
val:   0%|          | 0/4 [00:00<?, ?it/s, loss=0.0127]
val:   0%|          | 0/4 [00:00<?, ?it/s, loss=0.0152]
val:  75%|███████▌  | 3/4 [00:00<00:00, 20.65it/s, loss=0.0152]
val:  75%|███████▌  | 3/4 [00:00<00:00, 20.65it/s, loss=0.0227]
                                                               
[PERF][val] samples(local/global)=8/8, batches(local/global)=4/4, samples/s(local/global)=41.3/41.3, ms/batch(local)=48.5, data_wait=5.4%, compute=94.3%, non_finite_skips(local)=0
[MEM] epoch=175 RAM(before/after)=1412.6/1413.8MB | GPU mem: gpu0 alloc=24.8MB resv=7092.0MB peak=5388.2MB
Epoch 175: train_loss=0.016521, val_loss=0.016848, lr=0.00100000

Epoch 176/200

train:   0%|          | 0/4 [00:00<?, ?it/s]
train:   0%|          | 0/4 [00:00<?, ?it/s, loss=0.0193]
train:  25%|██▌       | 1/4 [00:00<00:00,  6.26it/s, loss=0.0193]
train:  25%|██▌       | 1/4 [00:00<00:00,  6.26it/s, loss=0.0269]
train:  50%|█████     | 2/4 [00:00<00:00,  6.27it/s, loss=0.0269]
train:  50%|█████     | 2/4 [00:00<00:00,  6.27it/s, loss=0.0112]
train:  75%|███████▌  | 3/4 [00:00<00:00,  6.31it/s, loss=0.0112]
train:  75%|███████▌  | 3/4 [00:00<00:00,  6.31it/s, loss=0.0083]
train: 100%|██████████| 4/4 [00:00<00:00,  6.30it/s, loss=0.0083]
                                                                 
[PERF][train] samples(local/global)=8/8, batches(local/global)=4/4, samples/s(local/global)=12.6/12.6, ms/batch(local)=159.1, data_wait=1.9%, compute=97.9%, non_finite_skips(local)=0

val:   0%|          | 0/4 [00:00<?, ?it/s]
val:   0%|          | 0/4 [00:00<?, ?it/s, loss=0.0171]
val:   0%|          | 0/4 [00:00<?, ?it/s, loss=0.0126]
val:   0%|          | 0/4 [00:00<?, ?it/s, loss=0.0151]
val:  75%|███████▌  | 3/4 [00:00<00:00, 20.71it/s, loss=0.0151]
val:  75%|███████▌  | 3/4 [00:00<00:00, 20.71it/s, loss=0.0230]
                                                               
[PERF][val] samples(local/global)=8/8, batches(local/global)=4/4, samples/s(local/global)=41.4/41.4, ms/batch(local)=48.3, data_wait=5.1%, compute=94.6%, non_finite_skips(local)=0
[MEM] epoch=176 RAM(before/after)=1413.8/1413.8MB | GPU mem: gpu0 alloc=24.8MB resv=7092.0MB peak=5388.2MB
Epoch 176: train_loss=0.016415, val_loss=0.016933, lr=0.00100000

Epoch 177/200

train:   0%|          | 0/4 [00:00<?, ?it/s]
train:   0%|          | 0/4 [00:00<?, ?it/s, loss=0.0260]
train:  25%|██▌       | 1/4 [00:00<00:00,  6.27it/s, loss=0.0260]
train:  25%|██▌       | 1/4 [00:00<00:00,  6.27it/s, loss=0.0208]
train:  50%|█████     | 2/4 [00:00<00:00,  6.31it/s, loss=0.0208]
train:  50%|█████     | 2/4 [00:00<00:00,  6.31it/s, loss=0.0069]
train:  75%|███████▌  | 3/4 [00:00<00:00,  6.32it/s, loss=0.0069]
train:  75%|███████▌  | 3/4 [00:00<00:00,  6.32it/s, loss=0.0119]
train: 100%|██████████| 4/4 [00:00<00:00,  6.31it/s, loss=0.0119]
                                                                 
[PERF][train] samples(local/global)=8/8, batches(local/global)=4/4, samples/s(local/global)=12.6/12.6, ms/batch(local)=158.6, data_wait=1.8%, compute=98.0%, non_finite_skips(local)=0

val:   0%|          | 0/4 [00:00<?, ?it/s]
val:   0%|          | 0/4 [00:00<?, ?it/s, loss=0.0169]
val:   0%|          | 0/4 [00:00<?, ?it/s, loss=0.0127]
val:   0%|          | 0/4 [00:00<?, ?it/s, loss=0.0147]
val:  75%|███████▌  | 3/4 [00:00<00:00, 20.55it/s, loss=0.0147]
val:  75%|███████▌  | 3/4 [00:00<00:00, 20.55it/s, loss=0.0225]
                                                               
[PERF][val] samples(local/global)=8/8, batches(local/global)=4/4, samples/s(local/global)=41.1/41.1, ms/batch(local)=48.6, data_wait=5.6%, compute=94.1%, non_finite_skips(local)=0
[MEM] epoch=177 RAM(before/after)=1413.8/1412.8MB | GPU mem: gpu0 alloc=24.8MB resv=7092.0MB peak=5388.2MB
Epoch 177: train_loss=0.016422, val_loss=0.016693, lr=0.00100000

Epoch 178/200

train:   0%|          | 0/4 [00:00<?, ?it/s]
train:   0%|          | 0/4 [00:00<?, ?it/s, loss=0.0240]
train:  25%|██▌       | 1/4 [00:00<00:00,  6.17it/s, loss=0.0240]
train:  25%|██▌       | 1/4 [00:00<00:00,  6.17it/s, loss=0.0040]
train:  50%|█████     | 2/4 [00:00<00:00,  6.27it/s, loss=0.0040]
train:  50%|█████     | 2/4 [00:00<00:00,  6.27it/s, loss=0.0112]
train:  75%|███████▌  | 3/4 [00:00<00:00,  6.30it/s, loss=0.0112]
train:  75%|███████▌  | 3/4 [00:00<00:00,  6.30it/s, loss=0.0266]
train: 100%|██████████| 4/4 [00:00<00:00,  6.32it/s, loss=0.0266]
                                                                 
[PERF][train] samples(local/global)=8/8, batches(local/global)=4/4, samples/s(local/global)=12.6/12.6, ms/batch(local)=159.0, data_wait=2.3%, compute=97.5%, non_finite_skips(local)=0

val:   0%|          | 0/4 [00:00<?, ?it/s]
val:   0%|          | 0/4 [00:00<?, ?it/s, loss=0.0167]
val:   0%|          | 0/4 [00:00<?, ?it/s, loss=0.0124]
val:   0%|          | 0/4 [00:00<?, ?it/s, loss=0.0152]
val:  75%|███████▌  | 3/4 [00:00<00:00, 20.56it/s, loss=0.0152]
val:  75%|███████▌  | 3/4 [00:00<00:00, 20.56it/s, loss=0.0222]
                                                               
[PERF][val] samples(local/global)=8/8, batches(local/global)=4/4, samples/s(local/global)=41.0/41.0, ms/batch(local)=48.8, data_wait=5.6%, compute=94.0%, non_finite_skips(local)=0
[MEM] epoch=178 RAM(before/after)=1412.8/1411.5MB | GPU mem: gpu0 alloc=24.8MB resv=7092.0MB peak=5388.2MB
Epoch 178: train_loss=0.016482, val_loss=0.016628, lr=0.00100000

Epoch 179/200

train:   0%|          | 0/4 [00:00<?, ?it/s]
train:   0%|          | 0/4 [00:00<?, ?it/s, loss=0.0113]
train:  25%|██▌       | 1/4 [00:00<00:00,  6.26it/s, loss=0.0113]
train:  25%|██▌       | 1/4 [00:00<00:00,  6.26it/s, loss=0.0257]
train:  50%|█████     | 2/4 [00:00<00:00,  6.27it/s, loss=0.0257]
train:  50%|█████     | 2/4 [00:00<00:00,  6.27it/s, loss=0.0192]
train:  75%|███████▌  | 3/4 [00:00<00:00,  6.30it/s, loss=0.0192]
train:  75%|███████▌  | 3/4 [00:00<00:00,  6.30it/s, loss=0.0090]
train: 100%|██████████| 4/4 [00:00<00:00,  6.30it/s, loss=0.0090]
                                                                 
[PERF][train] samples(local/global)=8/8, batches(local/global)=4/4, samples/s(local/global)=12.6/12.6, ms/batch(local)=159.1, data_wait=1.9%, compute=97.9%, non_finite_skips(local)=0

val:   0%|          | 0/4 [00:00<?, ?it/s]
val:   0%|          | 0/4 [00:00<?, ?it/s, loss=0.0170]
val:   0%|          | 0/4 [00:00<?, ?it/s, loss=0.0125]
val:   0%|          | 0/4 [00:00<?, ?it/s, loss=0.0149]
val:  75%|███████▌  | 3/4 [00:00<00:00, 20.59it/s, loss=0.0149]
val:  75%|███████▌  | 3/4 [00:00<00:00, 20.59it/s, loss=0.0229]
                                                               
[PERF][val] samples(local/global)=8/8, batches(local/global)=4/4, samples/s(local/global)=41.2/41.2, ms/batch(local)=48.6, data_wait=5.7%, compute=94.1%, non_finite_skips(local)=0
[MEM] epoch=179 RAM(before/after)=1411.5/1412.6MB | GPU mem: gpu0 alloc=24.8MB resv=7092.0MB peak=5388.2MB
Epoch 179: train_loss=0.016268, val_loss=0.016803, lr=0.00100000

Epoch 180/200

train:   0%|          | 0/4 [00:00<?, ?it/s]
train:   0%|          | 0/4 [00:00<?, ?it/s, loss=0.0219]
train:  25%|██▌       | 1/4 [00:00<00:00,  6.16it/s, loss=0.0219]
train:  25%|██▌       | 1/4 [00:00<00:00,  6.16it/s, loss=0.0082]
train:  50%|█████     | 2/4 [00:00<00:00,  6.24it/s, loss=0.0082]
train:  50%|█████     | 2/4 [00:00<00:00,  6.24it/s, loss=0.0114]
train:  75%|███████▌  | 3/4 [00:00<00:00,  6.27it/s, loss=0.0114]
train:  75%|███████▌  | 3/4 [00:00<00:00,  6.27it/s, loss=0.0237]
train: 100%|██████████| 4/4 [00:00<00:00,  6.28it/s, loss=0.0237]
                                                                 
[PERF][train] samples(local/global)=8/8, batches(local/global)=4/4, samples/s(local/global)=12.5/12.5, ms/batch(local)=159.8, data_wait=2.3%, compute=97.6%, non_finite_skips(local)=0

val:   0%|          | 0/4 [00:00<?, ?it/s]
val:   0%|          | 0/4 [00:00<?, ?it/s, loss=0.0168]
val:   0%|          | 0/4 [00:00<?, ?it/s, loss=0.0125]
val:   0%|          | 0/4 [00:00<?, ?it/s, loss=0.0148]
val:  75%|███████▌  | 3/4 [00:00<00:00, 20.70it/s, loss=0.0148]
val:  75%|███████▌  | 3/4 [00:00<00:00, 20.70it/s, loss=0.0226]
                                                               
[PERF][val] samples(local/global)=8/8, batches(local/global)=4/4, samples/s(local/global)=41.3/41.3, ms/batch(local)=48.4, data_wait=5.8%, compute=93.9%, non_finite_skips(local)=0
[MEM] epoch=180 RAM(before/after)=1412.6/1412.6MB | GPU mem: gpu0 alloc=24.8MB resv=7092.0MB peak=5388.2MB
Epoch 180: train_loss=0.016297, val_loss=0.016671, lr=0.00100000

Epoch 181/200

train:   0%|          | 0/4 [00:00<?, ?it/s]
train:   0%|          | 0/4 [00:00<?, ?it/s, loss=0.0073]
train:  25%|██▌       | 1/4 [00:00<00:00,  6.14it/s, loss=0.0073]
train:  25%|██▌       | 1/4 [00:00<00:00,  6.14it/s, loss=0.0159]
train:  50%|█████     | 2/4 [00:00<00:00,  6.22it/s, loss=0.0159]
train:  50%|█████     | 2/4 [00:00<00:00,  6.22it/s, loss=0.0124]
train:  75%|███████▌  | 3/4 [00:00<00:00,  6.28it/s, loss=0.0124]
train:  75%|███████▌  | 3/4 [00:00<00:00,  6.28it/s, loss=0.0300]
train: 100%|██████████| 4/4 [00:00<00:00,  6.30it/s, loss=0.0300]
                                                                 
[PERF][train] samples(local/global)=8/8, batches(local/global)=4/4, samples/s(local/global)=12.5/12.5, ms/batch(local)=159.6, data_wait=2.3%, compute=97.5%, non_finite_skips(local)=0

val:   0%|          | 0/4 [00:00<?, ?it/s]
val:   0%|          | 0/4 [00:00<?, ?it/s, loss=0.0167]
val:   0%|          | 0/4 [00:00<?, ?it/s, loss=0.0124]
val:   0%|          | 0/4 [00:00<?, ?it/s, loss=0.0146]
val:  75%|███████▌  | 3/4 [00:00<00:00, 20.74it/s, loss=0.0146]
val:  75%|███████▌  | 3/4 [00:00<00:00, 20.74it/s, loss=0.0223]
                                                               
[PERF][val] samples(local/global)=8/8, batches(local/global)=4/4, samples/s(local/global)=41.4/41.4, ms/batch(local)=48.4, data_wait=5.5%, compute=94.2%, non_finite_skips(local)=0
[MEM] epoch=181 RAM(before/after)=1412.6/1412.6MB | GPU mem: gpu0 alloc=24.8MB resv=7092.0MB peak=5388.2MB
Epoch 181: train_loss=0.016379, val_loss=0.016474, lr=0.00100000
Updated best model: /home/nis/jinrui.yang/EaBNet_light/logs_cbam_flat_projection64/overfit8_lr1e3_20260924_161645/best/best_model.pt (val_loss=0.016474)

Epoch 182/200

train:   0%|          | 0/4 [00:00<?, ?it/s]
train:   0%|          | 0/4 [00:00<?, ?it/s, loss=0.0150]
train:  25%|██▌       | 1/4 [00:00<00:00,  6.16it/s, loss=0.0150]
train:  25%|██▌       | 1/4 [00:00<00:00,  6.16it/s, loss=0.0158]
train:  50%|█████     | 2/4 [00:00<00:00,  6.24it/s, loss=0.0158]
train:  50%|█████     | 2/4 [00:00<00:00,  6.24it/s, loss=0.0073]
train:  75%|███████▌  | 3/4 [00:00<00:00,  6.29it/s, loss=0.0073]
train:  75%|███████▌  | 3/4 [00:00<00:00,  6.29it/s, loss=0.0264]
train: 100%|██████████| 4/4 [00:00<00:00,  6.31it/s, loss=0.0264]
                                                                 
[PERF][train] samples(local/global)=8/8, batches(local/global)=4/4, samples/s(local/global)=12.6/12.6, ms/batch(local)=159.2, data_wait=2.3%, compute=97.6%, non_finite_skips(local)=0

val:   0%|          | 0/4 [00:00<?, ?it/s]
val:   0%|          | 0/4 [00:00<?, ?it/s, loss=0.0167]
val:   0%|          | 0/4 [00:00<?, ?it/s, loss=0.0125]
val:   0%|          | 0/4 [00:00<?, ?it/s, loss=0.0147]
val:  75%|███████▌  | 3/4 [00:00<00:00, 20.66it/s, loss=0.0147]
val:  75%|███████▌  | 3/4 [00:00<00:00, 20.66it/s, loss=0.0222]
                                                               
[PERF][val] samples(local/global)=8/8, batches(local/global)=4/4, samples/s(local/global)=41.3/41.3, ms/batch(local)=48.4, data_wait=5.7%, compute=94.0%, non_finite_skips(local)=0
[MEM] epoch=182 RAM(before/after)=1412.6/1413.8MB | GPU mem: gpu0 alloc=24.8MB resv=7092.0MB peak=5388.2MB
Epoch 182: train_loss=0.016130, val_loss=0.016515, lr=0.00100000

Epoch 183/200

train:   0%|          | 0/4 [00:00<?, ?it/s]
train:   0%|          | 0/4 [00:00<?, ?it/s, loss=0.0088]
train:  25%|██▌       | 1/4 [00:00<00:00,  6.09it/s, loss=0.0088]
train:  25%|██▌       | 1/4 [00:00<00:00,  6.09it/s, loss=0.0066]
train:  50%|█████     | 2/4 [00:00<00:00,  6.24it/s, loss=0.0066]
train:  50%|█████     | 2/4 [00:00<00:00,  6.24it/s, loss=0.0255]
train:  75%|███████▌  | 3/4 [00:00<00:00,  6.29it/s, loss=0.0255]
train:  75%|███████▌  | 3/4 [00:00<00:00,  6.29it/s, loss=0.0237]
train: 100%|██████████| 4/4 [00:00<00:00,  6.31it/s, loss=0.0237]
                                                                 
[PERF][train] samples(local/global)=8/8, batches(local/global)=4/4, samples/s(local/global)=12.5/12.5, ms/batch(local)=159.4, data_wait=2.6%, compute=97.3%, non_finite_skips(local)=0

val:   0%|          | 0/4 [00:00<?, ?it/s]
val:   0%|          | 0/4 [00:00<?, ?it/s, loss=0.0167]
val:   0%|          | 0/4 [00:00<?, ?it/s, loss=0.0123]
val:   0%|          | 0/4 [00:00<?, ?it/s, loss=0.0146]
val:  75%|███████▌  | 3/4 [00:00<00:00, 20.68it/s, loss=0.0146]
val:  75%|███████▌  | 3/4 [00:00<00:00, 20.68it/s, loss=0.0220]
                                                               
[PERF][val] samples(local/global)=8/8, batches(local/global)=4/4, samples/s(local/global)=41.4/41.4, ms/batch(local)=48.4, data_wait=5.4%, compute=94.3%, non_finite_skips(local)=0
[MEM] epoch=183 RAM(before/after)=1413.8/1413.8MB | GPU mem: gpu0 alloc=24.8MB resv=7092.0MB peak=5388.2MB
Epoch 183: train_loss=0.016164, val_loss=0.016406, lr=0.00100000
Updated best model: /home/nis/jinrui.yang/EaBNet_light/logs_cbam_flat_projection64/overfit8_lr1e3_20260924_161645/best/best_model.pt (val_loss=0.016406)

Epoch 184/200

train:   0%|          | 0/4 [00:00<?, ?it/s]
train:   0%|          | 0/4 [00:00<?, ?it/s, loss=0.0109]
train:  25%|██▌       | 1/4 [00:00<00:00,  6.17it/s, loss=0.0109]
train:  25%|██▌       | 1/4 [00:00<00:00,  6.17it/s, loss=0.0207]
train:  50%|█████     | 2/4 [00:00<00:00,  6.25it/s, loss=0.0207]
train:  50%|█████     | 2/4 [00:00<00:00,  6.25it/s, loss=0.0254]
train:  75%|███████▌  | 3/4 [00:00<00:00,  6.30it/s, loss=0.0254]
train:  75%|███████▌  | 3/4 [00:00<00:00,  6.30it/s, loss=0.0071]
train: 100%|██████████| 4/4 [00:00<00:00,  6.31it/s, loss=0.0071]
                                                                 
[PERF][train] samples(local/global)=8/8, batches(local/global)=4/4, samples/s(local/global)=12.6/12.6, ms/batch(local)=159.2, data_wait=2.4%, compute=97.5%, non_finite_skips(local)=0

val:   0%|          | 0/4 [00:00<?, ?it/s]
val:   0%|          | 0/4 [00:00<?, ?it/s, loss=0.0167]
val:   0%|          | 0/4 [00:00<?, ?it/s, loss=0.0122]
val:   0%|          | 0/4 [00:00<?, ?it/s, loss=0.0145]
val:  75%|███████▌  | 3/4 [00:00<00:00, 20.75it/s, loss=0.0145]
val:  75%|███████▌  | 3/4 [00:00<00:00, 20.75it/s, loss=0.0218]
                                                               
[PERF][val] samples(local/global)=8/8, batches(local/global)=4/4, samples/s(local/global)=41.3/41.3, ms/batch(local)=48.4, data_wait=5.5%, compute=94.3%, non_finite_skips(local)=0
[MEM] epoch=184 RAM(before/after)=1413.8/1412.8MB | GPU mem: gpu0 alloc=24.8MB resv=7092.0MB peak=5388.2MB
Epoch 184: train_loss=0.016041, val_loss=0.016311, lr=0.00100000
Updated best model: /home/nis/jinrui.yang/EaBNet_light/logs_cbam_flat_projection64/overfit8_lr1e3_20260924_161645/best/best_model.pt (val_loss=0.016311)

Epoch 185/200

train:   0%|          | 0/4 [00:00<?, ?it/s]
train:   0%|          | 0/4 [00:00<?, ?it/s, loss=0.0150]
train:  25%|██▌       | 1/4 [00:00<00:00,  6.14it/s, loss=0.0150]
train:  25%|██▌       | 1/4 [00:00<00:00,  6.14it/s, loss=0.0158]
train:  50%|█████     | 2/4 [00:00<00:00,  6.24it/s, loss=0.0158]
train:  50%|█████     | 2/4 [00:00<00:00,  6.24it/s, loss=0.0071]
train:  75%|███████▌  | 3/4 [00:00<00:00,  6.28it/s, loss=0.0071]
train:  75%|███████▌  | 3/4 [00:00<00:00,  6.28it/s, loss=0.0259]
train: 100%|██████████| 4/4 [00:00<00:00,  6.30it/s, loss=0.0259]
                                                                 
[PERF][train] samples(local/global)=8/8, batches(local/global)=4/4, samples/s(local/global)=12.5/12.5, ms/batch(local)=159.4, data_wait=2.3%, compute=97.5%, non_finite_skips(local)=0

val:   0%|          | 0/4 [00:00<?, ?it/s]
val:   0%|          | 0/4 [00:00<?, ?it/s, loss=0.0166]
val:   0%|          | 0/4 [00:00<?, ?it/s, loss=0.0122]
val:   0%|          | 0/4 [00:00<?, ?it/s, loss=0.0145]
val:  75%|███████▌  | 3/4 [00:00<00:00, 20.56it/s, loss=0.0145]
val:  75%|███████▌  | 3/4 [00:00<00:00, 20.56it/s, loss=0.0219]
                                                               
[PERF][val] samples(local/global)=8/8, batches(local/global)=4/4, samples/s(local/global)=41.0/41.0, ms/batch(local)=48.7, data_wait=5.6%, compute=94.1%, non_finite_skips(local)=0
[MEM] epoch=185 RAM(before/after)=1412.8/1411.5MB | GPU mem: gpu0 alloc=24.8MB resv=7092.0MB peak=5388.2MB
Epoch 185: train_loss=0.015944, val_loss=0.016318, lr=0.00100000

Epoch 186/200

train:   0%|          | 0/4 [00:00<?, ?it/s]
train:   0%|          | 0/4 [00:00<?, ?it/s, loss=0.0143]
train:  25%|██▌       | 1/4 [00:00<00:00,  6.19it/s, loss=0.0143]
train:  25%|██▌       | 1/4 [00:00<00:00,  6.19it/s, loss=0.0040]
train:  50%|█████     | 2/4 [00:00<00:00,  6.29it/s, loss=0.0040]
train:  50%|█████     | 2/4 [00:00<00:00,  6.29it/s, loss=0.0343]
train:  75%|███████▌  | 3/4 [00:00<00:00,  6.33it/s, loss=0.0343]
train:  75%|███████▌  | 3/4 [00:00<00:00,  6.33it/s, loss=0.0121]
train: 100%|██████████| 4/4 [00:00<00:00,  6.31it/s, loss=0.0121]
                                                                 
[PERF][train] samples(local/global)=8/8, batches(local/global)=4/4, samples/s(local/global)=12.6/12.6, ms/batch(local)=158.8, data_wait=2.2%, compute=97.7%, non_finite_skips(local)=0

val:   0%|          | 0/4 [00:00<?, ?it/s]
val:   0%|          | 0/4 [00:00<?, ?it/s, loss=0.0166]
val:   0%|          | 0/4 [00:00<?, ?it/s, loss=0.0121]
val:   0%|          | 0/4 [00:00<?, ?it/s, loss=0.0145]
val:  75%|███████▌  | 3/4 [00:00<00:00, 20.74it/s, loss=0.0145]
val:  75%|███████▌  | 3/4 [00:00<00:00, 20.74it/s, loss=0.0218]
                                                               
[PERF][val] samples(local/global)=8/8, batches(local/global)=4/4, samples/s(local/global)=41.4/41.4, ms/batch(local)=48.3, data_wait=5.4%, compute=94.3%, non_finite_skips(local)=0
[MEM] epoch=186 RAM(before/after)=1411.5/1412.6MB | GPU mem: gpu0 alloc=24.8MB resv=7092.0MB peak=5388.2MB
Epoch 186: train_loss=0.016163, val_loss=0.016283, lr=0.00100000
Updated best model: /home/nis/jinrui.yang/EaBNet_light/logs_cbam_flat_projection64/overfit8_lr1e3_20260924_161645/best/best_model.pt (val_loss=0.016283)

Epoch 187/200

train:   0%|          | 0/4 [00:00<?, ?it/s]
train:   0%|          | 0/4 [00:00<?, ?it/s, loss=0.0074]
train:  25%|██▌       | 1/4 [00:00<00:00,  6.12it/s, loss=0.0074]
train:  25%|██▌       | 1/4 [00:00<00:00,  6.12it/s, loss=0.0141]
train:  50%|█████     | 2/4 [00:00<00:00,  6.25it/s, loss=0.0141]
train:  50%|█████     | 2/4 [00:00<00:00,  6.25it/s, loss=0.0087]
train:  75%|███████▌  | 3/4 [00:00<00:00,  6.31it/s, loss=0.0087]
train:  75%|███████▌  | 3/4 [00:00<00:00,  6.31it/s, loss=0.0340]
train: 100%|██████████| 4/4 [00:00<00:00,  6.32it/s, loss=0.0340]
                                                                 
[PERF][train] samples(local/global)=8/8, batches(local/global)=4/4, samples/s(local/global)=12.6/12.6, ms/batch(local)=159.1, data_wait=1.9%, compute=97.9%, non_finite_skips(local)=0

val:   0%|          | 0/4 [00:00<?, ?it/s]
val:   0%|          | 0/4 [00:00<?, ?it/s, loss=0.0167]
val:   0%|          | 0/4 [00:00<?, ?it/s, loss=0.0123]
val:   0%|          | 0/4 [00:00<?, ?it/s, loss=0.0145]
val:  75%|███████▌  | 3/4 [00:00<00:00, 20.51it/s, loss=0.0145]
val:  75%|███████▌  | 3/4 [00:00<00:00, 20.51it/s, loss=0.0219]
                                                               
[PERF][val] samples(local/global)=8/8, batches(local/global)=4/4, samples/s(local/global)=41.0/41.0, ms/batch(local)=48.8, data_wait=5.9%, compute=93.8%, non_finite_skips(local)=0
[MEM] epoch=187 RAM(before/after)=1412.6/1412.6MB | GPU mem: gpu0 alloc=24.8MB resv=7092.0MB peak=5388.2MB
Epoch 187: train_loss=0.016051, val_loss=0.016348, lr=0.00100000

Epoch 188/200

train:   0%|          | 0/4 [00:00<?, ?it/s]
train:   0%|          | 0/4 [00:00<?, ?it/s, loss=0.0105]
train:  25%|██▌       | 1/4 [00:00<00:00,  6.21it/s, loss=0.0105]
train:  25%|██▌       | 1/4 [00:00<00:00,  6.21it/s, loss=0.0204]
train:  50%|█████     | 2/4 [00:00<00:00,  6.26it/s, loss=0.0204]
train:  50%|█████     | 2/4 [00:00<00:00,  6.26it/s, loss=0.0211]
train:  75%|███████▌  | 3/4 [00:00<00:00,  6.30it/s, loss=0.0211]
train:  75%|███████▌  | 3/4 [00:00<00:00,  6.30it/s, loss=0.0116]
train: 100%|██████████| 4/4 [00:00<00:00,  6.31it/s, loss=0.0116]
                                                                 
[PERF][train] samples(local/global)=8/8, batches(local/global)=4/4, samples/s(local/global)=12.6/12.6, ms/batch(local)=159.1, data_wait=1.9%, compute=97.9%, non_finite_skips(local)=0

val:   0%|          | 0/4 [00:00<?, ?it/s]
val:   0%|          | 0/4 [00:00<?, ?it/s, loss=0.0167]
val:   0%|          | 0/4 [00:00<?, ?it/s, loss=0.0121]
val:   0%|          | 0/4 [00:00<?, ?it/s, loss=0.0144]
val:  75%|███████▌  | 3/4 [00:00<00:00, 20.68it/s, loss=0.0144]
val:  75%|███████▌  | 3/4 [00:00<00:00, 20.68it/s, loss=0.0220]
                                                               
[PERF][val] samples(local/global)=8/8, batches(local/global)=4/4, samples/s(local/global)=41.4/41.4, ms/batch(local)=48.3, data_wait=5.5%, compute=94.2%, non_finite_skips(local)=0
[MEM] epoch=188 RAM(before/after)=1412.6/1412.6MB | GPU mem: gpu0 alloc=24.8MB resv=7092.0MB peak=5388.2MB
Epoch 188: train_loss=0.015897, val_loss=0.016298, lr=0.00100000

Epoch 189/200

train:   0%|          | 0/4 [00:00<?, ?it/s]
train:   0%|          | 0/4 [00:00<?, ?it/s, loss=0.0163]
train:  25%|██▌       | 1/4 [00:00<00:00,  6.24it/s, loss=0.0163]
train:  25%|██▌       | 1/4 [00:00<00:00,  6.24it/s, loss=0.0292]
train:  50%|█████     | 2/4 [00:00<00:00,  6.29it/s, loss=0.0292]
train:  50%|█████     | 2/4 [00:00<00:00,  6.29it/s, loss=0.0120]
train:  75%|███████▌  | 3/4 [00:00<00:00,  6.29it/s, loss=0.0120]
train:  75%|███████▌  | 3/4 [00:00<00:00,  6.29it/s, loss=0.0065]
train: 100%|██████████| 4/4 [00:00<00:00,  6.28it/s, loss=0.0065]
                                                                 
[PERF][train] samples(local/global)=8/8, batches(local/global)=4/4, samples/s(local/global)=12.5/12.5, ms/batch(local)=159.4, data_wait=2.0%, compute=97.8%, non_finite_skips(local)=0

val:   0%|          | 0/4 [00:00<?, ?it/s]
val:   0%|          | 0/4 [00:00<?, ?it/s, loss=0.0165]
val:   0%|          | 0/4 [00:00<?, ?it/s, loss=0.0121]
val:   0%|          | 0/4 [00:00<?, ?it/s, loss=0.0146]
val:  75%|███████▌  | 3/4 [00:00<00:00, 20.75it/s, loss=0.0146]
val:  75%|███████▌  | 3/4 [00:00<00:00, 20.75it/s, loss=0.0218]
                                                               
[PERF][val] samples(local/global)=8/8, batches(local/global)=4/4, samples/s(local/global)=41.4/41.4, ms/batch(local)=48.4, data_wait=5.3%, compute=94.4%, non_finite_skips(local)=0
[MEM] epoch=189 RAM(before/after)=1412.6/1412.6MB | GPU mem: gpu0 alloc=24.8MB resv=7092.0MB peak=5388.2MB
Epoch 189: train_loss=0.016002, val_loss=0.016244, lr=0.00100000
Updated best model: /home/nis/jinrui.yang/EaBNet_light/logs_cbam_flat_projection64/overfit8_lr1e3_20260924_161645/best/best_model.pt (val_loss=0.016244)

Epoch 190/200

train:   0%|          | 0/4 [00:00<?, ?it/s]
train:   0%|          | 0/4 [00:00<?, ?it/s, loss=0.0140]
train:  25%|██▌       | 1/4 [00:00<00:00,  6.19it/s, loss=0.0140]
train:  25%|██▌       | 1/4 [00:00<00:00,  6.19it/s, loss=0.0081]
train:  50%|█████     | 2/4 [00:00<00:00,  6.24it/s, loss=0.0081]
train:  50%|█████     | 2/4 [00:00<00:00,  6.24it/s, loss=0.0198]
train:  75%|███████▌  | 3/4 [00:00<00:00,  6.30it/s, loss=0.0198]
train:  75%|███████▌  | 3/4 [00:00<00:00,  6.30it/s, loss=0.0219]
train: 100%|██████████| 4/4 [00:00<00:00,  6.33it/s, loss=0.0219]
                                                                 
[PERF][train] samples(local/global)=8/8, batches(local/global)=4/4, samples/s(local/global)=12.6/12.6, ms/batch(local)=158.8, data_wait=2.0%, compute=97.9%, non_finite_skips(local)=0

val:   0%|          | 0/4 [00:00<?, ?it/s]
val:   0%|          | 0/4 [00:00<?, ?it/s, loss=0.0166]
val:   0%|          | 0/4 [00:00<?, ?it/s, loss=0.0121]
val:   0%|          | 0/4 [00:00<?, ?it/s, loss=0.0145]
val:  75%|███████▌  | 3/4 [00:00<00:00, 20.63it/s, loss=0.0145]
val:  75%|███████▌  | 3/4 [00:00<00:00, 20.63it/s, loss=0.0217]
                                                               
[PERF][val] samples(local/global)=8/8, batches(local/global)=4/4, samples/s(local/global)=41.3/41.3, ms/batch(local)=48.4, data_wait=5.5%, compute=94.1%, non_finite_skips(local)=0
[MEM] epoch=190 RAM(before/after)=1412.6/1412.6MB | GPU mem: gpu0 alloc=24.8MB resv=7092.0MB peak=5388.2MB
Epoch 190: train_loss=0.015933, val_loss=0.016235, lr=0.00100000
Updated best model: /home/nis/jinrui.yang/EaBNet_light/logs_cbam_flat_projection64/overfit8_lr1e3_20260924_161645/best/best_model.pt (val_loss=0.016235)

Epoch 191/200

train:   0%|          | 0/4 [00:00<?, ?it/s]
train:   0%|          | 0/4 [00:00<?, ?it/s, loss=0.0070]
train:  25%|██▌       | 1/4 [00:00<00:00,  6.24it/s, loss=0.0070]
train:  25%|██▌       | 1/4 [00:00<00:00,  6.24it/s, loss=0.0203]
train:  50%|█████     | 2/4 [00:00<00:00,  6.26it/s, loss=0.0203]
train:  50%|█████     | 2/4 [00:00<00:00,  6.26it/s, loss=0.0148]
train:  75%|███████▌  | 3/4 [00:00<00:00,  6.32it/s, loss=0.0148]
train:  75%|███████▌  | 3/4 [00:00<00:00,  6.32it/s, loss=0.0209]
train: 100%|██████████| 4/4 [00:00<00:00,  6.32it/s, loss=0.0209]
                                                                 
[PERF][train] samples(local/global)=8/8, batches(local/global)=4/4, samples/s(local/global)=12.6/12.6, ms/batch(local)=158.7, data_wait=1.8%, compute=98.0%, non_finite_skips(local)=0

val:   0%|          | 0/4 [00:00<?, ?it/s]
val:   0%|          | 0/4 [00:00<?, ?it/s, loss=0.0165]
val:   0%|          | 0/4 [00:00<?, ?it/s, loss=0.0119]
val:   0%|          | 0/4 [00:00<?, ?it/s, loss=0.0143]
val:  75%|███████▌  | 3/4 [00:00<00:00, 20.55it/s, loss=0.0143]
val:  75%|███████▌  | 3/4 [00:00<00:00, 20.55it/s, loss=0.0214]
                                                               
[PERF][val] samples(local/global)=8/8, batches(local/global)=4/4, samples/s(local/global)=41.2/41.2, ms/batch(local)=48.6, data_wait=5.7%, compute=94.1%, non_finite_skips(local)=0
[MEM] epoch=191 RAM(before/after)=1412.6/1412.6MB | GPU mem: gpu0 alloc=24.8MB resv=7092.0MB peak=5388.2MB
Epoch 191: train_loss=0.015768, val_loss=0.016038, lr=0.00100000
Updated best model: /home/nis/jinrui.yang/EaBNet_light/logs_cbam_flat_projection64/overfit8_lr1e3_20260924_161645/best/best_model.pt (val_loss=0.016038)

Epoch 192/200

train:   0%|          | 0/4 [00:00<?, ?it/s]
train:   0%|          | 0/4 [00:00<?, ?it/s, loss=0.0072]
train:  25%|██▌       | 1/4 [00:00<00:00,  6.24it/s, loss=0.0072]
train:  25%|██▌       | 1/4 [00:00<00:00,  6.24it/s, loss=0.0155]
train:  50%|█████     | 2/4 [00:00<00:00,  6.28it/s, loss=0.0155]
train:  50%|█████     | 2/4 [00:00<00:00,  6.28it/s, loss=0.0071]
train:  75%|███████▌  | 3/4 [00:00<00:00,  6.31it/s, loss=0.0071]
train:  75%|███████▌  | 3/4 [00:00<00:00,  6.31it/s, loss=0.0336]
train: 100%|██████████| 4/4 [00:00<00:00,  6.32it/s, loss=0.0336]
                                                                 
[PERF][train] samples(local/global)=8/8, batches(local/global)=4/4, samples/s(local/global)=12.6/12.6, ms/batch(local)=158.7, data_wait=1.9%, compute=98.0%, non_finite_skips(local)=0

val:   0%|          | 0/4 [00:00<?, ?it/s]
val:   0%|          | 0/4 [00:00<?, ?it/s, loss=0.0165]
val:   0%|          | 0/4 [00:00<?, ?it/s, loss=0.0120]
val:   0%|          | 0/4 [00:00<?, ?it/s, loss=0.0144]
val:  75%|███████▌  | 3/4 [00:00<00:00, 20.70it/s, loss=0.0144]
val:  75%|███████▌  | 3/4 [00:00<00:00, 20.70it/s, loss=0.0216]
                                                               
[PERF][val] samples(local/global)=8/8, batches(local/global)=4/4, samples/s(local/global)=41.4/41.4, ms/batch(local)=48.3, data_wait=5.6%, compute=94.2%, non_finite_skips(local)=0
[MEM] epoch=192 RAM(before/after)=1412.6/1413.8MB | GPU mem: gpu0 alloc=24.8MB resv=7092.0MB peak=5388.2MB
Epoch 192: train_loss=0.015850, val_loss=0.016139, lr=0.00100000

Epoch 193/200

train:   0%|          | 0/4 [00:00<?, ?it/s]
train:   0%|          | 0/4 [00:00<?, ?it/s, loss=0.0069]
train:  25%|██▌       | 1/4 [00:00<00:00,  6.24it/s, loss=0.0069]
train:  25%|██▌       | 1/4 [00:00<00:00,  6.24it/s, loss=0.0156]
train:  50%|█████     | 2/4 [00:00<00:00,  6.26it/s, loss=0.0156]
train:  50%|█████     | 2/4 [00:00<00:00,  6.26it/s, loss=0.0251]
train:  75%|███████▌  | 3/4 [00:00<00:00,  6.30it/s, loss=0.0251]
train:  75%|███████▌  | 3/4 [00:00<00:00,  6.30it/s, loss=0.0154]
train: 100%|██████████| 4/4 [00:00<00:00,  6.31it/s, loss=0.0154]
                                                                 
[PERF][train] samples(local/global)=8/8, batches(local/global)=4/4, samples/s(local/global)=12.6/12.6, ms/batch(local)=158.9, data_wait=2.0%, compute=97.9%, non_finite_skips(local)=0

val:   0%|          | 0/4 [00:00<?, ?it/s]
val:   0%|          | 0/4 [00:00<?, ?it/s, loss=0.0165]
val:   0%|          | 0/4 [00:00<?, ?it/s, loss=0.0119]
val:   0%|          | 0/4 [00:00<?, ?it/s, loss=0.0143]
val:  75%|███████▌  | 3/4 [00:00<00:00, 20.72it/s, loss=0.0143]
val:  75%|███████▌  | 3/4 [00:00<00:00, 20.72it/s, loss=0.0214]
                                                               
[PERF][val] samples(local/global)=8/8, batches(local/global)=4/4, samples/s(local/global)=41.3/41.3, ms/batch(local)=48.4, data_wait=5.3%, compute=94.4%, non_finite_skips(local)=0
[MEM] epoch=193 RAM(before/after)=1413.8/1413.8MB | GPU mem: gpu0 alloc=24.8MB resv=7092.0MB peak=5388.2MB
Epoch 193: train_loss=0.015756, val_loss=0.016005, lr=0.00100000
Updated best model: /home/nis/jinrui.yang/EaBNet_light/logs_cbam_flat_projection64/overfit8_lr1e3_20260924_161645/best/best_model.pt (val_loss=0.016005)

Epoch 194/200

train:   0%|          | 0/4 [00:00<?, ?it/s]
train:   0%|          | 0/4 [00:00<?, ?it/s, loss=0.0104]
train:  25%|██▌       | 1/4 [00:00<00:00,  6.24it/s, loss=0.0104]
train:  25%|██▌       | 1/4 [00:00<00:00,  6.24it/s, loss=0.0040]
train:  50%|█████     | 2/4 [00:00<00:00,  6.28it/s, loss=0.0040]
train:  50%|█████     | 2/4 [00:00<00:00,  6.28it/s, loss=0.0202]
train:  75%|███████▌  | 3/4 [00:00<00:00,  6.32it/s, loss=0.0202]
train:  75%|███████▌  | 3/4 [00:00<00:00,  6.32it/s, loss=0.0293]
train: 100%|██████████| 4/4 [00:00<00:00,  6.33it/s, loss=0.0293]
                                                                 
[PERF][train] samples(local/global)=8/8, batches(local/global)=4/4, samples/s(local/global)=12.6/12.6, ms/batch(local)=158.4, data_wait=1.9%, compute=98.0%, non_finite_skips(local)=0

val:   0%|          | 0/4 [00:00<?, ?it/s]
val:   0%|          | 0/4 [00:00<?, ?it/s, loss=0.0165]
val:   0%|          | 0/4 [00:00<?, ?it/s, loss=0.0122]
val:   0%|          | 0/4 [00:00<?, ?it/s, loss=0.0143]
val:  75%|███████▌  | 3/4 [00:00<00:00, 20.67it/s, loss=0.0143]
val:  75%|███████▌  | 3/4 [00:00<00:00, 20.67it/s, loss=0.0215]
                                                               
[PERF][val] samples(local/global)=8/8, batches(local/global)=4/4, samples/s(local/global)=41.3/41.3, ms/batch(local)=48.5, data_wait=5.5%, compute=94.2%, non_finite_skips(local)=0
[MEM] epoch=194 RAM(before/after)=1413.8/1412.8MB | GPU mem: gpu0 alloc=24.8MB resv=7092.0MB peak=5388.2MB
Epoch 194: train_loss=0.015966, val_loss=0.016128, lr=0.00100000

Epoch 195/200

train:   0%|          | 0/4 [00:00<?, ?it/s]
train:   0%|          | 0/4 [00:00<?, ?it/s, loss=0.0335]
train:  25%|██▌       | 1/4 [00:00<00:00,  6.26it/s, loss=0.0335]
train:  25%|██▌       | 1/4 [00:00<00:00,  6.26it/s, loss=0.0107]
train:  50%|█████     | 2/4 [00:00<00:00,  6.28it/s, loss=0.0107]
train:  50%|█████     | 2/4 [00:00<00:00,  6.28it/s, loss=0.0080]
train:  75%|███████▌  | 3/4 [00:00<00:00,  6.31it/s, loss=0.0080]
train:  75%|███████▌  | 3/4 [00:00<00:00,  6.31it/s, loss=0.0115]
train: 100%|██████████| 4/4 [00:00<00:00,  6.32it/s, loss=0.0115]
                                                                 
[PERF][train] samples(local/global)=8/8, batches(local/global)=4/4, samples/s(local/global)=12.6/12.6, ms/batch(local)=158.7, data_wait=1.9%, compute=97.9%, non_finite_skips(local)=0

val:   0%|          | 0/4 [00:00<?, ?it/s]
val:   0%|          | 0/4 [00:00<?, ?it/s, loss=0.0170]
val:   0%|          | 0/4 [00:00<?, ?it/s, loss=0.0125]
val:   0%|          | 0/4 [00:00<?, ?it/s, loss=0.0150]
val:  75%|███████▌  | 3/4 [00:00<00:00, 20.60it/s, loss=0.0150]
val:  75%|███████▌  | 3/4 [00:00<00:00, 20.60it/s, loss=0.0242]
                                                               
[PERF][val] samples(local/global)=8/8, batches(local/global)=4/4, samples/s(local/global)=41.3/41.3, ms/batch(local)=48.5, data_wait=5.6%, compute=94.1%, non_finite_skips(local)=0
[MEM] epoch=195 RAM(before/after)=1412.8/1412.6MB | GPU mem: gpu0 alloc=24.8MB resv=7092.0MB peak=5388.2MB
Epoch 195: train_loss=0.015944, val_loss=0.017165, lr=0.00100000

Epoch 196/200

train:   0%|          | 0/4 [00:00<?, ?it/s]
train:   0%|          | 0/4 [00:00<?, ?it/s, loss=0.0144]
train:  25%|██▌       | 1/4 [00:00<00:00,  6.22it/s, loss=0.0144]
train:  25%|██▌       | 1/4 [00:00<00:00,  6.22it/s, loss=0.0040]
train:  50%|█████     | 2/4 [00:00<00:00,  6.25it/s, loss=0.0040]
train:  50%|█████     | 2/4 [00:00<00:00,  6.25it/s, loss=0.0205]
train:  75%|███████▌  | 3/4 [00:00<00:00,  6.28it/s, loss=0.0205]
train:  75%|███████▌  | 3/4 [00:00<00:00,  6.28it/s, loss=0.0261]
train: 100%|██████████| 4/4 [00:00<00:00,  6.28it/s, loss=0.0261]
                                                                 
[PERF][train] samples(local/global)=8/8, batches(local/global)=4/4, samples/s(local/global)=12.5/12.5, ms/batch(local)=159.5, data_wait=2.0%, compute=97.9%, non_finite_skips(local)=0

val:   0%|          | 0/4 [00:00<?, ?it/s]
val:   0%|          | 0/4 [00:00<?, ?it/s, loss=0.0167]
val:   0%|          | 0/4 [00:00<?, ?it/s, loss=0.0122]
val:   0%|          | 0/4 [00:00<?, ?it/s, loss=0.0148]
val:  75%|███████▌  | 3/4 [00:00<00:00, 20.63it/s, loss=0.0148]
val:  75%|███████▌  | 3/4 [00:00<00:00, 20.63it/s, loss=0.0223]
                                                               
[PERF][val] samples(local/global)=8/8, batches(local/global)=4/4, samples/s(local/global)=41.2/41.2, ms/batch(local)=48.5, data_wait=5.7%, compute=94.0%, non_finite_skips(local)=0
[MEM] epoch=196 RAM(before/after)=1412.6/1412.6MB | GPU mem: gpu0 alloc=24.8MB resv=7092.0MB peak=5388.2MB
Epoch 196: train_loss=0.016244, val_loss=0.016497, lr=0.00100000

Epoch 197/200

train:   0%|          | 0/4 [00:00<?, ?it/s]
train:   0%|          | 0/4 [00:00<?, ?it/s, loss=0.0080]
train:  25%|██▌       | 1/4 [00:00<00:00,  6.22it/s, loss=0.0080]
train:  25%|██▌       | 1/4 [00:00<00:00,  6.22it/s, loss=0.0234]
train:  50%|█████     | 2/4 [00:00<00:00,  6.25it/s, loss=0.0234]
train:  50%|█████     | 2/4 [00:00<00:00,  6.25it/s, loss=0.0119]
train:  75%|███████▌  | 3/4 [00:00<00:00,  6.30it/s, loss=0.0119]
train:  75%|███████▌  | 3/4 [00:00<00:00,  6.30it/s, loss=0.0215]
train: 100%|██████████| 4/4 [00:00<00:00,  6.30it/s, loss=0.0215]
                                                                 
[PERF][train] samples(local/global)=8/8, batches(local/global)=4/4, samples/s(local/global)=12.6/12.6, ms/batch(local)=159.2, data_wait=1.9%, compute=98.0%, non_finite_skips(local)=0

val:   0%|          | 0/4 [00:00<?, ?it/s]
val:   0%|          | 0/4 [00:00<?, ?it/s, loss=0.0167]
val:   0%|          | 0/4 [00:00<?, ?it/s, loss=0.0126]
val:   0%|          | 0/4 [00:00<?, ?it/s, loss=0.0149]
val:  75%|███████▌  | 3/4 [00:00<00:00, 20.71it/s, loss=0.0149]
val:  75%|███████▌  | 3/4 [00:00<00:00, 20.71it/s, loss=0.0216]
                                                               
[PERF][val] samples(local/global)=8/8, batches(local/global)=4/4, samples/s(local/global)=41.3/41.3, ms/batch(local)=48.4, data_wait=5.4%, compute=94.2%, non_finite_skips(local)=0
[MEM] epoch=197 RAM(before/after)=1412.6/1412.6MB | GPU mem: gpu0 alloc=24.8MB resv=7092.0MB peak=5388.2MB
Epoch 197: train_loss=0.016236, val_loss=0.016460, lr=0.00100000

Epoch 198/200

train:   0%|          | 0/4 [00:00<?, ?it/s]
train:   0%|          | 0/4 [00:00<?, ?it/s, loss=0.0082]
train:  25%|██▌       | 1/4 [00:00<00:00,  6.24it/s, loss=0.0082]
train:  25%|██▌       | 1/4 [00:00<00:00,  6.24it/s, loss=0.0203]
train:  50%|█████     | 2/4 [00:00<00:00,  6.24it/s, loss=0.0203]
train:  50%|█████     | 2/4 [00:00<00:00,  6.24it/s, loss=0.0115]
train:  75%|███████▌  | 3/4 [00:00<00:00,  6.31it/s, loss=0.0115]
train:  75%|███████▌  | 3/4 [00:00<00:00,  6.31it/s, loss=0.0253]
train: 100%|██████████| 4/4 [00:00<00:00,  6.30it/s, loss=0.0253]
                                                                 
[PERF][train] samples(local/global)=8/8, batches(local/global)=4/4, samples/s(local/global)=12.6/12.6, ms/batch(local)=159.1, data_wait=1.9%, compute=97.9%, non_finite_skips(local)=0

val:   0%|          | 0/4 [00:00<?, ?it/s]
val:   0%|          | 0/4 [00:00<?, ?it/s, loss=0.0166]
val:   0%|          | 0/4 [00:00<?, ?it/s, loss=0.0123]
val:   0%|          | 0/4 [00:00<?, ?it/s, loss=0.0145]
val:  75%|███████▌  | 3/4 [00:00<00:00, 20.78it/s, loss=0.0145]
val:  75%|███████▌  | 3/4 [00:00<00:00, 20.78it/s, loss=0.0223]
                                                               
[PERF][val] samples(local/global)=8/8, batches(local/global)=4/4, samples/s(local/global)=41.4/41.4, ms/batch(local)=48.3, data_wait=5.0%, compute=94.7%, non_finite_skips(local)=0
[MEM] epoch=198 RAM(before/after)=1412.6/1412.6MB | GPU mem: gpu0 alloc=24.8MB resv=7092.0MB peak=5388.2MB
Epoch 198: train_loss=0.016328, val_loss=0.016427, lr=0.00100000

Epoch 199/200

train:   0%|          | 0/4 [00:00<?, ?it/s]
train:   0%|          | 0/4 [00:00<?, ?it/s, loss=0.0233]
train:  25%|██▌       | 1/4 [00:00<00:00,  6.26it/s, loss=0.0233]
train:  25%|██▌       | 1/4 [00:00<00:00,  6.26it/s, loss=0.0243]
train:  50%|█████     | 2/4 [00:00<00:00,  6.27it/s, loss=0.0243]
train:  50%|█████     | 2/4 [00:00<00:00,  6.27it/s, loss=0.0121]
train:  75%|███████▌  | 3/4 [00:00<00:00,  6.32it/s, loss=0.0121]
train:  75%|███████▌  | 3/4 [00:00<00:00,  6.32it/s, loss=0.0040]
train: 100%|██████████| 4/4 [00:00<00:00,  6.32it/s, loss=0.0040]
                                                                 
[PERF][train] samples(local/global)=8/8, batches(local/global)=4/4, samples/s(local/global)=12.6/12.6, ms/batch(local)=158.7, data_wait=1.9%, compute=98.0%, non_finite_skips(local)=0

val:   0%|          | 0/4 [00:00<?, ?it/s]
val:   0%|          | 0/4 [00:00<?, ?it/s, loss=0.0171]
val:   0%|          | 0/4 [00:00<?, ?it/s, loss=0.0122]
val:   0%|          | 0/4 [00:00<?, ?it/s, loss=0.0148]
val:  75%|███████▌  | 3/4 [00:00<00:00, 20.70it/s, loss=0.0148]
val:  75%|███████▌  | 3/4 [00:00<00:00, 20.70it/s, loss=0.0224]
                                                               
[PERF][val] samples(local/global)=8/8, batches(local/global)=4/4, samples/s(local/global)=41.3/41.3, ms/batch(local)=48.4, data_wait=5.5%, compute=94.2%, non_finite_skips(local)=0
[MEM] epoch=199 RAM(before/after)=1412.6/1412.6MB | GPU mem: gpu0 alloc=24.8MB resv=7092.0MB peak=5388.2MB
Epoch 199: train_loss=0.015931, val_loss=0.016605, lr=0.00100000

Epoch 200/200

train:   0%|          | 0/4 [00:00<?, ?it/s]
train:   0%|          | 0/4 [00:00<?, ?it/s, loss=0.0253]
train:  25%|██▌       | 1/4 [00:00<00:00,  6.25it/s, loss=0.0253]
train:  25%|██▌       | 1/4 [00:00<00:00,  6.25it/s, loss=0.0086]
train:  50%|█████     | 2/4 [00:00<00:00,  6.29it/s, loss=0.0086]
train:  50%|█████     | 2/4 [00:00<00:00,  6.29it/s, loss=0.0111]
train:  75%|███████▌  | 3/4 [00:00<00:00,  6.33it/s, loss=0.0111]
train:  75%|███████▌  | 3/4 [00:00<00:00,  6.33it/s, loss=0.0190]
train: 100%|██████████| 4/4 [00:00<00:00,  6.34it/s, loss=0.0190]
                                                                 
[PERF][train] samples(local/global)=8/8, batches(local/global)=4/4, samples/s(local/global)=12.6/12.6, ms/batch(local)=158.2, data_wait=1.8%, compute=98.0%, non_finite_skips(local)=0

val:   0%|          | 0/4 [00:00<?, ?it/s]
val:   0%|          | 0/4 [00:00<?, ?it/s, loss=0.0167]
val:   0%|          | 0/4 [00:00<?, ?it/s, loss=0.0122]
val:   0%|          | 0/4 [00:00<?, ?it/s, loss=0.0144]
val:  75%|███████▌  | 3/4 [00:00<00:00, 20.45it/s, loss=0.0144]
val:  75%|███████▌  | 3/4 [00:00<00:00, 20.45it/s, loss=0.0220]
                                                               
[PERF][val] samples(local/global)=8/8, batches(local/global)=4/4, samples/s(local/global)=40.9/40.9, ms/batch(local)=48.9, data_wait=6.2%, compute=93.5%, non_finite_skips(local)=0
[MEM] epoch=200 RAM(before/after)=1412.6/1413.8MB | GPU mem: gpu0 alloc=24.8MB resv=7092.0MB peak=5388.2MB
Epoch 200: train_loss=0.016005, val_loss=0.016331, lr=0.00100000

Training finished.
